tree
version=v4
num_class=5
num_tree_per_iteration=5
label_index=0
max_feature_idx=121
objective=multiclass num_class:5
feature_names=spatial__gfs_tp_24h__domain__area_weighted_mean spatial__gfs_prmsl_mean__domain__area_weighted_mean spatial__gfs_2t_mean__domain__area_weighted_mean spatial__gfs_2d_mean__domain__area_weighted_mean spatial__gfs_10u_mean__domain__area_weighted_mean spatial__gfs_10v_mean__domain__area_weighted_mean spatial__gfs_pwat_mean__domain__area_weighted_mean spatial__gfs_wind_speed__domain__area_weighted_mean spatial__era5_msl_mean__domain__area_weighted_mean spatial__era5_t2m_mean__domain__area_weighted_mean spatial__era5_d2m_mean__domain__area_weighted_mean spatial__era5_u10_mean__domain__area_weighted_mean spatial__era5_v10_mean__domain__area_weighted_mean spatial__era5_tcwv_mean__domain__area_weighted_mean spatial__era5_wind_speed__domain__area_weighted_mean spatial__gfs_tp_24h__depression_track__area_weighted_mean spatial__gfs_prmsl_mean__depression_track__area_weighted_mean spatial__gfs_2t_mean__depression_track__area_weighted_mean spatial__gfs_2d_mean__depression_track__area_weighted_mean spatial__gfs_10u_mean__depression_track__area_weighted_mean spatial__gfs_10v_mean__depression_track__area_weighted_mean spatial__gfs_pwat_mean__depression_track__area_weighted_mean spatial__gfs_wind_speed__depression_track__area_weighted_mean spatial__era5_msl_mean__depression_track__area_weighted_mean spatial__era5_t2m_mean__depression_track__area_weighted_mean spatial__era5_d2m_mean__depression_track__area_weighted_mean spatial__era5_u10_mean__depression_track__area_weighted_mean spatial__era5_v10_mean__depression_track__area_weighted_mean spatial__era5_tcwv_mean__depression_track__area_weighted_mean spatial__era5_wind_speed__depression_track__area_weighted_mean spatial__gfs_tp_24h__central_india__area_weighted_mean spatial__gfs_prmsl_mean__central_india__area_weighted_mean spatial__gfs_2t_mean__central_india__area_weighted_mean spatial__gfs_2d_mean__central_india__area_weighted_mean spatial__gfs_10u_mean__central_india__area_weighted_mean spatial__gfs_10v_mean__central_india__area_weighted_mean spatial__gfs_pwat_mean__central_india__area_weighted_mean spatial__gfs_wind_speed__central_india__area_weighted_mean spatial__era5_msl_mean__central_india__area_weighted_mean spatial__era5_t2m_mean__central_india__area_weighted_mean spatial__era5_d2m_mean__central_india__area_weighted_mean spatial__era5_u10_mean__central_india__area_weighted_mean spatial__era5_v10_mean__central_india__area_weighted_mean spatial__era5_tcwv_mean__central_india__area_weighted_mean spatial__era5_wind_speed__central_india__area_weighted_mean spatial__gfs_tp_24h__arabian_sea_gateway__area_weighted_mean spatial__gfs_prmsl_mean__arabian_sea_gateway__area_weighted_mean spatial__gfs_2t_mean__arabian_sea_gateway__area_weighted_mean spatial__gfs_2d_mean__arabian_sea_gateway__area_weighted_mean spatial__gfs_10u_mean__arabian_sea_gateway__area_weighted_mean spatial__gfs_10v_mean__arabian_sea_gateway__area_weighted_mean spatial__gfs_pwat_mean__arabian_sea_gateway__area_weighted_mean spatial__gfs_wind_speed__arabian_sea_gateway__area_weighted_mean spatial__era5_msl_mean__arabian_sea_gateway__area_weighted_mean spatial__era5_t2m_mean__arabian_sea_gateway__area_weighted_mean spatial__era5_d2m_mean__arabian_sea_gateway__area_weighted_mean spatial__era5_u10_mean__arabian_sea_gateway__area_weighted_mean spatial__era5_v10_mean__arabian_sea_gateway__area_weighted_mean spatial__era5_tcwv_mean__arabian_sea_gateway__area_weighted_mean spatial__era5_wind_speed__arabian_sea_gateway__area_weighted_mean spatial__gfs_tp_24h__western_ghats__area_weighted_mean spatial__gfs_prmsl_mean__western_ghats__area_weighted_mean spatial__gfs_2t_mean__western_ghats__area_weighted_mean spatial__gfs_2d_mean__western_ghats__area_weighted_mean spatial__gfs_10u_mean__western_ghats__area_weighted_mean spatial__gfs_10v_mean__western_ghats__area_weighted_mean spatial__gfs_pwat_mean__western_ghats__area_weighted_mean spatial__gfs_wind_speed__western_ghats__area_weighted_mean spatial__era5_msl_mean__western_ghats__area_weighted_mean spatial__era5_t2m_mean__western_ghats__area_weighted_mean spatial__era5_d2m_mean__western_ghats__area_weighted_mean spatial__era5_u10_mean__western_ghats__area_weighted_mean spatial__era5_v10_mean__western_ghats__area_weighted_mean spatial__era5_tcwv_mean__western_ghats__area_weighted_mean spatial__era5_wind_speed__western_ghats__area_weighted_mean spatial__gfs_tp_24h__northwest_india__area_weighted_mean spatial__gfs_prmsl_mean__northwest_india__area_weighted_mean spatial__gfs_2t_mean__northwest_india__area_weighted_mean spatial__gfs_2d_mean__northwest_india__area_weighted_mean spatial__gfs_10u_mean__northwest_india__area_weighted_mean spatial__gfs_10v_mean__northwest_india__area_weighted_mean spatial__gfs_pwat_mean__northwest_india__area_weighted_mean spatial__gfs_wind_speed__northwest_india__area_weighted_mean spatial__era5_msl_mean__northwest_india__area_weighted_mean spatial__era5_t2m_mean__northwest_india__area_weighted_mean spatial__era5_d2m_mean__northwest_india__area_weighted_mean spatial__era5_u10_mean__northwest_india__area_weighted_mean spatial__era5_v10_mean__northwest_india__area_weighted_mean spatial__era5_tcwv_mean__northwest_india__area_weighted_mean spatial__era5_wind_speed__northwest_india__area_weighted_mean spatial__gfs_tp_24h__himalayan_foothills__area_weighted_mean spatial__gfs_prmsl_mean__himalayan_foothills__area_weighted_mean spatial__gfs_2t_mean__himalayan_foothills__area_weighted_mean spatial__gfs_2d_mean__himalayan_foothills__area_weighted_mean spatial__gfs_10u_mean__himalayan_foothills__area_weighted_mean spatial__gfs_10v_mean__himalayan_foothills__area_weighted_mean spatial__gfs_pwat_mean__himalayan_foothills__area_weighted_mean spatial__gfs_wind_speed__himalayan_foothills__area_weighted_mean spatial__era5_msl_mean__himalayan_foothills__area_weighted_mean spatial__era5_t2m_mean__himalayan_foothills__area_weighted_mean spatial__era5_d2m_mean__himalayan_foothills__area_weighted_mean spatial__era5_u10_mean__himalayan_foothills__area_weighted_mean spatial__era5_v10_mean__himalayan_foothills__area_weighted_mean spatial__era5_tcwv_mean__himalayan_foothills__area_weighted_mean spatial__era5_wind_speed__himalayan_foothills__area_weighted_mean synoptic__trough_mean_latitude synoptic__trough_latitude_departure synoptic__trough_min_pressure_hpa synoptic__trough_pressure_gradient_hpa synoptic__low_latitude_inflow_speed_ms synoptic__low_latitude_inflow_zonal_ms synoptic__low_latitude_inflow_meridional_ms synoptic__low_latitude_kinetic_energy synoptic__mfc_domain_mean_mm_day synoptic__mfc_central_india_mean_mm_day synoptic__depression_mslp_anomaly_hpa synoptic__depression_max_vorticity_s1 synoptic__orographic_ghats_zonal_flux synoptic__nw_india_min_mslp_hpa synoptic__nw_india_mean_pwat_mm synoptic__domain_mean_pwat_mm synoptic__domain_mean_mslp_hpa
feature_infos=[3.2282333374023438:12.694256782531738] [1002.084716796875:1010.6459350585938] [21.686447143554688:25.529069900512695] [12.772555351257324:18.907783508300781] [0.56352674961090088:4.3488950729370117] [-0.18385539948940277:3.0834240913391113] [34.987998962402344:49.627986907958984] [2.7152714729309082:6.2646903991699219] [1002.084716796875:1010.6459350585938] [21.686447143554688:25.529069900512695] [12.772555351257324:18.907783508300781] [0.56352674961090088:4.3488950729370117] [-0.18385539948940277:3.0834240913391113] [34.987998962402344:49.627986907958984] [2.7152714729309082:6.2646903991699219] [0.25412744283676147:28.132192611694336] [996.51458740234375:1008.2766723632812] [25.277027130126953:33.425937652587891] [16.291023254394531:23.787857055664062] [-2.5019423961639404:6.0874133110046387] [-1.185917854309082:4.5668506622314453] [37.920841217041016:65.937957763671875] [1.450981616973877:7.4015102386474609] [996.51458740234375:1008.2766723632812] [25.277027130126953:33.425937652587891] [16.291023254394531:23.787857055664062] [-2.5019423961639404:6.0874133110046387] [-1.185917854309082:4.5668506622314453] [37.920841217041016:65.937957763671875] [1.450981616973877:7.4015102386474609] [0.00096641085110604763:36.207637786865234] [995.99407958984375:1008.3447875976562] [23.482231140136719:36.031303405761719] [8.4880571365356445:23.190780639648438] [-2.4178779125213623:5.2685422897338867] [-1.5276252031326294:3.2384696006774902] [26.331077575683594:64.164222717285156] [1.1202441453933716:5.8448200225830078] [995.99407958984375:1008.3447875976562] [23.482231140136719:36.031303405761719] [8.4880571365356445:23.190780639648438] [-2.4178779125213623:5.2685422897338867] [-1.5276252031326294:3.2384696006774902] [26.331077575683594:64.164222717285156] [1.1202441453933716:5.8448200225830078] [0.10889454185962677:43.787563323974609] [1007.1273193359375:1012.9016723632812] [25.494184494018555:28.332916259765625] [21.751306533813477:24.012323379516602] [1.7042062282562256:10.75844669342041] [-4.9759106636047363:3.942854642868042] [40.369907379150391:59.876808166503906] [3.0804069042205811:10.860490798950195] [1007.1273193359375:1012.9016723632812] [25.494184494018555:28.332916259765625] [21.751306533813477:24.012323379516602] [1.7042062282562256:10.75844669342041] [-4.9759106636047363:3.942854642868042] [40.369907379150391:59.876808166503906] [3.0804069042205811:10.860490798950195] [0.72853600978851318:60.035896301269531] [1004.0906982421875:1011.5809326171875] [24.558618545532227:28.700813293457031] [20.439393997192383:23.421422958374023] [-0.1461091935634613:9.3299875259399414] [-4.042363166809082:3.7996838092803955] [36.675163269042969:61.421199798583984] [2.3825650215148926:9.5218715667724609] [1004.0906982421875:1011.5809326171875] [24.558618545532227:28.700813293457031] [20.439393997192383:23.421422958374023] [-0.1461091935634613:9.3299875259399414] [-4.042363166809082:3.7996838092803955] [36.675163269042969:61.421199798583984] [2.3825650215148926:9.5218715667724609] [0.043901346623897552:25.804695129394531] [996.93212890625:1011.5736694335938] [17.21612548828125:28.021234512329102] [-4.844489574432373:16.106668472290039] [-2.0331683158874512:2.6163277626037598] [-0.8655666708946228:2.1624805927276611] [9.8658208847045898:47.2642822265625] [1.2824089527130127:3.5049088001251221] [996.93212890625:1011.5736694335938] [17.21612548828125:28.021234512329102] [-4.844489574432373:16.106668472290039] [-2.0331683158874512:2.6163277626037598] [-0.8655666708946228:2.1624805927276611] [9.8658208847045898:47.2642822265625] [1.2824089527130127:3.5049088001251221] [0.43324849009513855:27.965587615966797] [999.6007080078125:1012.4772338867188] [16.60816764831543:24.957004547119141] [2.5920112133026123:16.65472412109375] [-3.2996478080749512:1.6302660703659058] [-0.99642986059188843:1.6924659013748169] [17.533649444580078:47.507144927978516] [0.95535808801651001:4.0132975578308105] [999.6007080078125:1012.4772338867188] [16.60816764831543:24.957004547119141] [2.5920112133026123:16.65472412109375] [-3.2996478080749512:1.6302660703659058] [-0.99642986059188843:1.6924659013748169] [17.533649444580078:47.507144927978516] [0.95535808801651001:4.0132975578308105] [18.758771896362305:28.635965347290039] [-3.7412281036376953:6.1359648704528809] [990.3670654296875:1005.8175048828125] [0.938232421875:16.88397216796875] [3.0811793804168701:10.86049747467041] [1.7074954509735107:10.758367538452148] [-4.974370002746582:3.9448916912078857] [6.2292728424072266:63.586814880371094] [2.0393121242523193:12.602482795715332] [-7.9460587501525879:48.330814361572266] [-12.1461181640625:-2.8536376953125] [5.8173318393528461e-05:0.00026900420198217034] [-3.6928563117980957:516.78094482421875] [987.71636962890625:1005.9717407226562] [9.8050107955932617:46.752334594726562] [33.777080535888672:48.534618377685547] [1002.0780639648438:1010.785400390625]
tree_sizes=746 841 845 845 749 876 866 871 872 876 879 868 872 873 887 872 867 874 875 882 875 867 874 874 870 874 869 871 873 873 873 865 870 876 874 871 873 869 872 876 872 875 873 875 879 870 876 875 875 898 870 870 872 875 902 876 874 870 873 878 869 872 875 872 902 869 876 872 868 878 870 868 874 871 902 867 875 876 871 877 871 879 874 873 899 873 873 874 872 881 872 876 880 871 882 870 873 880 873 901 875 879 871 871 884 868 875 871 879 882 871 879 873 867 880 867 877 875 868 898 869 875 874 873 882 876 875 875 870 881 874 879 871 872 879 875 873 879 878 880 878 884 869 872 881 880 878 872 875 881 874 872 870 873 880 874 878 868 868 879 874 876 871 877 889 870 880 874 878 890 874 875 878 870 892 875 876 873 878 891 873 879 867 877 889 874 877 873 877 897 868 876 875 886 890 875 877 876 886 889 876 876 875 891 893 877 880 873 883 897 873 880 874 884 897 871 881 876 886 894 875 879 876 883 882 870 876 879 876 884 884 881 872 891 888 883 878 881 884 886 873 878 873 883 886 877 888 878 887 888 870 883 880 881 874 881 875 877 883 876 874 887 880 888 885 875 878 882 883 885 880 882 875 876 886 885 882 877 888 888 883 881 880 877 885 880 882 879 881 887 873 879 881 876 886 878 879 880 882 888 882 885 877 872 891 881 892 879 886 888 882 873 880 887 890 887 884 878 878 888 879 886 879 885 887 877 886 877 892 890 876 879 880 880 891 882 880 880 883 887 876 888 880 891 883 890 879 880 878 890 882 877 878 887 890 880 880 881 890 888

Tree=0
num_leaves=6
num_cat=0
split_feature=105 49 105 47 0
split_gain=58.834 22.6469 10.984 17.1004 3.55271e-15
threshold=22.032894134521488 8.8726692199707049 25.364035606384281 27.323908805847172 7.6476786136627206
decision_type=2 2 2 2 2
left_child=-1 2 3 -2 -4
right_child=1 -3 4 -5 -6
leaf_value=-1.518748228201616 -1.6252875364791295 -1.5316555904578701 -1.6394378837355674 -1.553789145479495 -1.6394378837355674
leaf_weight=5.6849747896194449 12.121922463178636 2.3871650025248519 14.574770241975786 4.005415976047515 9.8257523030042631
leaf_count=12 24 6 131 10 60
internal_value=-1.60944 -1.62145 -1.62674 -1.60753 -1.63944
internal_weight=48.6 42.915 40.5279 16.1273 24.4005
internal_count=243 231 225 34 191
is_linear=0
shrinkage=1


Tree=1
num_leaves=7
num_cat=0
split_feature=62 105 16 6 95 105
split_gain=67.1309 22.6921 23.733 34.0102 4.55183 1.06042
threshold=26.343309402465824 26.151315689086918 1003.1360168457032 39.013589859008796 0.88864725828170787 25.364035606384281
decision_type=2 2 2 2 2 2
left_child=1 5 4 -4 -3 -1
right_child=-2 2 3 -5 -6 -7
leaf_value=-1.6394379217549917 -1.4894379217549916 -1.6330856286469617 -1.6394379217549917 -1.4997380582835833 -1.5849455453384407 -1.6253497405696244
leaf_weight=21.812312364578251 3.8622513413429251 7.6001124233007449 2.4299998283386222 4.423484742641449 2.30349962413311 6.1683374196290961
leaf_count=46 60 27 2 65 18 25
internal_value=-1.60944 -1.6198 -1.59219 -1.54927 -1.62189 -1.63633
internal_weight=48.6 44.7377 16.7571 6.85348 9.90361 27.9806
internal_count=243 183 112 67 45 71
is_linear=0
shrinkage=1


Tree=2
num_leaves=7
num_cat=0
split_feature=115 65 30 45 63 50
split_gain=105.373 16.0963 11.3025 13.7069 4.11203 6.72533
threshold=-8.5019531249999982 -0.81538939476013172 13.656975269317629 3.7947007417678837 22.877683639526371 -0.8594989776611327
decision_type=2 2 2 2 2 2
left_child=1 -1 4 -4 -2 -6
right_child=2 -3 3 -5 5 -7
leaf_value=-1.5938536896563182 -1.6381945444762451 -1.4936615726991274 -1.4976538824341246 -1.6158999005328942 -1.6394379205285585 -1.5176637253993721
leaf_weight=1.827699691057205 33.503252908587456 6.8582553416490537 1.1752279847860325 3.5395621508359909 1.0118293911218641 0.68417027592658897
leaf_count=6 175 27 5 14 12 4
internal_value=-1.60944 -1.51474 -1.63004 -1.58643 -1.63589 -1.59031
internal_weight=48.6 8.68596 39.914 4.71479 35.1993 1.696
internal_count=243 33 210 19 191 16
is_linear=0
shrinkage=1


Tree=3
num_leaves=7
num_cat=0
split_feature=67 115 19 95 46 61
split_gain=66.3061 39.5718 19.1416 5.32191 5.14227 3.43446
threshold=6.9457876682281503 -7.6229553222656241 -0.3671190589666366 1.2058612704277041 1009.3297424316407 1006.1481018066407
decision_type=2 2 2 2 2 2
left_child=3 -2 -3 5 -4 -1
right_child=1 2 4 -5 -6 -7
leaf_value=-1.5999292879332507 -1.6295642413122542 -1.6394379180756924 -1.494059227398616 -1.5763459956778427 -1.5427885915889283 -1.6379188902353394
leaf_weight=2.3064579367637625 4.6145420670509329 1.1435294151306141 6.2681121379137021 1.4443210810422886 2.8285244256258011 29.994510680437088
leaf_count=6 17 2 23 15 15 165
internal_value=-1.60944 -1.55662 -1.52375 -1.63269 -1.50921 -1.63521
internal_weight=48.6 14.8547 10.2402 33.7453 9.09664 32.301
internal_count=243 57 40 186 38 171
is_linear=0
shrinkage=1


Tree=4
num_leaves=6
num_cat=0
split_feature=7 20 76 118 21
split_gain=133.455 29.4193 8.99213 14.8271 7.10543e-15
threshold=3.4627109766006474 -0.49895581603050226 1009.4054565429689 1002.9492187500001 57.528812408447273
decision_type=2 2 2 2 2
left_child=2 -2 3 -1 -3
right_child=1 4 -4 -5 -6
leaf_value=-1.6394379180756924 -1.4894379180756925 -1.6394379180756924 -1.4957804127250949 -1.4894379180756925 -1.6394379180756924
leaf_weight=1.158675402402876 1.2149999141693104 7.1910699754953376 7.611853763461113 1.2149999141693115 30.208398774266243
leaf_count=18 1 74 11 1 138
internal_value=-1.60944 -1.63472 -1.51168 -1.56266 -1.63944
internal_weight=48.6 38.6145 9.98553 2.37368 37.3995
internal_count=243 213 30 19 212
is_linear=0
shrinkage=1


Tree=5
num_leaves=7
num_cat=0
split_feature=105 45 0 79 50 105
split_gain=52.3939 21.5181 12.8994 9.1905 29.8857 5.8601e-05
threshold=22.032894134521488 13.551883220672609 9.3372182846069354 -0.5400867462158202 -2.032910823822021 25.500000000000004
decision_type=2 2 2 2 2 2
left_child=-1 3 -3 4 -2 -5
right_child=1 2 -4 5 -6 -7
leaf_value=0.082540043006354133 0.085156089804237056 -0.029818469274967795 0.08772543361984915 -0.029891700854473104 -0.02210659099620628 -0.029780159158683095
leaf_weight=6.0591781735420218 2.9691343158483496 1.1825548522174347 2.9028700292110443 5.4567327052354839 10.994791094213722 18.997092962265015
leaf_count=12 13 15 8 11 42 142
internal_value=9.33704e-06 -0.0117561 0.0537015 -0.018717 0.000700556 -0.029805
internal_weight=48.5624 42.5032 4.08542 38.4178 13.9639 24.4538
internal_count=243 231 23 208 55 153
is_linear=0
shrinkage=0.03


Tree=6
num_leaves=7
num_cat=0
split_feature=62 105 16 31 64 15
split_gain=59.6871 16.2872 18.1056 26.7555 13.5089 3.92502
threshold=26.135748863220218 26.151315689086918 1003.221405029297 1007.8325195312501 7.1256220340728769 5.2789390087127694
decision_type=2 2 2 2 2 2
left_child=1 -1 5 -4 -2 -3
right_child=4 2 3 -5 -6 -7
leaf_value=-0.026600169024853116 0.10766861243934948 0.11656794307475177 0.096889113328839857 -0.0297730424553979 -0.011276174948226542 -0.018742688523835874
leaf_weight=27.121565125882626 5.0871112272143355 0.19733056426048179 4.0816720575094214 2.3738641738891602 1.0340284183621404 8.6703006997704488
leaf_count=70 73 3 55 2 5 35
internal_value=-1.76656e-06 -0.0126317 0.0120922 0.0503122 0.0875756 -0.0157316
internal_weight=48.5659 42.4447 15.3232 6.45554 6.12114 8.86763
internal_count=243 165 95 57 78 38
is_linear=0
shrinkage=0.03


Tree=7
num_leaves=7
num_cat=0
split_feature=115 65 30 45 63 15
split_gain=94.5033 13.0803 10.8134 11.8801 4.03423 6.24727
threshold=-8.5019531249999982 -0.81538939476013172 13.656975269317629 3.7947007417678837 22.877683639526371 9.0842247009277362
decision_type=2 2 2 2 2 2
left_child=1 -1 4 -4 -2 -6
right_child=2 -3 3 -5 5 -7
leaf_value=0.014868591139738626 -0.028523808048045916 0.10401333687793962 0.10068892376943692 -0.0063926463539141507 -0.029822444585943082 0.086662560023819515
leaf_weight=1.851397171616554 32.79840799793601 7.4124240577220899 1.2669300585985173 3.5321131572127342 0.99223852902650722 0.71151340752840042
leaf_count=6 175 27 5 14 12 4
internal_value=8.23696e-07 0.0861975 -0.0203169 0.0218765 -0.0261857 0.0188235
internal_weight=48.565 9.26382 39.3012 4.79904 34.5022 1.70375
internal_count=243 33 210 19 191 16
is_linear=0
shrinkage=0.03


Tree=8
num_leaves=7
num_cat=0
split_feature=67 115 19 95 66 60
split_gain=61.1361 34.2191 16.282 5.10955 4.42421 3.37125
threshold=6.9457876682281503 -7.6229553222656241 -0.3671190589666366 1.2058612704277041 55.465429306030281 21.348070144653324
decision_type=2 2 2 2 2 2
left_child=3 -2 -3 5 -4 -1
right_child=1 2 4 -5 -6 -7
leaf_value=-0.029784421876331731 -0.019812603181955987 -0.029839492655043629 0.063085928471369943 0.031666209936204837 0.1054836394731699 -0.0031634712056848127
leaf_weight=26.568417921662334 4.5414337962865821 1.1249276995658863 3.4013775736093503 1.4728882312774647 6.3512952029705048 5.1038701310753813
leaf_count=153 17 2 17 15 21 18
internal_value=3.33109e-06 0.0493541 0.0782314 -0.0229545 0.0906969 -0.0254946
internal_weight=48.5642 15.419 10.8776 33.1452 9.75267 31.6723
internal_count=243 57 40 186 38 171
is_linear=0
shrinkage=0.03


Tree=9
num_leaves=7
num_cat=0
split_feature=7 20 105 31 1 115
split_gain=119.3 26.5013 6.85114 18.3635 9.99596e-05 3.42508e-05
threshold=3.4627109766006474 -0.49895581603050226 25.912281036376957 1007.8325195312501 1008.9827575683595 -8.5892028808593732
decision_type=2 2 2 2 2 2
left_child=2 -2 -1 4 -4 -3
right_child=1 5 3 -5 -6 -7
leaf_value=0.10740126515905679 0.10697945941030515 -0.0297227465242728 -0.029750582567866887 0.10372340475772376 -0.03027327691258002 -0.029792843112658285
leaf_weight=6.5885710716247541 1.3214092254638661 8.0441999249160236 0.87822360172867753 2.7072346359491348 0.52680791169404984 28.503016903996471
leaf_count=5 1 30 14 3 8 182
internal_value=-1.17231e-05 -0.0250053 0.0884369 0.0580526 -0.0299466 -0.0297774
internal_weight=48.5695 37.8686 10.7008 4.11227 1.40503 36.5472
internal_count=243 213 30 25 22 212
is_linear=0
shrinkage=0.03


Tree=10
num_leaves=7
num_cat=0
split_feature=105 45 0 79 50 105
split_gain=47.1298 19.9725 11.3186 8.9517 26.8839 6.7732e-05
threshold=22.032894134521488 13.551883220672609 9.3372182846069354 -0.5400867462158202 -2.032910823822021 26.960526466369632
decision_type=2 2 2 2 2 2
left_child=-1 3 -3 4 -2 -5
right_child=1 2 -4 5 -6 -7
leaf_value=0.075899043828484503 0.077761501545755091 -0.029633606753058834 0.080380261404524894 -0.029633523725796453 -0.021819596149027752 -0.029532213575204969
leaf_weight=6.3947428464889517 3.1510104089975348 1.1587746329605568 3.0756097063422203 12.791507109999658 10.812406521290539 11.087081428617237
leaf_count=12 13 15 8 47 42 106
internal_value=1.76596e-05 -0.0115147 0.050274 -0.0184287 0.000652058 -0.0295865
internal_weight=48.4711 42.0764 4.23438 37.842 13.9634 23.8786
internal_count=243 231 23 208 55 153
is_linear=0
shrinkage=0.03


Tree=11
num_leaves=7
num_cat=0
split_feature=62 105 16 31 64 15
split_gain=53.4598 15.7123 16.5278 23.3376 11.2492 3.48321
threshold=26.135748863220218 26.151315689086918 1003.221405029297 1007.8325195312501 7.1256220340728769 5.2789390087127694
decision_type=2 2 2 2 2 2
left_child=1 -1 5 -4 -2 -3
right_child=4 2 3 -5 -6 -7
leaf_value=-0.026350639634592228 0.097324796591125931 0.10412643615631094 0.08835093307959431 -0.029551229336138719 -0.011014691930513696 -0.018398435835993633
leaf_weight=26.579352714121342 5.4559935629367819 0.21406350284814735 4.3432113602757445 2.3170509338378906 1.0245357453823087 8.5264802128076536
leaf_count=70 73 3 55 2 5 35
internal_value=1.32402e-07 -0.0123799 0.0117313 0.0473337 0.0801969 -0.0153977
internal_weight=48.4607 41.9802 15.4008 6.66026 6.48053 8.74054
internal_count=243 165 95 57 78 38
is_linear=0
shrinkage=0.03


Tree=12
num_leaves=7
num_cat=0
split_feature=115 65 63 15 114 30
split_gain=85.2582 10.8024 10.3768 10.4379 7.18174 2.47941
threshold=-8.5019531249999982 -0.81538939476013172 22.877683639526371 9.7100563049316424 33.763025283813484 13.878753662109377
decision_type=2 2 2 2 2 2
left_child=1 -1 4 -4 5 -2
right_child=2 -3 3 -5 -6 -7
leaf_value=0.014240305671591952 -0.02958743990085139 0.094358907452489871 -0.029599890517475778 0.098568358910111176 0.030399877995706627 0.00030572784307371896
leaf_weight=1.8724091202020643 31.571201663464308 7.9255861118435842 1.0301816649734967 1.2854137644171713 2.063811480998992 2.7116429880261412
leaf_count=6 174 27 13 5 7 11
internal_value=3.68953e-06 0.0790481 -0.0200282 0.0415478 -0.0239511 -0.027223
internal_weight=48.4602 9.798 38.6623 2.3156 36.3467 34.2828
internal_count=243 33 210 18 192 185
is_linear=0
shrinkage=0.03


Tree=13
num_leaves=7
num_cat=0
split_feature=67 115 19 95 77 61
split_gain=56.4373 29.8434 13.9677 5.49863 4.37854 3.33087
threshold=6.9457876682281503 -7.6229553222656241 -0.3671190589666366 1.2177402377128603 20.582427978515629 1006.1481018066407
decision_type=2 2 2 2 2 2
left_child=3 -2 -3 5 -4 -1
right_child=1 2 4 -5 -6 -7
leaf_value=0.0094252484131629177 -0.019505762563688047 -0.029649680202718513 -0.030755116776873346 0.036223917986857049 0.086023775054721113 -0.028014856314852326
leaf_weight=2.3098185360431698 4.4696298614144316 1.1023411750793446 0.2975003719329824 1.3674777224659909 10.070036776363848 28.848187129944563
leaf_count=6 17 2 1 13 37 167
internal_value=7.70689e-06 0.0462527 0.0718777 -0.0226552 0.0826728 -0.0252393
internal_weight=48.465 15.9395 11.4699 32.5255 10.3675 31.158
internal_count=243 57 40 186 38 173
is_linear=0
shrinkage=0.03


Tree=14
num_leaves=7
num_cat=0
split_feature=7 20 105 31 108 115
split_gain=107.561 24.0855 5.37784 15.6928 0.000133145 9.12446e-05
threshold=3.4627109766006474 -0.49895581603050226 25.912281036376957 1007.8325195312501 5.2445678710937509 -8.5892028808593732
decision_type=2 2 2 2 2 2
left_child=2 -2 -1 4 -4 -3
right_child=1 5 3 -5 -6 -7
leaf_value=0.096846486590497299 0.096450949135858874 -0.029472320673537562 -0.030061696355600867 0.093653209412396923 -0.029450588884203661 -0.029588275997218277
leaf_weight=7.0774717330932599 1.4193797111511219 7.8216881044208959 0.51571629941463448 2.9032947197556496 0.84929408133029938 27.869401559233669
leaf_count=5 1 30 8 3 14 182
internal_value=-2.91955e-05 -0.0247432 0.0808068 0.0542106 -0.0296815 -0.0295629
internal_weight=48.4562 37.1105 11.3458 4.26831 1.36501 35.6911
internal_count=243 213 30 25 22 212
is_linear=0
shrinkage=0.03


Tree=15
num_leaves=7
num_cat=0
split_feature=105 45 79 50 32 62
split_gain=42.5927 18.5722 8.71274 24.332 6.87955 8.57629
threshold=22.032894134521488 13.551883220672609 -0.5400867462158202 -2.032910823822021 27.899024009704593 25.134136199951175
decision_type=2 2 2 2 2 2
left_child=-1 2 3 -2 5 -3
right_child=1 4 -4 -5 -6 -7
leaf_value=0.070190527344917458 0.071527326433994828 0.10013037168129597 -0.029373368838092304 -0.021532139274653712 0.084417675597374744 -0.030131302194253778
leaf_weight=6.7059460282325736 3.3180911540985099 0.65123075246810858 23.296511709690094 10.629227615892885 2.211162406951189 1.5088203474879263
leaf_count=12 13 1 153 42 6 16
internal_value=2.62305e-05 -0.0112802 -0.0181462 0.000606868 0.0472195 0.00914111
internal_weight=48.321 41.615 37.2438 13.9473 4.37121 2.16005
internal_count=243 231 208 55 23 17
is_linear=0
shrinkage=0.03


Tree=16
num_leaves=7
num_cat=0
split_feature=62 105 16 6 64 15
split_gain=48.2409 15.1461 15.1371 20.5551 9.51761 3.12418
threshold=26.135748863220218 26.151315689086918 1003.221405029297 39.013589859008796 7.1256220340728769 5.2789390087127694
decision_type=2 2 2 2 2 2
left_child=1 -1 5 -4 -2 -3
right_child=4 2 3 -5 -6 -7
leaf_value=-0.026103448364355988 0.088921762884028185 0.094229379837299995 -0.029335846109878622 0.081225138767470201 -0.010719186957020855 -0.01805694520298785
leaf_weight=26.033097870647907 5.7865363582968703 0.22910327464342017 2.2599751949310294 4.5814093947410583 1.0139482393860815 8.3850864060223085
leaf_count=70 73 3 2 55 5 35
internal_value=2.75901e-06 -0.012137 0.0113879 0.0447025 0.0740654 -0.0150706
internal_weight=48.2892 41.4887 15.4556 6.84138 6.80048 8.61419
internal_count=243 165 95 57 78 38
is_linear=0
shrinkage=0.03


Tree=17
num_leaves=7
num_cat=0
split_feature=115 30 45 65 63 49
split_gain=77.4347 9.87164 9.89374 9.12204 3.84271 5.33282
threshold=-8.5019531249999982 13.656975269317629 3.7947007417678837 -0.81538939476013172 22.877683639526371 7.1984705924987802
decision_type=2 2 2 2 2 2
left_child=3 4 -3 -1 -2 -6
right_child=1 2 -4 -5 5 -7
leaf_value=0.013600786334580546 -0.028061448637569038 0.087587785251001596 -0.006737396266294029 0.086496651155042056 -0.029474023106065776 0.076716173938126658
leaf_weight=1.8940034359693516 31.337680503726006 1.3912163674831379 3.5662845335900784 8.3845716714858991 0.95269199460744747 0.76934331282973289
leaf_count=6 175 5 14 27 12 4
internal_value=7.95293e-06 -0.019744 0.0197329 0.0730643 -0.0256638 0.0179679
internal_weight=48.2958 38.0172 4.9575 10.2786 33.0597 1.72204
internal_count=243 210 19 33 191 16
is_linear=0
shrinkage=0.03


Tree=18
num_leaves=7
num_cat=0
split_feature=67 115 19 95 77 60
split_gain=52.3102 26.3029 12.1607 5.2766 3.75617 3.32202
threshold=6.9457876682281503 -7.6229553222656241 -0.3671190589666366 1.2177402377128603 20.582427978515629 21.348070144653324
decision_type=2 2 2 2 2 2
left_child=3 -2 -3 5 -4 -1
right_child=1 2 4 -5 -6 -7
leaf_value=-0.029371975348693447 -0.019197173908285244 -0.029465702234225215 -0.03045729158904956 0.034705957429603765 0.078978811079384564 -0.0027117846969094152
leaf_weight=25.477972812950618 4.397270634770396 1.0798023939132715 0.28997287154197238 1.3944336250424374 10.627694748342035 5.0383138358592978
leaf_count=155 17 2 1 13 37 18
internal_value=1.43368e-05 0.0435688 0.0665735 -0.0223626 0.0760722 -0.0249703
internal_weight=48.3055 16.3947 11.9975 31.9107 10.9177 30.5163
internal_count=243 57 40 186 38 173
is_linear=0
shrinkage=0.03


Tree=19
num_leaves=7
num_cat=0
split_feature=7 20 105 31 108 115
split_gain=97.6955 22.0822 4.32686 13.6014 0.000165512 0.00016107
threshold=3.4627109766006474 -0.49895581603050226 25.912281036376957 1007.8325195312501 5.2445678710937509 -8.5892028808593732
decision_type=2 2 2 2 2 2
left_child=2 -2 -1 4 -4 -3
right_child=1 5 3 -5 -6 -7
leaf_value=0.088322209047037858 0.08794733771563322 -0.029235153659106075 -0.029865392766191243 0.085475781775062709 -0.029175240265055347 -0.029391334058850232
leaf_weight=7.5137747526168805 1.5067617893218983 7.6017183624207929 0.50504417344927766 3.0787175595760345 0.82133666425943375 27.235870797187093
leaf_count=5 1 30 8 3 14 182
internal_value=-5.13301e-05 -0.024494 0.0744821 0.0508751 -0.029438 -0.0293573
internal_weight=48.2632 36.3444 11.9189 4.4051 1.32638 34.8376
internal_count=243 213 30 25 22 212
is_linear=0
shrinkage=0.03


Tree=20
num_leaves=7
num_cat=0
split_feature=105 45 79 50 32 62
split_gain=38.7459 17.3292 8.47934 22.1393 5.95727 7.70635
threshold=22.032894134521488 13.551883220672609 -0.5400867462158202 -2.032910823822021 27.899024009704593 25.134136199951175
decision_type=2 2 2 2 2 2
left_child=-1 2 3 -2 5 -3
right_child=1 4 -4 -5 -6 -7
leaf_value=0.065362894031959259 0.066215558848199324 0.091419904054343179 -0.029170470685441676 -0.021244690811987738 0.077938646982629839 -0.029913673389611959
leaf_weight=6.985149770975112 3.4702890440821639 0.69185519218444769 22.721498221158981 10.445286374539135 2.3231046535074711 1.4766166806221006
leaf_count=12 13 1 153 42 6 16
internal_value=3.72241e-05 -0.0110575 -0.0178758 0.00056629 0.0445585 0.00879804
internal_weight=48.1138 41.1287 36.6371 13.9156 4.49158 2.16847
internal_count=243 231 208 55 23 17
is_linear=0
shrinkage=0.03


Tree=21
num_leaves=7
num_cat=0
split_feature=62 105 16 31 64 15
split_gain=43.8531 14.589 13.9109 18.2605 8.1794 2.82615
threshold=26.135748863220218 26.151315689086918 1003.221405029297 1007.8325195312501 7.1256220340728769 5.2789390087127694
decision_type=2 2 2 2 2 2
left_child=1 -1 5 -4 -2 -3
right_child=4 2 3 -5 -6 -7
leaf_value=-0.025859122839667157 0.082060877159933127 0.086189966113801905 0.075213579418719798 -0.029127494718696079 -0.010410868307609915 -0.017722441879982613
leaf_weight=25.485367529094219 6.0758339315652838 0.24248655140399833 4.7959414571523658 2.2029087543487549 1.0030023902654646 8.2478162124752981
leaf_count=70 73 3 55 2 5 35
internal_value=8.32536e-06 -0.0119036 0.0110583 0.0423719 0.0689585 -0.0147547
internal_weight=48.0534 40.9745 15.4892 6.99885 7.07884 8.4903
internal_count=243 165 95 57 78 38
is_linear=0
shrinkage=0.03


Tree=22
num_leaves=7
num_cat=0
split_feature=115 62 3 63 50 30
split_gain=70.7547 13.938 8.50144 6.42418 7.91822 3.54654
threshold=-7.8399963378906241 24.862810134887699 15.903210163116457 22.877683639526371 -0.37148493528366083 13.878753662109377
decision_type=2 2 2 2 2 2
left_child=1 -1 -3 5 -5 -2
right_child=3 2 -4 4 -6 -7
leaf_value=-0.029772283792860423 -0.029176275339294077 -0.00024692421401052554 0.079401736712156293 -0.029281716052782118 0.087647179540685655 0.0011436745616309606
leaf_weight=1.4081831872463215 28.909511610865593 1.365149252116679 10.351077042520044 1.0498680956661703 1.035141885280608 3.9460073336958876
leaf_count=3 166 9 33 14 3 15
internal_value=1.36894e-05 0.0594032 0.0701212 -0.0222943 0.0287698 -0.0255348
internal_weight=48.0649 13.1244 11.7162 34.9405 2.08501 32.8555
internal_count=243 45 42 198 17 181
is_linear=0
shrinkage=0.03


Tree=23
num_leaves=7
num_cat=0
split_feature=67 115 19 95 60 33
split_gain=48.5049 23.3088 10.6726 5.05775 3.2817 5.43905
threshold=6.9457876682281503 -7.6229553222656241 -0.3671190589666366 1.2177402377128603 21.348070144653324 22.711209297180179
decision_type=2 2 2 2 2 2
left_child=3 -2 -3 4 -1 -6
right_child=1 2 -4 -5 5 -7
leaf_value=-0.029168204047124044 -0.018891533322420367 -0.029284373294985837 0.07035803088908732 0.033222895792066116 0.033506848066760388 -0.029615818098807943
leaf_weight=24.843443408608444 4.3254931122064617 1.0569468140602136 11.424624659121031 1.4213801100850094 2.1497383750975123 2.8670429401099682
leaf_count=155 17 2 38 13 11 7
internal_value=1.77119e-05 0.0411224 0.0619203 -0.0220671 -0.024699 -0.00256716
internal_weight=48.0887 16.8071 12.4816 31.2816 29.8602 5.01678
internal_count=243 57 40 186 173 18
is_linear=0
shrinkage=0.03


Tree=24
num_leaves=7
num_cat=0
split_feature=7 20 105 6 51 115
split_gain=89.2777 20.3833 3.54842 3.01901 9.996 0.000239907
threshold=3.4627109766006474 -0.49895581603050226 25.912281036376957 38.722709655761726 45.472284317016609 -8.5892028808593732
decision_type=2 2 2 2 2 2
left_child=2 -2 -1 -4 -5 -3
right_child=1 5 3 4 -6 -7
leaf_value=0.081291780925477133 0.080933526807168477 -0.029008694194418629 0.081446721499064359 0.081446721499064331 -0.029398334762209176 -0.029201982373318947
leaf_weight=7.9001581668853742 1.5840857028961171 7.38316616043448 1.5782854557037351 1.5782854557037356 1.3658802919089792 26.603882811963562
leaf_count=5 1 30 1 1 23 182
internal_value=-7.71103e-05 -0.0242572 0.0691606 0.0479691 0.0300226 -0.02916
internal_weight=47.9937 35.5711 12.4226 4.52245 2.94417 33.987
internal_count=243 213 30 25 24 212
is_linear=0
shrinkage=0.03


Tree=25
num_leaves=7
num_cat=0
split_feature=105 45 79 50 32 62
split_gain=35.228 16.1988 8.25698 20.2135 5.22091 6.94058
threshold=22.032894134521488 13.551883220672609 -0.5400867462158202 -2.032910823822021 27.899024009704593 25.134136199951175
decision_type=2 2 2 2 2 2
left_child=-1 2 3 -2 5 -3
right_child=1 4 -4 -5 -6 -7
leaf_value=0.060949085862953084 0.061616507476637251 0.083802497053928782 -0.028971861793379527 -0.020940182303419368 0.072486655504233929 -0.029696158627367263
leaf_weight=7.2520332634448996 3.6087203472852698 0.7303213477134699 22.142128862440586 10.252295404672621 2.4227487370371819 1.4430068209767339
leaf_count=12 13 1 153 42 6 16
internal_value=4.48443e-05 -0.0108342 -0.0176048 0.000553481 0.0422029 0.00844373
internal_weight=47.8513 40.5992 36.0031 13.861 4.59608 2.17333
internal_count=243 231 208 55 23 17
is_linear=0
shrinkage=0.03


Tree=26
num_leaves=7
num_cat=0
split_feature=62 105 16 31 64 15
split_gain=40.0093 14.0607 12.815 16.3374 7.10853 2.59041
threshold=26.135748863220218 26.151315689086918 1003.221405029297 1007.8325195312501 7.1256220340728769 5.2789390087127694
decision_type=2 2 2 2 2 2
left_child=1 -1 5 -4 -2 -3
right_child=4 2 3 -5 -6 -7
leaf_value=-0.025615933458950847 0.076223670129161425 0.080030323209101625 0.070093768883718308 -0.028921836392828214 -0.010117987626875396 -0.017377286700748947
leaf_weight=24.938768826425076 6.3332290202379218 0.25339121371507545 4.9869950860738745 2.1447317600250244 0.9927026405930518 8.1074476912617666
leaf_count=70 73 3 55 2 5 35
internal_value=1.65253e-05 -0.0116719 0.0107743 0.0403167 0.0645239 -0.0144252
internal_weight=47.7573 40.4313 15.4926 7.13173 7.32593 8.36084
internal_count=243 165 95 57 78 38
is_linear=0
shrinkage=0.03


Tree=27
num_leaves=7
num_cat=0
split_feature=115 62 97 63 50 18
split_gain=65.2124 12.4513 7.33692 6.20961 7.18061 5.15727
threshold=-7.8399963378906241 24.862810134887699 1.641108572483063 22.877683639526371 -0.37148493528366083 22.511572837829593
decision_type=2 2 2 2 2 2
left_child=1 -1 -3 -2 -5 -4
right_child=3 2 5 4 -6 -7
leaf_value=-0.02959988697971801 -0.025289270535278952 -0.030873445756396018 -0.029938990644827017 -0.029053592617433902 0.081990065492346442 0.075065480440379473
leaf_weight=1.3818412721157063 32.136812344193459 0.67261450737714668 0.4376312866806974 1.0204001851379874 1.0775685906410206 11.05465918779373
leaf_count=3 181 2 7 14 3 33
internal_value=2.17632e-05 0.0557368 0.0654304 -0.0220248 0.0279812 0.0710669
internal_weight=47.7815 13.5467 12.1649 34.2348 2.09797 11.4923
internal_count=243 45 42 198 17 40
is_linear=0
shrinkage=0.03


Tree=28
num_leaves=7
num_cat=0
split_feature=67 115 19 95 60 33
split_gain=45.1092 20.7493 9.45246 4.85498 3.22744 5.12341
threshold=6.9457876682281503 -7.6229553222656241 -0.3671190589666366 1.2177402377128603 21.348070144653324 22.711209297180179
decision_type=2 2 2 2 2 2
left_child=3 -2 -3 4 -1 -6
right_child=1 2 -4 -5 5 -7
leaf_value=-0.02896973807360732 -0.018554552935920857 -0.029108889723675698 0.06545260053945938 0.031869718748461666 0.031750751862363119 -0.02941131710369092
leaf_weight=24.20665646344424 4.2476300112903145 1.0342042446136499 11.881219051778311 1.4464746937155712 2.2011267803609362 2.8014934957027435
leaf_count=155 17 2 38 13 11 7
internal_value=2.23622e-05 0.0389639 0.0578806 -0.0217796 -0.0244364 -0.00250033
internal_weight=47.8188 17.1631 12.9154 30.6558 29.2093 5.00262
internal_count=243 57 40 186 173 18
is_linear=0
shrinkage=0.03


Tree=29
num_leaves=7
num_cat=0
split_feature=7 20 105 6 51 115
split_gain=81.9725 18.913 2.95816 2.56548 8.93585 0.000293189
threshold=3.4627109766006474 -0.49895581603050226 25.912281036376957 38.722709655761726 45.472284317016609 -8.5892028808593732
decision_type=2 2 2 2 2 2
left_child=2 -2 -1 -4 -5 -3
right_child=1 5 3 4 -6 -7
leaf_value=0.075384706755177819 0.075040020436704671 -0.028798723174950309 0.075431482917358489 0.075431482917358433 -0.029177264757239921 -0.029015382009944909
leaf_weight=8.2395521402358991 1.651933193206786 7.1747123338282064 1.6473704576492298 1.6473704576492312 1.3268620409071443 25.963195599615577
leaf_count=5 1 30 1 1 23 182
internal_value=-0.000105859 -0.0240298 0.0646092 0.0453983 0.0287635 -0.0289685
internal_weight=47.651 34.7898 12.8612 4.6216 2.97423 33.1379
internal_count=243 213 30 25 24 212
is_linear=0
shrinkage=0.03


Tree=30
num_leaves=7
num_cat=0
split_feature=105 45 79 50 32 78
split_gain=32.1531 15.1867 8.03782 18.54 4.61534 6.30039
threshold=22.032894134521488 13.551883220672609 -0.5400867462158202 -2.032910823822021 27.899024009704593 10.744649887084963
decision_type=2 2 2 2 2 2
left_child=-1 2 3 -2 5 -3
right_child=1 4 -4 -5 -6 -7
leaf_value=0.057096676550969172 0.057650825954918675 0.077511245730157205 -0.028781120644728063 -0.020639696680804481 0.067851788523222822 -0.029483795520700129
leaf_weight=7.4915390610694876 3.7320046722888938 0.76387840509414617 21.566856220364571 10.061776883900164 2.510596439242363 1.4088407494127748
leaf_count=12 13 1 153 42 6 16
internal_value=5.31071e-05 -0.0106188 -0.0173424 0.000542355 0.0401467 0.00813322
internal_weight=47.5355 40.044 35.3606 13.7938 4.68332 2.17272
internal_count=243 231 208 55 23 17
is_linear=0
shrinkage=0.03


Tree=31
num_leaves=7
num_cat=0
split_feature=105 52 32 62 114 5
split_gain=37.0509 18.919 19.304 5.20654 4.72118 1.41162
threshold=26.151315689086918 8.0642027854919451 25.66069316864014 25.815946578979496 25.13358306884766 1.3411671519279482
decision_type=2 2 2 2 2 2
left_child=-1 2 3 -2 -4 -3
right_child=1 5 4 -5 -6 -7
leaf_value=-0.025423564257778569 0.033720030801543399 0.0061686527155678204 0.074549273496717819 -0.02117630676201001 -0.0046164703783989755 -0.027022214613966301
leaf_weight=24.68100717663765 2.74583193287254 1.5647050105035294 9.714983001351353 3.5850480273365974 0.72884672880172807 4.385588563978672
leaf_count=71 23 9 111 10 4 15
internal_value=2.56575e-05 0.0276654 0.0439681 0.00263336 0.0690245 -0.0182943
internal_weight=47.406 22.725 16.7747 6.33088 10.4438 5.95029
internal_count=243 172 148 33 115 24
is_linear=0
shrinkage=0.03


Tree=32
num_leaves=7
num_cat=0
split_feature=115 62 97 63 50 18
split_gain=60.3088 11.2127 6.56338 6.00415 6.5509 4.54512
threshold=-7.8399963378906241 24.862810134887699 1.641108572483063 22.877683639526371 -0.37148493528366083 22.511572837829593
decision_type=2 2 2 2 2 2
left_child=1 -1 -3 -2 -5 -4
right_child=3 2 5 4 -6 -7
leaf_value=-0.02943162855453961 -0.025039975860813222 -0.030685025460790591 -0.029691586095364889 -0.028835393879002285 0.0771660483789295 0.070077622010669555
leaf_weight=1.3553669750690449 31.427990414202213 0.66008309274911781 0.42622683197259803 0.99112612381577525 1.1150023639202107 11.469741173088549
leaf_count=3 181 2 7 14 3 33
internal_value=3.11137e-05 0.0525447 0.0613937 -0.0217538 0.0272827 0.0665029
internal_weight=47.4455 13.9114 12.5561 33.5341 2.10613 11.896
internal_count=243 45 42 198 17 40
is_linear=0
shrinkage=0.03


Tree=33
num_leaves=7
num_cat=0
split_feature=67 115 75 47 95 60
split_gain=42.0014 18.7713 7.99963 6.25749 4.6589 3.18082
threshold=6.9457876682281503 -8.3872070312499982 4.4436814785003671 27.252311706542972 1.2177402377128603 21.348070144653324
decision_type=2 2 2 2 2 2
left_child=4 -2 -3 -4 5 -1
right_child=1 2 3 -5 -6 -7
leaf_value=-0.028779348974876245 -0.028914332489257132 0.071167593597302972 0.057355378129588665 -0.0032400568381340147 0.030572520564156231 -0.0023921374629958347
leaf_weight=23.574301108717926 3.1800692528486278 8.1469601653516275 2.9482810795307151 3.1968916431069374 1.4708698093891133 4.9799724929034701
leaf_count=155 13 24 8 12 13 18
internal_value=2.51386e-05 0.0370069 0.0516747 0.0258319 -0.0214952 -0.0241773
internal_weight=47.4973 17.4722 14.2921 6.14517 30.0251 28.5543
internal_count=243 57 44 20 186 173
is_linear=0
shrinkage=0.03


Tree=34
num_leaves=7
num_cat=0
split_feature=7 20 105 6 47 105
split_gain=75.653 17.6375 2.50105 2.2049 6.87106 0.000377107
threshold=3.4627109766006474 -0.49895581603050226 25.912281036376957 38.722709655761726 27.633490562438968 26.151315689086918
decision_type=2 2 2 2 2 2
left_child=2 -2 -1 -4 -5 -3
right_child=1 5 3 4 -6 -7
leaf_value=0.070412694907067003 0.070079099493839642 -0.028877467036205109 0.070376091304096638 -0.028960448519164378 0.064130180852308066 -0.028671060530055855
leaf_weight=8.5304181575775129 1.7099936008453358 18.022553309798241 1.7065199613571156 1.1734543442726137 1.8209563344717024 14.277203805744646
leaf_count=5 1 64 1 21 3 148
internal_value=-0.000135709 -0.0238153 0.0607302 0.0431601 0.0276497 -0.0287862
internal_weight=47.2411 34.0098 13.2313 4.70093 2.99441 32.2998
internal_count=243 213 30 25 24 212
is_linear=0
shrinkage=0.03


Tree=35
num_leaves=7
num_cat=0
split_feature=105 46 63 50 17 19
split_gain=29.5143 14.6289 11.5349 7.47982 17.596 4.872
threshold=22.032894134521488 1008.1985778808595 22.554494857788089 -3.073529720306396 26.688161849975589 1.0000000180025095e-35
decision_type=2 2 2 2 2 2
left_child=-1 2 -2 4 -3 -4
right_child=1 3 5 -5 -6 -7
leaf_value=0.053793561212220412 0.054055915456315572 0.072988974348451766 0.04304964726633051 -0.028796257354445767 -0.028715921597825236 -0.029022967886662327
leaf_weight=7.6997529566287986 4.896054018288849 2.3659942746162406 1.107367008924484 23.215357083827261 4.3381149731576443 3.5510241501033306
leaf_count=12 15 3 2 167 26 18
internal_value=6.51093e-05 -0.0104151 0.021903 -0.0207356 0.00717747 -0.0118903
internal_weight=47.1737 39.4739 9.55445 29.9195 6.70411 4.65839
internal_count=243 231 35 196 29 20
is_linear=0
shrinkage=0.03


Tree=36
num_leaves=7
num_cat=0
split_feature=105 52 32 62 30 5
split_gain=35.0219 17.3326 17.1283 4.84527 4.17258 1.37654
threshold=26.151315689086918 8.0642027854919451 25.66069316864014 25.815946578979496 15.219958782196047 1.3411671519279482
decision_type=2 2 2 2 2 2
left_child=-1 2 3 -2 -4 -3
right_child=1 5 4 -5 -6 -7
leaf_value=-0.025184872180960338 0.032095028687223866 0.006106458957741279 0.069947346291647547 -0.02084140866071529 -0.0045441215882450646 -0.026779337254556768
leaf_weight=24.127882793545723 2.7962632440030637 1.5642882958054531 10.023016490042206 3.5088636055588722 0.72576259076595384 4.2795284762978554
leaf_count=71 23 9 111 10 4 15
internal_value=3.60149e-05 0.0266119 0.0418908 0.00263539 0.0649176 -0.0179764
internal_weight=47.0256 22.8977 17.0539 6.30513 10.7488 5.84382
internal_count=243 172 148 33 115 24
is_linear=0
shrinkage=0.03


Tree=37
num_leaves=7
num_cat=0
split_feature=115 62 97 63 50 18
split_gain=55.9622 10.15 5.90434 5.78402 5.96869 4.04747
threshold=-7.8399963378906241 24.862810134887699 1.641108572483063 22.877683639526371 -0.37148493528366083 22.511572837829593
decision_type=2 2 2 2 2 2
left_child=1 -1 -3 -2 -5 -4
right_child=3 2 5 4 -6 -7
leaf_value=-0.02925765684530653 -0.024792153860915 -0.030461911862427207 -0.029463616467190437 -0.028625929051364889 0.072619678242039687 0.065780665208734851
leaf_weight=1.3267954885959614 30.724446587264538 0.64669878780841727 0.41566619277000327 0.96211780980229411 1.1509367525577534 11.831421285867689
leaf_count=3 181 2 7 14 3 33
internal_value=3.88256e-05 0.0497528 0.0578831 -0.0214902 0.0265204 0.0625481
internal_weight=47.0581 14.2206 12.8938 32.8375 2.11305 12.2471
internal_count=243 45 42 198 17 40
is_linear=0
shrinkage=0.03


Tree=38
num_leaves=7
num_cat=0
split_feature=67 115 19 95 63 60
split_gain=39.1514 16.9757 7.21486 5.13467 4.31372 3.14489
threshold=6.9457876682281503 -8.3872070312499982 -0.3671190589666366 1.2534689307212832 22.458903312683109 21.348070144653324
decision_type=2 2 2 2 2 2
left_child=3 -2 -3 5 -4 -1
right_child=1 2 4 -5 -6 -7
leaf_value=-0.028616199273245206 -0.028703587480061406 -0.028888374712670441 0.019200497081781537 0.035986419645508951 0.062490730620062079 -0.0022938543826206601
leaf_weight=23.088991723954685 3.0876557230949429 1.0047269463539148 2.5470678061246828 1.3477913066744793 11.098729796707628 4.9631829671561709
leaf_count=157 13 2 9 11 33 18
internal_value=2.58634e-05 0.0352246 0.0486978 -0.021211 0.0544104 -0.0239591
internal_weight=47.1381 17.7382 14.6505 29.4 13.6458 28.0522
internal_count=243 57 44 186 42 175
is_linear=0
shrinkage=0.03


Tree=39
num_leaves=7
num_cat=0
split_feature=7 20 105 20 76 105
split_gain=70.0886 16.5073 2.13927 1.95752 7.33537 0.000452135
threshold=3.4627109766006474 -0.49895581603050226 25.912281036376957 1.0000000180025095e-35 1011.3947753906251 26.151315689086918
decision_type=2 2 2 2 2 2
left_child=2 -2 -1 -4 -5 -3
right_child=1 5 3 4 -6 -7
leaf_value=0.066140157276652956 0.065815977872282647 -0.028712258873949535 0.066381598911326278 -0.02880799104449578 0.066117710700826476 -0.028483241331865524
leaf_weight=8.7780925035476667 1.7593291997909535 17.590286076068882 1.752868890762328 1.2572377771139145 1.7558873891830444 13.8806468360126
leaf_count=5 1 64 1 23 1 148
internal_value=-0.000166999 -0.0236119 0.0573549 0.041174 0.0265096 -0.0286112
internal_weight=46.7743 33.2303 13.5441 4.76599 3.01313 31.4709
internal_count=243 213 30 25 24 212
is_linear=0
shrinkage=0.03


Tree=40
num_leaves=7
num_cat=0
split_feature=105 45 79 65 32 2
split_gain=27.175 12.6741 9.36368 14.6614 3.89023 5.4987
threshold=21.392543792724613 13.551883220672609 -0.5400867462158202 -0.85915207862853993 27.899024009704593 22.651895523071293
decision_type=2 2 2 2 2 2
left_child=-1 2 3 -2 5 -3
right_child=1 4 -4 -5 -6 -7
leaf_value=0.057599886928137008 0.040829800881574785 0.069074619197251996 -0.028432931805966222 -0.020209890261715484 0.061115952947000389 -0.029376888721092495
leaf_weight=6.3822887241840354 5.670899063348771 0.81022131443023626 20.461402542889118 9.431953109800812 2.6390342116355896 1.3805432021617887
leaf_count=9 14 1 153 44 6 16
internal_value=7.39935e-05 -0.00901514 -0.0152078 0.00270962 0.0365847 0.00703392
internal_weight=46.7763 40.3941 35.5643 15.1029 4.8298 2.19076
internal_count=243 234 211 58 23 17
is_linear=0
shrinkage=0.03


Tree=41
num_leaves=7
num_cat=0
split_feature=105 52 32 35 114 5
split_gain=33.0741 15.9091 15.3015 4.6199 3.78722 1.33066
threshold=26.151315689086918 8.0642027854919451 25.66069316864014 -0.23786002397537229 25.13358306884766 1.3411671519279482
decision_type=2 2 2 2 2 2
left_child=-1 2 3 -2 -4 -3
right_child=1 5 4 -5 -6 -7
leaf_value=-0.024942836995570702 -0.028704427846485258 0.0058782866874783285 0.065967856237954411 0.023753740144747917 -0.0048419948355065039 -0.026532049963291761
leaf_weight=23.567820489406586 2.5317452549934387 1.5691222921013821 10.283347345888611 3.7473874390125337 0.72791160643100816 4.1697961315512657
leaf_count=71 4 9 111 29 4 15
internal_value=4.14234e-05 0.0256099 0.0399753 0.00260262 0.0612869 -0.0176705
internal_weight=46.5971 23.0293 17.2904 6.27913 11.0113 5.73892
internal_count=243 172 148 33 115 24
is_linear=0
shrinkage=0.03


Tree=42
num_leaves=7
num_cat=0
split_feature=115 62 63 50 97 90
split_gain=52.0484 9.24298 5.58319 5.49999 5.34575 3.72271
threshold=-7.8399963378906241 24.862810134887699 22.877683639526371 -0.37148493528366083 1.641108572483063 2.4815695285797124
decision_type=2 2 2 2 2 2
left_child=1 -1 -2 -4 -3 -6
right_child=2 4 3 -5 5 -7
leaf_value=-0.029091210231204822 -0.024543889720056673 -0.03024448329753994 -0.028438504491096164 0.068965162517468148 -0.031284451084206091 0.062047147756481312
leaf_weight=1.2984196245670308 30.024024073034525 0.63323930650949378 0.93550188466906581 1.1796361804008473 0.39720401167869468 12.150690767914055
leaf_count=3 181 2 14 3 6 34
internal_value=5.16529e-05 0.047278 -0.0212251 0.0258846 0.0548009 0.0590927
internal_weight=46.6187 14.4796 32.1392 2.11514 13.1811 12.5479
internal_count=243 45 198 17 42 40
is_linear=0
shrinkage=0.03


Tree=43
num_leaves=7
num_cat=0
split_feature=67 115 75 47 95 60
split_gain=36.6133 15.4314 6.67638 5.2315 4.89031 3.09848
threshold=6.9457876682281503 -8.3872070312499982 4.4436814785003671 27.252311706542972 1.2534689307212832 21.348070144653324
decision_type=2 2 2 2 2 2
left_child=4 -2 -3 -4 5 -1
right_child=1 2 3 -5 -6 -7
leaf_value=-0.028439210885779071 -0.028498049871603166 0.063303286758000815 0.050512590301196016 -0.0040161647040151327 0.034249036053098016 -0.0022190833965499211
leaf_weight=22.460950899869211 2.9945465028286007 8.6159258633851987 3.1085836291313163 3.2276510745286942 1.3762575536966313 4.950178410857915
leaf_count=157 13 24 8 12 11 18
internal_value=3.24482e-05 0.0336629 0.0461121 0.0227359 -0.0209335 -0.0237041
internal_weight=46.7341 17.9467 14.9522 6.33623 28.7874 27.4111
internal_count=243 57 44 20 186 175
is_linear=0
shrinkage=0.03


Tree=44
num_leaves=7
num_cat=0
split_feature=7 20 105 20 76 105
split_gain=65.066 15.4939 1.85376 1.72776 6.71458 0.000494824
threshold=3.4627109766006474 -0.49895581603050226 25.912281036376957 1.0000000180025095e-35 1011.3947753906251 26.151315689086918
decision_type=2 2 2 2 2 2
left_child=2 -2 -1 -4 -5 -3
right_child=1 5 3 4 -6 -7
leaf_value=0.062398582333045877 0.062115562294533813 -0.028547156284651622 0.06265230596889805 -0.028636629480979638 0.062421777405834607 -0.028304300827146682
leaf_weight=8.9866912364959699 1.8004000186920155 17.148671716451648 1.7946047782897938 1.2260515168309212 1.7971019744873047 13.491379257291554
leaf_count=5 1 64 1 23 1 148
internal_value=-0.000201444 -0.0234145 0.0543492 0.0393346 0.0254927 -0.0284402
internal_weight=46.2449 32.4405 13.8044 4.81776 3.02315 30.6401
internal_count=243 213 30 25 24 212
is_linear=0
shrinkage=0.03


Tree=45
num_leaves=7
num_cat=0
split_feature=105 46 0 50 17 63
split_gain=25.122 13.4586 10.1794 7.13916 15.1438 5.88454
threshold=22.032894134521488 1008.1985778808595 8.5681910514831561 -3.073529720306396 26.688161849975589 22.554494857788089
decision_type=2 2 2 2 2 2
left_child=-1 2 -2 4 -3 -4
right_child=1 3 5 -5 -6 -7
leaf_value=0.048309033883808562 -0.028810086533148295 0.065444868021226579 0.060564480229562692 -0.028491122223487056 -0.028366474853856679 0.0028400056073945952
leaf_weight=8.0368831753730756 2.6919811740517599 2.4897138476371756 4.4488904923200607 22.107064213603739 4.0975275337696075 2.4728553183376789
leaf_count=12 19 3 7 167 26 9
internal_value=8.66768e-05 -0.0100302 0.0206904 -0.0203228 0.00709046 0.0399419
internal_weight=46.3449 38.308 9.61373 28.6943 6.58724 6.92175
internal_count=243 231 35 196 29 16
is_linear=0
shrinkage=0.03


Tree=46
num_leaves=7
num_cat=0
split_feature=105 52 32 35 114 15
split_gain=31.3061 14.6502 13.7652 4.38783 3.40503 1.32016
threshold=26.151315689086918 8.0642027854919451 25.66069316864014 -0.23786002397537229 25.13358306884766 7.8003623485565194
decision_type=2 2 2 2 2 2
left_child=-1 2 3 -2 -4 -3
right_child=1 5 4 -5 -6 -7
leaf_value=-0.024708473089991922 -0.02854034529097358 0.0014128932497476856 0.062493375235385895 0.022888784928959453 -0.0047583640851268406 -0.028593530673818836
leaf_weight=23.021123863756657 2.4654682576656342 2.1099727414548388 10.499348849058148 3.7854699008166852 0.72431773692369539 3.522743433713913
leaf_count=71 4 11 111 29 4 13
internal_value=5.22312e-05 0.0247206 0.0382826 0.00260433 0.0581533 -0.0173534
internal_weight=46.1284 23.1073 17.4746 6.25094 11.2237 5.63272
internal_count=243 172 148 33 115 24
is_linear=0
shrinkage=0.03


Tree=47
num_leaves=7
num_cat=0
split_feature=115 62 63 50 97 30
split_gain=48.5016 8.45992 5.37963 5.06522 4.8538 3.62283
threshold=-7.8399963378906241 24.862810134887699 22.877683639526371 -0.37148493528366083 1.641108572483063 13.878753662109377
decision_type=2 2 2 2 2 2
left_child=1 -1 5 -4 -3 -2
right_child=2 4 3 -5 -6 -7
leaf_value=-0.028937115153621008 -0.028334488004138944 -0.030019693848099546 -0.028254684631410811 0.065548780867561426 0.056012673803287019 0.0032658842107774516
leaf_weight=1.2707729935646046 25.586839932948358 0.61871242523193259 0.90834812819957766 1.2058728933334339 12.808213017880915 3.742792345583438
leaf_count=3 166 2 14 3 40 15
internal_value=5.82581e-05 0.0450462 -0.0209703 0.0252473 0.0520483 -0.0243019
internal_weight=46.1416 14.6977 31.4439 2.11422 13.4269 29.3296
internal_count=243 45 198 17 42 181
is_linear=0
shrinkage=0.03


Tree=48
num_leaves=7
num_cat=0
split_feature=64 115 75 50 62 116
split_gain=34.4091 17.8603 5.31065 5.1273 3.41184 10.4478
threshold=6.239229917526246 -8.3872070312499982 4.0875480175018319 -0.4890777319669723 25.34007549285889 0.00012734328629449013
decision_type=2 2 2 2 2 2
left_child=4 -2 -3 -4 5 -1
right_child=1 2 3 -5 -6 -7
leaf_value=0.070493688672816038 -0.028427412368657416 0.055735158219362251 -0.014020203849910935 0.041389889339481574 -0.028422354549886567 -0.02863891970010244
leaf_weight=1.3448005132377172 3.9716695398092297 10.278217427432539 2.3756642565131187 4.0914867594838134 20.91185986623168 3.3166459575295448
leaf_count=5 18 35 11 10 149 15
internal_value=3.11765e-05 0.0287682 0.0423339 0.0210354 -0.0232488 -3.9732e-05
internal_weight=46.2903 20.717 16.7454 6.46715 25.5733 4.66145
internal_count=243 74 56 21 169 20
is_linear=0
shrinkage=0.03


Tree=49
num_leaves=7
num_cat=0
split_feature=118 116 105 114 79 115
split_gain=60.9366 12.0245 0.000579367 0.00101743 0.000688027 0.000190201
threshold=1002.8162536621095 9.0699068096000715e-05 26.151315689086918 23.612226486206058 -0.76725158095359791 -8.5019531249999982
decision_type=2 2 2 2 2 2
left_child=2 -2 3 4 -1 -5
right_child=1 -3 -4 5 -6 -7
leaf_value=-0.028442812740571539 0.05787462043558312 0.00336550772613294 -0.028129816948819636 -0.028021757412393655 -0.029128277003797991 -0.028315551511101648
leaf_weight=3.2417226582765579 13.004279281944038 5.0592650920152655 13.99751230329275 3.4175371229648581 2.2206819653511074 4.7253600358963004
leaf_count=13 10 14 166 15 8 17
internal_value=-0.000231191 0.0426076 -0.0282653 -0.0284047 -0.0287215 -0.0281922
internal_weight=45.6664 18.0635 27.6028 13.6053 5.4624 8.1429
internal_count=243 24 219 53 21 32
is_linear=0
shrinkage=0.03


Tree=50
num_leaves=7
num_cat=0
split_feature=105 46 0 50 17 63
split_gain=23.2967 12.8222 9.44937 6.92299 13.9876 5.31159
threshold=22.032894134521488 1008.1985778808595 8.5681910514831561 -3.073529720306396 26.688161849975589 22.554494857788089
decision_type=2 2 2 2 2 2
left_child=-1 2 -2 4 -3 -4
right_child=1 3 5 -5 -6 -7
leaf_value=0.046014914456125662 -0.028632385347763467 0.06186591936504339 0.05730199641029296 -0.028329571642442711 -0.028188459185555678 0.0026906874776190374
leaf_weight=8.1722966134548169 2.6225956939160806 2.5455081462860099 4.5574209690093994 21.520884923636917 3.9784462451934814 2.4724761694669724
leaf_count=12 19 3 7 167 26 9
internal_value=9.62471e-05 -0.00985833 0.0199649 -0.0201229 0.00694884 0.0380947
internal_weight=45.8696 37.6973 9.65249 28.0448 6.52395 7.0299
internal_count=243 231 35 196 29 16
is_linear=0
shrinkage=0.03


Tree=51
num_leaves=7
num_cat=0
split_feature=105 52 32 20 30 5
split_gain=29.5973 13.5525 12.4808 5.84193 3.07115 1.29263
threshold=26.151315689086918 8.0642027854919451 25.66069316864014 1.578684985637665 15.219958782196047 1.3411671519279482
decision_type=2 2 2 2 2 2
left_child=-1 2 3 -2 -4 -3
right_child=1 5 4 -5 -6 -7
leaf_value=-0.02446704649429543 -0.016726696765139965 0.0061413101916119933 0.059435990815772957 0.046343222808880716 -0.0046554534280592932 -0.026124676223879185
leaf_weight=22.470367938280106 4.3200591430068078 1.5530233606696118 10.674474321305748 1.9044491760432718 0.71815964579582292 3.9841771349310875
leaf_count=71 15 9 111 18 4 15
internal_value=6.07415e-05 0.023864 0.0367314 0.00257016 0.0553958 -0.017075
internal_weight=45.6247 23.1543 17.6171 6.22451 11.3926 5.5372
internal_count=243 172 148 33 115 24
is_linear=0
shrinkage=0.03


Tree=52
num_leaves=7
num_cat=0
split_feature=115 62 63 50 97 30
split_gain=45.4086 7.78575 5.1999 4.70219 4.42895 3.55008
threshold=-7.8399963378906241 24.862810134887699 22.877683639526371 -0.37148493528366083 1.641108572483063 13.878753662109377
decision_type=2 2 2 2 2 2
left_child=1 -1 5 -4 -3 -2
right_child=2 4 3 -5 -6 -7
leaf_value=-0.028772598021270964 -0.028172099477348181 -0.029789935619544832 -0.028081937727096249 0.062743574331356716 0.053361752065727706 0.0031343103948573
leaf_weight=1.242250770330428 24.899185329675682 0.60320460051298042 0.88202936202287707 1.2262008488178242 13.023170705884693 3.7510906979441634
leaf_count=3 166 2 14 3 40 15
internal_value=8.08485e-05 0.0431262 -0.0207272 0.0247445 0.0496808 -0.0240732
internal_weight=45.6271 14.8686 30.7585 2.10823 13.6264 28.6503
internal_count=243 45 198 17 42 181
is_linear=0
shrinkage=0.03


Tree=53
num_leaves=7
num_cat=0
split_feature=64 115 75 61 62 116
split_gain=32.3966 16.3758 4.81883 4.35715 3.36282 9.694
threshold=6.239229917526246 -8.3872070312499982 7.0199682712554941 1007.5329589843751 25.34007549285889 0.00012734328629449013
decision_type=2 2 2 2 2 2
left_child=4 -2 3 -3 5 -1
right_child=1 2 -4 -5 -6 -7
leaf_value=0.066090289187331244 -0.028235176424999578 0.059912125789286626 0.0075783154744021525 0.023923876024998673 -0.028260664540637928 -0.028473804507256589
leaf_weight=1.3973808921873594 3.8487637527287033 9.2190234139561671 3.2719852030277243 4.508476171642541 20.349133130162954 3.2327359430491924
leaf_count=5 18 25 10 21 149 15
internal_value=3.36505e-05 0.0276434 0.0402946 0.0480926 -0.0230101 6.58765e-05
internal_weight=45.8275 20.8482 16.9995 13.7275 24.9792 4.63012
internal_count=243 74 56 46 169 20
is_linear=0
shrinkage=0.03


Tree=54
num_leaves=7
num_cat=0
split_feature=118 116 20 105 15 77
split_gain=57.0592 10.8917 0.000591441 0.00044081 0.000665152 0.000124168
threshold=1002.8162536621095 9.0699068096000715e-05 0.39247690141201025 25.861842155456547 12.241667270660402 21.473255157470707
decision_type=2 2 2 2 2 2
left_child=2 -2 -1 4 -4 -5
right_child=1 -3 3 5 -6 -7
leaf_value=-0.028877100062832225 0.05498890528706004 0.0031990453446709569 -0.028488592487614778 -0.028197249928309537 -0.028016005004995109 -0.027939719778823178
leaf_weight=0.86041919142008083 13.198108222335579 5.0542399361729613 4.7718825265765208 1.9323812462389458 6.1155258864164352 13.161346960812805
leaf_count=5 10 14 18 28 24 144
internal_value=-0.000275362 0.0406478 -0.0281033 -0.0280776 -0.0282231 -0.0279727
internal_weight=45.0939 18.2523 26.8416 25.9811 10.8874 15.0937
internal_count=243 24 219 214 42 172
is_linear=0
shrinkage=0.03


Tree=55
num_leaves=7
num_cat=0
split_feature=105 45 79 65 32 2
split_gain=21.7753 10.5832 8.43363 12.1094 3.20766 4.51003
threshold=21.392543792724613 13.551883220672609 -0.5400867462158202 -0.85915207862853993 27.899024009704593 22.651895523071293
decision_type=2 2 2 2 2 2
left_child=-1 2 3 -2 5 -3
right_child=1 4 -4 -5 -6 -7
leaf_value=0.049925629806005123 0.035848700038213895 0.058708742388860084 -0.027945128865344192 -0.019563035066707635 0.053811131389418933 -0.029251029594030763
leaf_weight=6.7256416976451865 5.8615899085998544 0.86365824937820379 18.80424951389432 8.9983172602951491 2.7668855115771294 1.3364746384322641
leaf_count=9 14 1 153 44 6 16
internal_value=0.000107833 -0.00856539 -0.0145969 0.00229449 0.0323132 0.00527742
internal_weight=45.3568 38.6312 33.6642 14.8599 4.96702 2.20013
internal_count=243 234 211 58 23 17
is_linear=0
shrinkage=0.03


Tree=56
num_leaves=7
num_cat=0
split_feature=105 52 32 20 30 15
split_gain=28.0044 12.5474 11.3636 5.40847 2.79167 1.28587
threshold=26.151315689086918 8.0642027854919451 25.66069316864014 1.578684985637665 15.219958782196047 7.8003623485565194
decision_type=2 2 2 2 2 2
left_child=-1 2 3 -2 -4 -3
right_child=1 5 4 -5 -6 -7
leaf_value=-0.024229059848712677 -0.016411048148129881 0.0017221761171205077 0.056719065758169415 0.044003434188144994 -0.0045250367364892867 -0.028285698980622623
leaf_weight=21.927431493997574 4.2512869089841905 2.0836109705269328 10.810262776911255 1.9432149752974508 0.71409910917282182 3.3539408147335052
leaf_count=71 15 11 111 18 4 13
internal_value=6.86604e-05 0.0230768 0.0353102 0.00254097 0.0529241 -0.016787
internal_weight=45.0838 23.1564 17.7189 6.1945 11.5244 5.43755
internal_count=243 172 148 33 115 24
is_linear=0
shrinkage=0.03


Tree=57
num_leaves=7
num_cat=0
split_feature=115 62 63 50 97 30
split_gain=42.5597 7.18658 5.02477 4.37 4.05565 3.47652
threshold=-7.8399963378906241 24.862810134887699 22.877683639526371 -0.37148493528366083 1.641108572483063 13.878753662109377
decision_type=2 2 2 2 2 2
left_child=1 -1 5 -4 -3 -2
right_child=2 4 3 -5 -6 -7
leaf_value=-0.028611959809744833 -0.028015072052800204 -0.029568999743064733 -0.027912136087660681 0.060188019170424156 0.050967192308964217 0.002988394634464282
leaf_weight=1.2137024402618397 24.21456756815315 0.58781623095273872 0.85530018433928523 1.243343412876128 13.200415585190056 3.760651182383298
leaf_count=3 166 2 14 3 40 15
internal_value=9.99905e-05 0.0413734 -0.0204887 0.0242829 0.0475338 -0.0238473
internal_weight=45.0758 15.0019 30.0739 2.09864 13.7882 27.9752
internal_count=243 45 198 17 42 181
is_linear=0
shrinkage=0.03


Tree=58
num_leaves=7
num_cat=0
split_feature=64 115 75 47 62 116
split_gain=30.531 15.0629 4.44969 4.56383 3.30674 8.98576
threshold=6.239229917526246 -8.3872070312499982 4.0875480175018319 27.252311706542972 25.34007549285889 0.00012734328629449013
decision_type=2 2 2 2 2 2
left_child=4 -2 -3 -4 5 -1
right_child=1 2 3 -5 -6 -7
leaf_value=0.061954932657049148 -0.02805381749295079 0.050431979137506563 0.044391637748453658 -0.0056243007723344894 -0.028105113524982073 -0.02831368471866064
leaf_weight=1.4492564275860811 3.7295511886477497 10.643083013594152 3.2384245842695227 3.3306018151342869 19.788654785603285 3.1489751264452934
leaf_count=5 18 35 8 13 149 15
internal_value=3.56809e-05 0.0266049 0.0384484 0.0190328 -0.02278 0.000136899
internal_weight=45.3285 20.9417 17.2121 6.56903 24.3869 4.59823
internal_count=243 74 56 21 169 20
is_linear=0
shrinkage=0.03


Tree=59
num_leaves=7
num_cat=0
split_feature=7 20 105 20 76 107
split_gain=53.6256 13.0003 1.41474 1.25858 5.32347 0.00099866
threshold=3.4627109766006474 -0.49895581603050226 25.912281036376957 1.0000000180025095e-35 1011.3947753906251 1000.0175170898439
decision_type=2 2 2 2 2 2
left_child=2 -2 -1 -4 -5 -3
right_child=1 5 3 4 -6 -7
leaf_value=0.054495894361036357 0.053497184188911889 -0.027894388168218754 0.053899572130134521 -0.028324840955837236 0.053728101272865716 -0.028302419058290468
leaf_weight=9.3532499074935895 1.8783919811248804 21.095551855862144 1.8756934404373158 1.1462164558470249 1.8768593072891235 7.2551614418625823
leaf_count=5 1 168 1 23 1 44
internal_value=-0.000317235 -0.0229348 0.0476555 0.034595 0.0226173 -0.0279988
internal_weight=44.4811 30.2291 14.252 4.89877 3.02308 28.3507
internal_count=243 213 30 25 24 212
is_linear=0
shrinkage=0.03


Tree=60
num_leaves=7
num_cat=0
split_feature=105 45 79 65 32 2
split_gain=20.1448 9.93628 8.17191 11.2607 2.91075 4.19865
threshold=21.392543792724613 13.551883220672609 -0.5400867462158202 -0.85915207862853993 27.899024009704593 22.651895523071293
decision_type=2 2 2 2 2 2
left_child=-1 2 3 -2 5 -3
right_child=1 4 -4 -5 -6 -7
leaf_value=0.0476030743465784 0.034193767358690279 0.05585358363335792 -0.027792182555993326 -0.019251893874421555 0.05124202869881421 -0.029071550280449249
leaf_weight=6.8159087896347037 5.9321515411138526 0.87571907043456976 18.252841759473085 8.8279778473079187 2.8088894039392471 1.3042840510606764
leaf_count=9 14 1 153 44 6 16
internal_value=0.000111271 -0.00840673 -0.0143701 0.00222812 0.0310545 0.00504334
internal_weight=44.8178 38.0019 33.013 14.7601 4.98889 2.18
internal_count=243 234 211 58 23 17
is_linear=0
shrinkage=0.03


Tree=61
num_leaves=7
num_cat=0
split_feature=105 52 32 20 30 5
split_gain=26.5527 11.6791 10.3885 5.02645 2.21255 1.25558
threshold=26.151315689086918 8.0642027854919451 25.66069316864014 1.578684985637665 13.878753662109377 1.3411671519279482
decision_type=2 2 2 2 2 2
left_child=-1 2 3 -2 -4 -3
right_child=1 5 4 -5 -6 -7
leaf_value=-0.023995471447017351 -0.01606528246228342 0.0063867129299609417 0.054357609777952863 0.042004495874488082 0.0028443717388659659 -0.025745364172753415
leaf_weight=21.392644472420216 4.1799357980489793 1.5361543707549561 10.806139506399628 1.9756041057407854 0.80640909820795137 3.8066279664635658
leaf_count=71 15 9 110 18 5 15
internal_value=8.99572e-05 0.0223847 0.0340792 0.00257206 0.0507804 -0.0165068
internal_weight=44.5035 23.1109 17.7681 6.15554 11.6125 5.34278
internal_count=243 172 148 33 115 24
is_linear=0
shrinkage=0.03


Tree=62
num_leaves=7
num_cat=0
split_feature=115 114 63 65 5 30
split_gain=39.8757 8.49485 7.95414 3.19597 2.12622 1.73582
threshold=-8.5019531249999982 35.093444824218757 22.877683639526371 -0.81538939476013172 1.8185572028160097 13.878753662109377
decision_type=2 2 2 2 2 2
left_child=3 2 5 -1 -4 -2
right_child=1 -3 4 -5 -6 -7
leaf_value=0.010251333422229784 -0.028012643303746896 0.055649166336691987 0.0026342612800046026 0.052309577161837227 0.058090770276946278 -0.0046235825484550758
leaf_weight=1.9246842376887805 25.001927815377719 1.3660445809364308 1.2337691597640508 10.481149442493912 1.2553072869777677 3.2240197956562033
leaf_count=6 175 4 15 27 3 13
internal_value=0.000110359 -0.017552 -0.0208076 0.0457845 0.0306025 -0.0253411
internal_weight=44.4869 32.0811 30.715 12.4058 2.48908 28.2259
internal_count=243 210 206 33 18 188
is_linear=0
shrinkage=0.03


Tree=63
num_leaves=7
num_cat=0
split_feature=64 115 96 52 33 62
split_gain=28.7266 13.8818 4.17319 6.61798 4.52329 3.23684
threshold=6.239229917526246 -8.3872070312499982 43.443576812744148 8.5281286239624041 22.235991477966312 25.34007549285889
decision_type=2 2 2 2 2 2
left_child=5 -2 4 -4 -3 -1
right_child=1 2 3 -5 -6 -7
leaf_value=0.00014834023839383007 -0.027883686009067425 0.023745531562244404 -0.031403272116970207 0.055173491470971288 0.058132508726961442 -0.027948434595841266
leaf_weight=4.5676028877496746 3.6161345206201103 5.9179803542792824 1.8394233882427209 1.398997515439987 8.2313527762889844 19.210576854646206
leaf_count=20 18 18 17 3 18 149
internal_value=3.12467e-05 0.0255966 0.0367189 0.00599788 0.0437501 -0.0225513
internal_weight=44.7821 21.0039 17.3878 3.23842 14.1493 23.7782
internal_count=243 74 56 20 36 169
is_linear=0
shrinkage=0.03


Tree=64
num_leaves=7
num_cat=0
split_feature=118 116 105 115 60 77
split_gain=50.4972 9.03963 0.000641296 0.000829228 0.000618553 8.61511e-05
threshold=1002.8162536621095 9.0699068096000715e-05 26.57456207275391 -8.5892028808593732 7.1266846656799325 21.856375694274906
decision_type=2 2 2 2 2 2
left_child=2 -2 3 -1 -5 -4
right_child=1 -3 5 4 -6 -7
leaf_value=-0.027548914469161079 0.050271795097888761 0.0029562485298648055 -0.027824309221955737 -0.02865101140221071 -0.027984912318172531 -0.027604646899277472
leaf_weight=3.5505661442875853 13.429471991956236 4.9821809232234946 1.9209903068840493 1.4692238047719026 8.5933909118175489 9.8283041939139348
leaf_count=18 10 14 33 14 33 121
internal_value=-0.000349502 0.0374682 -0.0278029 -0.0279431 -0.0280822 -0.0276406
internal_weight=43.7741 18.4117 25.3625 13.6132 10.0626 11.7493
internal_count=243 24 219 65 47 154
is_linear=0
shrinkage=0.03


Tree=65
num_leaves=7
num_cat=0
split_feature=105 46 0 50 17 17
split_gain=18.8957 11.4443 8.05315 6.46981 11.5634 2.91936
threshold=22.032894134521488 1008.1985778808595 8.5681910514831561 -3.073529720306396 26.688161849975589 28.341992378234867
decision_type=2 2 2 2 2 2
left_child=-1 2 -2 4 -3 -4
right_child=1 3 5 -5 -6 -7
leaf_value=0.04050541585014699 -0.028257303660749383 0.054757364407436122 0.015572595041980469 -0.027957715396482369 -0.027748515748228487 0.054001329228592451
leaf_weight=8.4436205923557264 2.4446722231805307 2.6392656564712516 3.5457966849207878 19.986125197261575 3.633663397282362 3.5709889307618141
leaf_count=12 19 3 11 167 26 5
internal_value=0.000133562 -0.0093829 0.0187184 -0.0196152 0.00696492 0.034855
internal_weight=44.2641 35.8205 9.56146 26.2591 6.27293 7.11679
internal_count=243 231 35 196 29 16
is_linear=0
shrinkage=0.03


Tree=66
num_leaves=7
num_cat=0
split_feature=105 52 32 20 30 105
split_gain=25.1545 10.8324 9.53882 4.68366 2.02198 1.25539
threshold=26.151315689086918 8.0642027854919451 25.66069316864014 1.578684985637665 13.878753662109377 25.364035606384281
decision_type=2 2 2 2 2 2
left_child=5 2 3 -2 -4 -1
right_child=1 -3 4 -5 -6 -7
leaf_value=-0.027815752088891733 -0.015787044450009891 -0.016201896657127866 0.052168226065038188 0.040129951375109378 0.0028517590925225839 -0.010398333015584479
leaf_weight=16.014481574296955 4.1147046610713067 5.2406078800559035 10.871213033795353 2.0051200836896896 0.80353461951017457 4.8530165739357463
leaf_count=46 15 24 110 18 5 25
internal_value=9.34752e-05 0.0217069 0.0328712 0.00253379 0.0487739 -0.0237651
internal_weight=43.9027 23.0352 17.7946 6.11982 11.6747 20.8675
internal_count=243 172 148 33 115 71
is_linear=0
shrinkage=0.03


Tree=67
num_leaves=7
num_cat=0
split_feature=115 62 63 97 30 18
split_gain=37.3814 6.26505 4.67912 3.55915 3.34425 2.87897
threshold=-7.8399963378906241 24.862810134887699 22.877683639526371 1.641108572483063 13.878753662109377 22.511572837829593
decision_type=2 2 2 2 2 2
left_child=1 -1 4 -3 -2 -5
right_child=2 3 -4 5 -6 -7
leaf_value=-0.028404275281787732 -0.027718261930761084 -0.029420088771804607 0.023252348834631193 -0.029724397714522056 0.002773226474907995 0.049429273485927128
leaf_weight=1.1725656688213337 22.851926337927587 0.5732407346367826 2.0866710543632498 0.42714748904108901 3.7716092914342871 13.000610321760176
leaf_count=3 166 2 17 7 15 33
internal_value=0.000120938 0.0382075 -0.0200081 0.0437861 -0.0233987 0.0469113
internal_weight=43.8838 15.1736 28.7102 14.001 26.6235 13.4278
internal_count=243 45 198 42 181 40
is_linear=0
shrinkage=0.03


Tree=68
num_leaves=7
num_cat=0
split_feature=64 115 45 20 62 75
split_gain=27.1061 14.0888 4.84716 9.49131 3.15304 1.02142
threshold=5.7853960990905771 -8.3872070312499982 6.3484516143798837 2.7903258800506596 25.148100852966312 1.9939728379249575
decision_type=2 2 2 2 2 2
left_child=4 -2 3 -3 -1 -4
right_child=1 2 5 -5 -6 -7
leaf_value=0.009458577094718635 -0.02764991857988125 -0.0086658969446641015 0.017436774885137066 0.053503211559879617 -0.027823898480789606 0.052200646415060316
leaf_weight=2.281456075608733 4.0420759171247509 5.0765264630317706 0.83399729803204437 3.9142715930938721 19.415533855557442 8.6506002694368345
leaf_count=7 21 27 4 11 150 23
internal_value=2.58515e-05 0.0230834 0.0341829 0.0184003 -0.0239036 0.0491438
internal_weight=44.2145 22.5175 18.4754 8.9908 21.697 9.4846
internal_count=243 86 65 38 157 27
is_linear=0
shrinkage=0.03


Tree=69
num_leaves=7
num_cat=0
split_feature=7 20 105 20 76 107
split_gain=47.6735 11.6521 1.18861 1.03765 4.61842 0.00139768
threshold=3.4627109766006474 -0.49895581603050226 25.912281036376957 1.0000000180025095e-35 1011.3947753906251 1000.0175170898439
decision_type=2 2 2 2 2 2
left_child=2 -2 -1 -4 -5 -3
right_child=1 5 3 4 -6 -7
leaf_value=0.050510577776285585 0.049192669512711923 -0.027604800564635969 0.049629291623051519 -0.028111489642264998 0.049486677508307965 -0.028098473379926873
leaf_weight=9.4588283300399763 1.897321462631228 19.89534551277757 1.8963913917541493 1.0852633118629456 1.8967241048812866 6.9695931673049918
leaf_count=5 1 168 1 23 1 44
internal_value=-0.000382047 -0.0226584 0.0443072 0.0322793 0.0212456 -0.0277329
internal_weight=43.0995 28.7623 14.3372 4.87838 2.98199 26.8649
internal_count=243 213 30 25 24 212
is_linear=0
shrinkage=0.03


Tree=70
num_leaves=7
num_cat=0
split_feature=105 46 0 50 17 17
split_gain=17.5433 10.9279 7.49493 6.25775 10.7441 2.65728
threshold=22.032894134521488 1008.1985778808595 8.5681910514831561 -3.073529720306396 26.688161849975589 28.341992378234867
decision_type=2 2 2 2 2 2
left_child=-1 2 -2 4 -3 -4
right_child=1 3 5 -5 -6 -7
leaf_value=0.038759711332629947 -0.028084614819158315 0.052318428402198962 0.015089071672368693 -0.027815710187786846 -0.027586387437524753 0.051612056990079203
leaf_weight=8.5168167352676374 2.3698932081460935 2.66181457042694 3.5657447874546051 19.415509875863794 3.5136218555271626 3.6059416010975838
leaf_count=12 19 3 11 167 26 5
internal_value=0.000131578 -0.00923264 0.0181685 -0.0194492 0.0068552 0.0334529
internal_weight=43.6493 35.1325 9.54158 25.5909 6.17544 7.17169
internal_count=243 231 35 196 29 16
is_linear=0
shrinkage=0.03


Tree=71
num_leaves=7
num_cat=0
split_feature=105 52 32 20 30 15
split_gain=23.8069 10.0924 8.78096 4.35494 1.8495 1.26789
threshold=26.151315689086918 8.0642027854919451 25.66069316864014 1.578684985637665 13.878753662109377 7.8003623485565194
decision_type=2 2 2 2 2 2
left_child=-1 2 3 -2 -4 -3
right_child=1 5 4 -5 -6 -7
leaf_value=-0.023530480036652389 -0.015475324468302933 0.0025662492463605358 0.050191395424280916 0.038358590513675746 0.0029171713742693799 -0.027890986688214856
leaf_weight=20.331616833806038 4.0467005595564904 2.0282144993543616 10.904613979160782 2.0312906056642532 0.7994146868586548 3.126070499420166
leaf_count=71 15 11 110 18 5 13
internal_value=0.000105073 0.0210565 0.0317705 0.0025162 0.0469624 -0.015906
internal_weight=43.2679 22.9363 17.782 6.07799 11.704 5.15428
internal_count=243 172 148 33 115 24
is_linear=0
shrinkage=0.03


Tree=72
num_leaves=7
num_cat=0
split_feature=115 62 63 97 30 18
split_gain=35.1281 5.83885 4.52717 3.30524 3.27774 2.64591
threshold=-7.8399963378906241 24.862810134887699 22.877683639526371 1.641108572483063 13.878753662109377 22.511572837829593
decision_type=2 2 2 2 2 2
left_child=1 -1 4 -3 -2 -5
right_child=2 3 -4 5 -6 -7
leaf_value=-0.028260231198117564 -0.027576725811053266 -0.029232121676914066 0.022663838441890228 -0.029459657211043544 0.002656856431452209 0.047522288324482277
leaf_weight=1.1450062990188588 22.181424565613277 0.55988050997257133 2.0953707210719577 0.41456839814782043 3.7767978608608237 13.074734523892401
leaf_count=3 166 2 17 7 15 33
internal_value=0.000144195 0.0368828 -0.0197539 0.0421919 -0.0231779 0.0451564
internal_weight=43.2478 15.1942 28.0536 14.0492 25.9582 13.4893
internal_count=243 45 198 42 181 40
is_linear=0
shrinkage=0.03


Tree=73
num_leaves=7
num_cat=0
split_feature=64 115 96 35 96 62
split_gain=25.6641 13.0525 4.54428 3.66069 3.25742 3.06738
threshold=5.7853960990905771 -8.3872070312499982 43.75880432128907 0.60307717323303234 38.722625732421882 25.148100852966312
decision_type=2 2 2 2 2 2
left_child=5 -2 4 -4 -3 -1
right_child=1 2 3 -5 -6 -7
leaf_value=0.0090293180886590659 -0.027490011637823868 -0.004637372340073118 0.0396506087200462 -0.030787845342543883 0.043285965684176128 -0.027680044426423005
leaf_weight=2.2984829321503666 3.9071229733526733 1.4005659446120287 1.1062272936105721 1.6611607149243353 14.410522066056727 18.84309795871377
leaf_count=7 21 8 4 16 37 150
internal_value=4.04916e-05 0.0223517 0.0328336 -0.00263099 0.0390409 -0.0236891
internal_weight=43.6272 22.4856 18.5785 2.76739 15.8111 21.1416
internal_count=243 86 65 20 45 157
is_linear=0
shrinkage=0.03


Tree=74
num_leaves=7
num_cat=0
split_feature=118 116 20 115 17 63
split_gain=44.8858 7.65471 0.000811541 0.000498425 0.000804744 4.20349e-05
threshold=1002.8162536621095 9.0699068096000715e-05 1.0000000180025095e-35 -8.5892028808593732 26.70776462554932 22.149270057678226
decision_type=2 2 2 2 2 2
left_child=2 -2 -1 5 -5 -4
right_child=1 -3 3 4 -6 -7
leaf_value=-0.028672719431376656 0.04646194536967025 0.0026957074156398154 -0.027381293185231702 -0.027902260744810611 -0.027453451800476786 -0.027171468736365691
leaf_weight=0.5441338643431689 13.494916785508396 4.9034537412226191 1.1374776661396051 4.8536037541925934 13.87322376295924 3.5135668627917767
leaf_count=3 10 14 5 35 154 22
internal_value=-0.000432232 0.0347976 -0.0275274 -0.0275007 -0.0275698 -0.0272228
internal_weight=42.3204 18.3984 23.922 23.3779 18.7268 4.65104
internal_count=243 24 219 216 189 27
is_linear=0
shrinkage=0.03


Tree=75
num_leaves=7
num_cat=0
split_feature=105 46 78 0 50 17
split_gain=16.4766 8.57589 7.86816 8.07955 4.96807 10.0331
threshold=21.392543792724613 1008.1985778808595 14.286764621734621 9.3372182846069354 -3.073529720306396 26.688161849975589
decision_type=2 2 2 2 2 2
left_child=-1 2 3 -2 5 -3
right_child=1 4 -4 -5 -6 -7
leaf_value=0.042339666165508119 -0.0051755242528634896 0.050240649269000098 -0.029108390724134826 0.058817081682662989 -0.02418593636307504 -0.02743339896633681
leaf_weight=6.9797040820121756 3.0738406814634782 2.674675226211547 2.588285468518734 4.2046487927436829 20.10430255159736 3.3982272669672966
leaf_count=9 19 3 12 5 169 26
internal_value=0.000150732 -0.00801891 0.0158163 0.0317918 -0.0170029 0.00677641
internal_weight=43.0237 36.044 9.86677 7.27849 26.1772 6.0729
internal_count=243 234 36 24 198 29
is_linear=0
shrinkage=0.03


Tree=76
num_leaves=7
num_cat=0
split_feature=105 52 32 20 30 105
split_gain=22.5699 9.3773 8.11341 4.05628 1.71193 1.28061
threshold=26.151315689086918 8.0642027854919451 25.66069316864014 1.578684985637665 13.878753662109377 25.364035606384281
decision_type=2 2 2 2 2 2
left_child=5 2 3 -2 -4 -1
right_child=1 -3 4 -5 -6 -7
leaf_value=-0.027542360816081472 -0.015178312679475389 -0.015587609034542066 0.048411899444730941 0.036730834342851515 0.0028767177582814628 -0.0095926586383374857
leaf_weight=15.137364819645883 3.9812565892934861 5.0518100559711447 10.907049983739849 2.0537006855010986 0.79740129411220628 4.6841365061700335
leaf_count=46 15 24 110 18 5 25
internal_value=0.00011106 0.0204721 0.0307412 0.00248641 0.0453097 -0.0233006
internal_weight=42.6127 22.7912 17.7394 6.03496 11.7045 19.8215
internal_count=243 172 148 33 115 71
is_linear=0
shrinkage=0.03


Tree=77
num_leaves=7
num_cat=0
split_feature=115 114 63 65 50 30
split_gain=33.0903 7.35854 7.18041 2.45991 2.03843 1.6466
threshold=-8.5019531249999982 35.093444824218757 22.877683639526371 -0.81538939476013172 -0.37148493528366083 13.878753662109377
decision_type=2 2 2 2 2 2
left_child=3 2 5 -1 -4 -2
right_child=1 -3 4 -5 -6 -7
leaf_value=0.0097158889770445362 -0.027630478856356777 0.049919775275328725 0.0010682443296369036 0.046855889514638524 0.055010410150847233 -0.0047048331026998532
leaf_weight=1.8916367553174502 22.958472698926936 1.4151405990123738 1.254105191677809 10.592594660818573 1.2679544985294331 3.2143678404390803
leaf_count=6 175 4 15 27 3 13
internal_value=0.00016344 -0.0168629 -0.0201564 0.0412284 0.0281874 -0.0248149
internal_weight=42.5943 30.11 28.6949 12.4842 2.52206 26.1728
internal_count=243 210 206 33 18 188
is_linear=0
shrinkage=0.03


Tree=78
num_leaves=7
num_cat=0
split_feature=64 115 45 20 62 75
split_gain=24.2946 12.1024 4.35943 8.56241 2.98498 0.859091
threshold=5.7853960990905771 -8.3872070312499982 6.3484516143798837 2.7903258800506596 25.148100852966312 1.9939728379249575
decision_type=2 2 2 2 2 2
left_child=4 -2 3 -3 -1 -4
right_child=1 2 5 -5 -6 -7
leaf_value=0.0086260165149897872 -0.0273375533422303 -0.00920528456329168 0.016476763948777111 0.049503308714091539 -0.027542508464805882 0.048439799336000351
leaf_weight=2.3134687356650856 3.7751871049404171 5.0752865597605723 0.82845000550150771 3.9962983652949333 18.284252990037203 8.7515160553157312
leaf_count=7 21 27 4 11 150 23
internal_value=4.27626e-05 0.0216473 0.0315621 0.0166576 -0.0234802 0.0456757
internal_weight=43.0245 22.4267 18.6516 9.07158 20.5977 9.57997
internal_count=243 86 65 38 157 27
is_linear=0
shrinkage=0.03


Tree=79
num_leaves=7
num_cat=0
split_feature=7 20 105 20 76 107
split_gain=42.4133 10.4809 0.998034 0.876339 4.06073 0.00176154
threshold=3.4627109766006474 -0.49895581603050226 25.912281036376957 1.0000000180025095e-35 1011.3947753906251 1000.0175170898439
decision_type=2 2 2 2 2 2
left_child=2 -2 -1 -4 -5 -3
right_child=1 5 3 4 -6 -7
leaf_value=0.047042658766646123 0.045681175390936808 -0.027333608329921811 0.046165719513711449 -0.0279437958833809 0.046045523699946279 -0.027901117253466865
leaf_weight=9.4708063602447492 1.8935457468032861 18.719201862812046 1.8954404592514027 1.0306827649474144 1.8950170278549194 6.6788467727601519
leaf_count=5 1 168 1 23 1 44
internal_value=-0.000481418 -0.0224066 0.0413864 0.030275 0.0199801 -0.0274828
internal_weight=41.5835 27.2916 14.2919 4.82114 2.9257 25.398
internal_count=243 213 30 25 24 212
is_linear=0
shrinkage=0.03


Tree=80
num_leaves=7
num_cat=0
split_feature=105 46 0 50 17 17
split_gain=15.5297 9.99445 6.69244 5.86347 9.36019 2.22508
threshold=22.032894134521488 1008.1985778808595 8.5681910514831561 -3.073529720306396 26.688161849975589 28.341992378234867
decision_type=2 2 2 2 2 2
left_child=-1 2 -2 4 -3 -4
right_child=1 3 5 -5 -6 -7
leaf_value=0.036189629194758814 -0.027846067971641113 0.048274415478971565 0.014449711132404591 -0.027567016701120252 -0.027285600007679368 0.047805985332136799
leaf_weight=8.583588093519209 2.2624132111668569 2.6799073815345755 3.5618763342499733 18.363868309184912 3.2831792533397675 3.6382670328021049
leaf_count=12 19 3 11 167 26 5
internal_value=0.000155452 -0.00899835 0.0171624 -0.0191742 0.00667229 0.0313048
internal_weight=42.3731 33.7895 9.46256 24.327 5.96309 7.20014
internal_count=243 231 35 196 29 16
is_linear=0
shrinkage=0.03


Tree=81
num_leaves=7
num_cat=0
split_feature=105 52 115 116 112 79
split_gain=21.3873 8.78573 6.19 6.64995 1.30184 1.55661
threshold=26.151315689086918 8.4949560165405291 -9.5418395996093732 9.0699068096000715e-05 18.875074386596683 0.41905345022678381
decision_type=2 2 2 2 2 2
left_child=4 2 -2 -4 5 -1
right_child=1 -3 3 -5 -6 -7
leaf_value=0.011490992509566068 -0.028612715291352498 -0.025147256554827285 -0.011295135216972875 0.040467197445745992 -0.026880754272530304 -0.027313318582803635
leaf_weight=1.9374127388000517 1.6118791550397933 3.3222747147083274 2.6223707720637348 15.072753667831419 15.57711002230644 1.7899608612060545
leaf_count=14 7 13 9 143 54 3
internal_value=0.000126731 0.0199152 0.0276693 0.0327962 -0.0230698 -0.00714363
internal_weight=41.9338 22.6293 19.307 17.6951 19.3045 3.72737
internal_count=243 172 159 152 71 17
is_linear=0
shrinkage=0.03


Tree=82
num_leaves=7
num_cat=0
split_feature=115 63 97 30 62 18
split_gain=31.063 4.20004 3.8106 3.16513 2.69727 2.30161
threshold=-7.8399963378906241 22.877683639526371 1.641108572483063 13.878753662109377 24.939712524414066 22.511572837829593
decision_type=2 2 2 2 2 2
left_child=2 3 -1 -2 -4 -6
right_child=1 -3 4 -5 5 -7
leaf_value=-0.028970874686456597 -0.027311031020396753 0.021464081863166479 -0.0034512427574814267 0.0025291132335691518 -0.029143213149183757 0.044340538687378014
leaf_weight=0.80658004432916541 20.871533006429679 2.0995502844452849 1.2838626503944386 3.7782564088702193 0.39557933434843917 12.678817436099051
leaf_count=3 166 17 3 15 7 32
internal_value=0.000177896 -0.0192679 0.0344784 -0.0227372 0.0380426 0.0421172
internal_weight=41.9142 26.7493 15.1648 24.6498 14.3583 13.0744
internal_count=243 198 45 181 42 39
is_linear=0
shrinkage=0.03


Tree=83
num_leaves=7
num_cat=0
split_feature=64 115 45 20 62 75
split_gain=22.9941 11.2459 4.07114 7.9589 2.90411 0.811349
threshold=5.7853960990905771 -8.3872070312499982 6.3484516143798837 2.7903258800506596 25.148100852966312 1.9939728379249575
decision_type=2 2 2 2 2 2
left_child=4 -2 3 -3 -1 -4
right_child=1 2 5 -5 -6 -7
leaf_value=0.0082278910570898305 -0.027191732159817676 -0.0091144042844593914 0.015696598593759922 0.047405968129574795 -0.027409078103136517 0.046681095024673283
leaf_weight=2.3284669183194664 3.6487588025629547 5.0491754636168498 0.83276064693927665 4.033450897783041 17.720315378159285 8.7787449657917005
leaf_count=7 21 27 4 11 150 23
internal_value=5.44245e-05 0.0209841 0.0303872 0.0159854 -0.0232702 0.0439965
internal_weight=42.3917 22.3429 18.6941 9.08263 20.0488 9.61151
internal_count=243 86 65 38 157 27
is_linear=0
shrinkage=0.03


Tree=84
num_leaves=7
num_cat=0
split_feature=118 116 20 105 15 92
split_gain=40.0179 6.5545 0.000961277 0.000504723 0.000783863 0.000161828
threshold=1002.8162536621095 9.0699068096000715e-05 1.0000000180025095e-35 26.57456207275391 15.203621387481691 19.73823165893555
decision_type=2 2 2 2 2 2
left_child=2 -2 -1 4 -4 -5
right_child=1 -3 3 5 -6 -7
leaf_value=-0.028533155594933583 0.043288548084920747 0.002470682358840493 -0.027578400470038514 -0.027395222559805744 -0.027077188605700801 -0.027042902686651195
leaf_weight=0.53150803968310611 13.417102526873352 4.8099330440163603 6.9892447628080863 1.3501096703112114 4.6945441886782646 8.9611709006130678
leaf_count=3 10 14 38 20 25 133
internal_value=-0.000531604 0.0325171 -0.0272725 -0.027242 -0.027377 -0.027089
internal_weight=40.7536 18.227 22.5266 21.9951 11.6838 10.3113
internal_count=243 24 219 216 63 153
is_linear=0
shrinkage=0.03


Tree=85
num_leaves=7
num_cat=0
split_feature=105 46 63 50 17 19
split_gain=14.558 9.55048 6.37119 5.67969 8.78822 3.0862
threshold=22.032894134521488 1008.1985778808595 22.554494857788089 -3.073529720306396 26.688161849975589 1.0000000180025095e-35
decision_type=2 2 2 2 2 2
left_child=-1 2 -2 4 -3 -4
right_child=1 3 5 -5 -6 -7
leaf_value=0.034915471876446807 0.03838379130191362 0.046645588248060782 0.029649873749109348 -0.027442300825065359 -0.027147434855971594 -0.027918264717921571
leaf_weight=8.6106772124767286 5.3106386177241784 2.6776784658431998 1.1751474440097807 17.83832231536508 3.1744494400918484 2.9222504198551178
leaf_count=12 15 3 2 167 26 18
internal_value=0.00016654 -0.00887351 0.0166986 -0.0190288 0.00661703 -0.0114075
internal_weight=41.7092 33.0985 9.40804 23.6905 5.85213 4.0974
internal_count=243 231 35 196 29 20
is_linear=0
shrinkage=0.03


Tree=86
num_leaves=7
num_cat=0
split_feature=105 52 32 20 30 105
split_gain=20.2581 8.32998 7.01126 3.61857 1.59116 1.30119
threshold=26.151315689086918 8.0642027854919451 25.66069316864014 1.578684985637665 13.878753662109377 25.364035606384281
decision_type=2 2 2 2 2 2
left_child=5 2 3 -2 -4 -1
right_child=1 -3 4 -5 -6 -7
leaf_value=-0.027288944649409636 -0.01471099141349947 -0.01518483156226106 0.045548214440981213 0.034470566720647106 0.0018743691467129695 -0.0088302825479762183
leaf_weight=14.276577040553095 3.8600434958934846 4.9125914871692649 10.839353717863556 2.0675901547074318 0.80665238946676332 4.5268290489912024
leaf_count=46 15 24 110 18 5 25
internal_value=0.000134376 0.0193503 0.0290043 0.0024438 0.0425232 -0.0228451
internal_weight=41.2896 22.4862 17.5736 5.92763 11.646 18.8034
internal_count=243 172 148 33 115 71
is_linear=0
shrinkage=0.03


Tree=87
num_leaves=7
num_cat=0
split_feature=115 63 50 97 30 62
split_gain=29.2133 4.07165 3.60926 3.58015 3.12191 2.51895
threshold=-7.8399963378906241 22.877683639526371 -0.37148493528366083 1.641108572483063 13.878753662109377 24.939712524414066
decision_type=2 2 2 2 2 2
left_child=3 4 -3 -1 -2 -5
right_child=1 2 -4 5 -6 -7
leaf_value=-0.028818168014214468 -0.027187289042947069 -0.02776777016976173 0.052663485825501635 -0.0034420405685538181 0.0025338530206489573 0.040745883524340221
leaf_weight=0.78920090198516746 20.247071063146002 0.82802443951368365 1.275757998228072 1.2744373977184285 3.7735944576561442 13.051355943083761
leaf_count=3 166 14 3 3 15 39
internal_value=0.000192807 -0.0190131 0.0210067 0.033388 -0.0225182 0.0368149
internal_weight=41.2394 26.1244 2.10378 15.115 24.0207 14.3258
internal_count=243 198 17 45 181 42
is_linear=0
shrinkage=0.03


Tree=88
num_leaves=7
num_cat=0
split_feature=64 115 96 35 62 45
split_gain=21.8218 10.5045 3.85623 3.23612 2.83094 2.76558
threshold=5.7853960990905771 -8.3872070312499982 43.75880432128907 0.60307717323303234 25.148100852966312 6.3484516143798837
decision_type=2 2 2 2 2 2
left_child=4 -2 5 -4 -1 -3
right_child=1 2 3 -5 -6 -7
leaf_value=0.0078929718454892692 -0.027060271803829129 0.022391343016360449 0.035808945796031943 -0.030570927063230318 -0.027281123660428206 0.047366963104072866
leaf_weight=2.3396956361830261 3.5306808985769775 7.9025675281882313 1.1152530834078782 1.6227844208478925 17.185715790838003 8.0598373711109144
leaf_count=7 21 27 4 16 150 18
internal_value=7.48496e-05 0.0203995 0.02936 -0.00353318 -0.0230663 0.0350022
internal_weight=41.7565 22.2311 18.7004 2.73804 19.5254 15.9624
internal_count=243 86 65 20 157 45
is_linear=0
shrinkage=0.03


Tree=89
num_leaves=7
num_cat=0
split_feature=7 20 105 20 76 107
split_gain=37.9044 9.4582 0.855812 0.757267 3.61659 0.00204147
threshold=3.4627109766006474 -0.49895581603050226 25.912281036376957 1.0000000180025095e-35 1011.3947753906251 1000.0175170898439
decision_type=2 2 2 2 2 2
left_child=2 -2 -1 -4 -5 -3
right_child=1 5 3 4 -6 -7
leaf_value=0.044167548429390364 0.042792467376716742 -0.027085535989804555 0.043331986907095443 -0.027825488966415464 0.043229467652123821 -0.027711813232007217
leaf_weight=9.3930742740631086 1.8703231811523462 17.596443029120568 1.8764059543609608 0.98243223875761043 1.8753184080123901 6.383839674293994
leaf_count=5 1 168 1 23 1 44
internal_value=-0.000589609 -0.0221844 0.0389255 0.0285248 0.0188023 -0.0272523
internal_weight=39.9778 25.8506 14.1272 4.73416 2.85775 23.9803
internal_count=243 213 30 25 24 212
is_linear=0
shrinkage=0.03


Tree=90
num_leaves=7
num_cat=0
split_feature=105 46 78 0 50 17
split_gain=13.6298 9.1177 6.00289 6.74914 5.47814 8.22683
threshold=22.032894134521488 1008.1985778808595 14.286764621734621 9.3372182846069354 -3.073529720306396 26.688161849975589
decision_type=2 2 2 2 2 2
left_child=-1 2 3 -2 5 -3
right_child=1 4 -4 -5 -6 -7
leaf_value=0.033681224605612473 -0.0054108603094306434 0.045030225785674075 -0.028158112273842337 0.053456097704881814 -0.027322375671747102 -0.027013425390236358
leaf_weight=8.6254836320877057 2.9793113209307176 2.6682664155960074 2.1218871101737022 4.2580845952033997 17.301160037517551 3.0653935931622982
leaf_count=12 19 3 11 5 167 26
internal_value=0.000168347 -0.00875503 0.016214 0.0292232 -0.0189002 0.00651344
internal_weight=41.0196 32.3941 9.35928 7.2374 23.0348 5.73366
internal_count=243 231 35 24 196 29
is_linear=0
shrinkage=0.03


Tree=91
num_leaves=7
num_cat=0
split_feature=105 52 115 31 112 94
split_gain=19.2065 7.81524 5.54417 5.87352 1.32471 1.55552
threshold=26.151315689086918 8.4949560165405291 -9.5418395996093732 1007.8325195312501 18.875074386596683 -0.69897162914276112
decision_type=2 2 2 2 2 2
left_child=4 2 -2 -4 5 -1
right_child=1 -3 3 -5 -6 -7
leaf_value=0.01749419193099308 -0.02837734296195505 -0.024779838484541843 0.03649416274733628 -0.022825832804028917 -0.026606081849989898 -0.022668983010241381
leaf_weight=1.4656386598944666 1.5455618649721206 3.168166182935237 15.900721967220306 1.6589709222316749 14.713099613785742 2.1279853433370617
leaf_count=12 7 13 149 3 54 5
internal_value=0.000147696 0.0188588 0.0260953 0.0308898 -0.0226178 -0.00628867
internal_weight=40.5801 22.2734 19.1053 17.5597 18.3067 3.59362
internal_count=243 172 159 152 71 17
is_linear=0
shrinkage=0.03


Tree=92
num_leaves=7
num_cat=0
split_feature=115 114 63 65 50 30
split_gain=27.6293 6.42904 6.5409 2.08138 1.76178 1.58703
threshold=-8.5019531249999982 35.093444824218757 22.877683639526371 -0.81538939476013172 -0.37148493528366083 13.878753662109377
decision_type=2 2 2 2 2 2
left_child=3 2 5 -1 -4 -2
right_child=1 -3 4 -5 -6 -7
leaf_value=0.0084895811828973149 -0.027302424092357964 0.045527623269347159 0.00095918373362079493 0.042776491790851641 0.051225792819023723 -0.0045773437845702163
leaf_weight=1.8785081952810294 21.02053482271732 1.4407366812229145 1.2323181889951231 10.500648885965344 1.2786620557308186 3.1848163530230513
leaf_count=6 175 4 15 27 3 13
internal_value=0.000219925 -0.0162025 -0.0195314 0.0375735 0.0265564 -0.0243124
internal_weight=40.5362 28.1571 26.7163 12.3792 2.51098 24.2054
internal_count=243 210 206 33 18 188
is_linear=0
shrinkage=0.03


Tree=93
num_leaves=7
num_cat=0
split_feature=64 115 45 20 62 91
split_gain=20.6787 9.80733 3.62749 7.23576 2.7756 0.739836
threshold=5.7853960990905771 -8.3872070312499982 6.3484516143798837 2.7903258800506596 25.148100852966312 1002.186492919922
decision_type=2 2 2 2 2 2
left_child=4 -2 3 -3 -1 -4
right_child=1 2 5 -5 -6 -7
leaf_value=0.0076949115913847012 -0.02693281825322854 -0.0093122720917400651 0.013298007131381641 0.044540876073239741 -0.027162996068993073 0.043725984089088822
leaf_weight=2.3453774936497238 3.413114886730912 5.0180367082357424 0.78311848640441795 4.0639999061822891 16.655418522655964 8.8071191497147066
leaf_count=7 21 27 3 11 150 24
internal_value=8.54365e-05 0.0198264 0.0283735 0.0147858 -0.0228603 0.0412413
internal_weight=41.0862 22.0854 18.6723 9.08204 19.0008 9.59024
internal_count=243 86 65 38 157 27
is_linear=0
shrinkage=0.03


Tree=94
num_leaves=7
num_cat=0
split_feature=7 20 105 20 76 107
split_gain=35.7857 8.98548 0.779096 0.700687 3.40319 0.00203672
threshold=3.4627109766006474 -0.49895581603050226 25.912281036376957 1.0000000180025095e-35 1011.3947753906251 1000.0175170898439
decision_type=2 2 2 2 2 2
left_child=2 -2 -1 -4 -5 -3
right_child=1 5 3 4 -6 -7
leaf_value=0.042801067865548693 0.041520362871616243 -0.026967223277696937 0.042076110952376677 -0.027713551967888189 0.041982091189645118 -0.027601581503034173
leaf_weight=9.3231168985366804 1.8522019386291528 17.042597549036149 1.8608069419860829 0.95408371463418018 1.8594290018081665 6.2167939804494372
leaf_count=5 1 168 1 23 1 44
internal_value=-0.000647529 -0.0220727 0.0377895 0.0277938 0.0183478 -0.0271368
internal_weight=39.109 25.1116 13.9974 4.67432 2.81351 23.2594
internal_count=243 213 30 25 24 212
is_linear=0
shrinkage=0.03


Tree=95
num_leaves=7
num_cat=0
split_feature=105 46 0 50 17 17
split_gain=12.7761 8.70358 5.69256 5.27763 7.71762 1.77363
threshold=22.032894134521488 1008.1985778808595 8.5681910514831561 -3.073529720306396 26.688161849975589 28.341992378234867
decision_type=2 2 2 2 2 2
left_child=-1 2 -2 4 -3 -4
right_child=1 3 5 -5 -6 -7
leaf_value=0.032534608856327876 -0.027515600782612663 0.043572406722840774 0.013452143631275754 -0.027202469654546105 -0.026886906274096133 0.043299278373290825
leaf_weight=8.6271016001701337 2.1112047508358973 2.6522398591041592 3.5462999306619167 16.770521767437458 2.9611617550253868 3.621870294213295
leaf_count=12 19 3 11 167 26 5
internal_value=0.000170423 -0.00864765 0.0157811 -0.0187747 0.00640396 0.028533
internal_weight=40.2904 31.6633 9.27937 22.3839 5.6134 7.16817
internal_count=243 231 35 196 29 16
is_linear=0
shrinkage=0.03


Tree=96
num_leaves=7
num_cat=0
split_feature=105 52 32 20 114 105
split_gain=18.1867 7.4273 6.11347 3.24502 1.85221 1.31745
threshold=26.151315689086918 8.0642027854919451 25.66069316864014 1.578684985637665 25.13358306884766 25.364035606384281
decision_type=2 2 2 2 2 2
left_child=5 2 3 -2 -4 -1
right_child=1 -3 4 -5 -6 -7
leaf_value=-0.027051276754021986 -0.014307942059573106 -0.01479454329882509 0.043251105046284585 0.032524917499050274 -0.0066256669338284561 -0.0081039303646391839
leaf_weight=13.43258770555258 3.7350861281156602 4.7690843865275374 10.789202451705929 2.069232702255249 0.71446929872036058 4.3796608671545973
leaf_count=46 15 24 111 18 4 25
internal_value=0.000159285 0.0183546 0.0274885 0.00238792 0.0401534 -0.0223925
internal_weight=39.8893 22.0771 17.308 5.80432 11.5037 17.8122
internal_count=243 172 148 33 115 71
is_linear=0
shrinkage=0.03


Tree=97
num_leaves=7
num_cat=0
split_feature=115 114 63 65 113 30
split_gain=25.9262 6.06974 6.33421 1.97111 1.67144 1.58506
threshold=-8.5019531249999982 35.093444824218757 22.877683639526371 -0.81538939476013172 9.3962779045104998 13.878753662109377
decision_type=2 2 2 2 2 2
left_child=3 2 5 -1 -4 -2
right_child=1 -3 4 -5 -6 -7
leaf_value=0.0081392970029474255 -0.027183536714902951 0.04365368566893895 -0.00092099717372656558 0.041523613504047631 0.048332518588820622 -0.0043496422611058998
leaf_weight=1.8784232437610633 20.377600578591238 1.4557943046092976 1.1313584819436067 10.428801961243149 1.3721902221441267 3.1604141630232325
leaf_count=6 175 4 13 27 5 13
internal_value=0.000238135 -0.0159598 -0.0192923 0.0364282 0.0260748 -0.0241177
internal_weight=39.8046 27.4974 26.0416 12.3072 2.50355 23.538
internal_count=243 210 206 33 18 188
is_linear=0
shrinkage=0.03


Tree=98
num_leaves=7
num_cat=0
split_feature=64 115 96 117 96 62
split_gain=19.6145 9.16571 3.50534 3.36977 2.78096 2.71681
threshold=5.7853960990905771 -8.3872070312499982 43.75880432128907 436.01525878906256 38.722625732421882 25.148100852966312
decision_type=2 2 2 2 2 2
left_child=5 -2 4 -4 -3 -1
right_child=1 2 3 -5 -6 -7
leaf_value=0.0074908613248516514 -0.026808434751349634 -0.0073924911699633977 -0.030477018284353372 0.038446030318410436 0.036726076699040267 -0.027044533580933842
leaf_weight=2.348569422960284 3.2968426309525993 1.4108139052987123 1.6699266955256455 1.0335779860615728 14.518548641353844 16.131224013864994
leaf_count=7 21 8 17 3 37 150
internal_value=0.000113109 0.0192998 0.0274581 -0.00412702 0.0328186 -0.0226555
internal_weight=40.4095 21.9297 18.6329 2.7035 15.9294 18.4798
internal_count=243 86 65 20 45 157
is_linear=0
shrinkage=0.03


Tree=99
num_leaves=7
num_cat=0
split_feature=118 36 20 115 17 60
split_gain=33.8531 6.56769 0.00111878 0.000481744 0.000757136 4.31457e-05
threshold=1002.8162536621095 54.167110443115241 1.0000000180025095e-35 -8.5892028808593732 27.066396713256839 19.824537277221683
decision_type=2 2 2 2 2 2
left_child=2 -2 -1 5 -5 -4
right_child=1 -3 3 4 -6 -7
leaf_value=-0.028311246449466969 0.04070477213331325 -0.00065555141470863287 -0.026521765253391411 -0.027222515858695825 -0.026799745620406278 -0.026734029468019345
leaf_weight=0.51113673672080295 12.984653148800136 4.7081997022032729 2.6306776404380829 6.1974313706159618 9.9069302380084974 1.2817599475383756
leaf_count=3 9 15 20 55 134 7
internal_value=-0.000713479 0.0296985 -0.0269253 -0.0268899 -0.0269624 -0.0265913
internal_weight=38.2208 17.6929 20.5279 20.0168 16.1044 3.91244
internal_count=243 24 219 216 189 27
is_linear=0
shrinkage=0.03


Tree=100
num_leaves=7
num_cat=0
split_feature=105 49 120 113 48 95
split_gain=12.1217 8.82559 6.38258 3.89475 4.44579 1.44001
threshold=24.701754570007328 8.8726692199707049 42.528005599975593 8.2321052551269549 23.435407638549808 1.1475200057029726
decision_type=2 2 2 2 2 2
left_child=2 5 -1 -4 -5 -2
right_child=1 -3 3 4 -6 -7
leaf_value=-0.013151895365418508 -0.027213997911091917 0.030492789104084872 0.042949666177831643 -0.011497154003253202 0.036845740331003365 -0.0023785829179965414
leaf_weight=4.5572708249092129 15.260680399835115 3.1793964728713027 7.2846662402152997 3.6056243777275085 3.2601121366024017 2.4366959054023019
leaf_count=9 182 6 9 10 6 21
internal_value=0.000188274 -0.0155269 0.0177256 0.0276699 0.0114579 -0.0237945
internal_weight=39.5844 20.8768 18.7077 14.1504 6.86574 17.6974
internal_count=243 209 34 25 16 203
is_linear=0
shrinkage=0.03


Tree=101
num_leaves=7
num_cat=0
split_feature=105 52 115 31 112 94
split_gain=17.2707 6.93625 4.97109 5.13181 1.34388 1.47482
threshold=26.151315689086918 8.4949560165405291 -9.5418395996093732 1007.8325195312501 18.875074386596683 -0.69897162914276112
decision_type=2 2 2 2 2 2
left_child=4 2 -2 -4 5 -1
right_child=1 -3 3 -5 -6 -7
leaf_value=0.01742799572270105 -0.028141552679652005 -0.024384786484660338 0.034357803960998572 -0.022485557090868958 -0.026347336703800392 -0.022184731612522733
leaf_weight=1.4633819758892062 1.4766151160001815 3.0055077522993079 15.75457189977169 1.5720292627811439 13.882108420133589 2.0046233832836178
leaf_count=12 7 13 149 3 54 5
internal_value=0.000162845 0.0179333 0.0246974 0.0292004 -0.0221742 -0.00546949
internal_weight=39.1588 21.8087 18.8032 17.3266 17.3501 3.46801
internal_count=243 172 159 152 71 17
is_linear=0
shrinkage=0.03


Tree=102
num_leaves=7
num_cat=0
split_feature=115 30 92 66 51 79
split_gain=24.688 6.3934 5.70796 2.6057 1.63067 3.3821
threshold=-7.0140075683593741 15.219958782196047 20.78845310211182 50.282379150390632 44.911840438842781 -0.56693112850189198
decision_type=2 2 2 2 2 2
left_child=1 2 3 -1 5 -2
right_child=4 -3 -4 -5 -6 -7
leaf_value=0.042997284116594342 0.041151036487529526 0.043590965997242506 -0.030097743039035469 0.0082102248136960709 -0.027078226825801389 -0.026740109736342936
leaf_weight=3.0678725987672824 1.0234341993927958 8.5673212110996229 2.5729778930544844 5.2614117041230202 16.73269897326827 1.8616816643625522
leaf_count=8 6 21 30 16 150 12
internal_value=0.000265214 0.024198 0.00895839 0.0210231 -0.0234867 -0.00265715
internal_weight=39.0874 19.4696 10.9023 8.32928 19.6178 2.88512
internal_count=243 75 54 24 168 18
is_linear=0
shrinkage=0.03


Tree=103
num_leaves=7
num_cat=0
split_feature=64 115 45 63 62 91
split_gain=18.6048 8.5443 3.38066 6.66566 2.65578 0.663675
threshold=5.7853960990905771 -8.3872070312499982 6.3484516143798837 22.477734565734867 25.148100852966312 1002.186492919922
decision_type=2 2 2 2 2 2
left_child=4 -2 3 -3 -1 -4
right_child=1 2 5 -5 -6 -7
leaf_value=0.0072288534023159058 -0.026683238550239251 -0.032297040598457637 0.012379442450369911 0.027910073118847425 -0.026935648293801597 0.041414783244261288
leaf_weight=2.3566051758825806 3.176830384880307 2.1777312681078929 0.77105188369750877 6.8943131901323795 15.62649107724428 8.7344824299216253
leaf_count=7 21 14 3 24 150 24
internal_value=0.000118935 0.0187824 0.0265572 0.0134574 -0.0224585 0.0390595
internal_weight=39.7375 21.7544 18.5776 9.07204 17.9831 9.50553
internal_count=243 86 65 38 157 27
is_linear=0
shrinkage=0.03


Tree=104
num_leaves=7
num_cat=0
split_feature=7 20 105 20 76 107
split_gain=32.1456 8.12526 0.676893 0.610268 3.03953 0.00230072
threshold=3.4627109766006474 -0.49895581603050226 25.912281036376957 1.0000000180025095e-35 1011.3947753906251 1000.0175170898439
decision_type=2 2 2 2 2 2
left_child=2 -2 -1 -4 -5 -3
right_child=1 5 3 4 -6 -7
leaf_value=0.040554258974918156 0.039285790423658047 -0.026746048170682653 0.039835586577791453 -0.027566847713474951 0.039754703974318413 -0.027437650258972584
leaf_weight=9.1401385068893415 1.8050301074981714 15.977704746648671 1.8186923265457142 0.90388699807226669 1.8167731761932373 5.9378991536796084
leaf_count=5 1 168 1 23 1 44
internal_value=-0.000773319 -0.0218945 0.0358513 0.0263819 0.0173884 -0.0269334
internal_weight=37.4001 23.7206 13.6795 4.53935 2.72066 21.9156
internal_count=243 213 30 25 24 212
is_linear=0
shrinkage=0.03


Tree=105
num_leaves=7
num_cat=0
split_feature=105 49 120 113 75 95
split_gain=11.5115 8.35958 5.9295 3.6591 5.24274 1.41401
threshold=24.701754570007328 8.8726692199707049 42.528005599975593 8.2321052551269549 5.015493869781495 1.1475200057029726
decision_type=2 2 2 2 2 2
left_child=2 5 -1 -4 -5 -2
right_child=1 -3 3 4 -6 -7
leaf_value=-0.012817884357243644 -0.02710279153968722 0.029422638207491063 0.04168283387505943 -0.012727540578264371 0.040009799165634734 -0.002332074383769955
leaf_weight=4.4736131727695492 14.789213376119738 3.1650550365447989 7.2472717911005002 3.7546225339174271 3.0950522273778915 2.4123596996068946
leaf_count=9 182 6 9 10 6 21
internal_value=0.000191575 -0.0153845 0.0172741 0.0268237 0.011102 -0.0236289
internal_weight=38.9372 20.3666 18.5706 14.0969 6.84967 17.2016
internal_count=243 209 34 25 16 203
is_linear=0
shrinkage=0.03


Tree=106
num_leaves=7
num_cat=0
split_feature=105 52 32 20 114 105
split_gain=16.3786 6.60808 5.33735 2.91059 1.72839 1.33801
threshold=26.151315689086918 8.0642027854919451 25.66069316864014 1.578684985637665 25.13358306884766 25.364035606384281
decision_type=2 2 2 2 2 2
left_child=5 2 3 -2 -4 -1
right_child=1 -3 4 -5 -6 -7
leaf_value=-0.026840094886627013 -0.013854190811758076 -0.014332603196277445 0.041145878810651494 0.030851104047567354 -0.0070884448250645308 -0.0073575336684313479
leaf_weight=12.655123971402647 3.6044175028801027 4.613941714167594 10.567284554243084 2.0596907362341881 0.7137685492634781 4.2340018525719634
leaf_count=46 15 24 111 18 4 25
internal_value=0.000166505 0.0174969 0.0261637 0.0024024 0.038094 -0.0219559
internal_weight=38.4482 21.5591 16.9452 5.66411 11.2811 16.8891
internal_count=243 172 148 33 115 71
is_linear=0
shrinkage=0.03


Tree=107
num_leaves=7
num_cat=0
split_feature=115 30 92 66 51 79
split_gain=23.3627 6.02975 5.41975 2.42651 1.60938 3.19532
threshold=-7.0140075683593741 15.219958782196047 20.78845310211182 50.282379150390632 44.911840438842781 -0.56693112850189198
decision_type=2 2 2 2 2 2
left_child=1 2 3 -1 5 -2
right_child=4 -3 -4 -5 -6 -7
leaf_value=0.041616114996833098 0.039517768154106285 0.042395567214622676 -0.029934007640265634 0.0079721387826701805 -0.026961567202411472 -0.02663050904704934
leaf_weight=3.0497198700904864 1.035713028162718 8.5115358531475049 2.5155030693858853 5.2517965734004974 16.206504695117474 1.7985247801989341
leaf_count=8 6 21 30 16 150 12
internal_value=0.000271533 0.023506 0.00864253 0.0203319 -0.0233142 -0.002458
internal_weight=38.3693 19.3286 10.817 8.30152 19.0407 2.83424
internal_count=243 75 54 24 168 18
is_linear=0
shrinkage=0.03


Tree=108
num_leaves=7
num_cat=0
split_feature=64 115 75 62 46 94
split_gain=17.7124 8.01067 3.21313 2.58422 2.22562 0.0014226
threshold=5.7853960990905771 -8.3872070312499982 7.0199682712554941 25.148100852966312 1008.772430419922 0.03385134972631932
decision_type=2 2 2 2 2 2
left_child=3 -2 4 -1 -3 -5
right_child=1 2 -4 5 -6 -7
leaf_value=0.0068877936759481886 -0.02656729213161502 0.041703863472708241 -0.00029444981389114866 -0.027064989378079815 0.018354202105260953 -0.026471644445863172
leaf_weight=2.3659690394997623 3.0647887066006687 8.6549601592123526 3.4539034701883784 9.0614588465541583 6.3837831430137149 6.0748093593865624
leaf_count=7 21 22 14 77 29 73
internal_value=0.000151364 0.0183544 0.0257993 -0.0222693 0.0317922 -0.0268269
internal_weight=39.0597 21.5574 18.4926 17.5022 15.0387 15.1363
internal_count=243 86 65 157 51 150
is_linear=0
shrinkage=0.03


Tree=109
num_leaves=7
num_cat=0
split_feature=7 20 105 20 76 107
split_gain=30.4437 7.74814 0.632073 0.571073 2.87498 0.00216493
threshold=3.4627109766006474 -0.49895581603050226 25.912281036376957 1.0000000180025095e-35 1011.3947753906251 1000.0175170898439
decision_type=2 2 2 2 2 2
left_child=2 -2 -1 -4 -5 -3
right_child=1 5 3 4 -6 -7
leaf_value=0.039534741630974909 0.038357366725773112 -0.026643712311360417 0.038829353189330139 -0.027481443248889903 0.038756023352160031 -0.027324525722671526
leaf_weight=9.0234210491180402 1.7784626483917261 15.473190747201444 1.7925423383712757 0.87942807935178291 1.7904344797134399 5.7717327401041976
leaf_count=5 1 168 1 23 1 44
internal_value=-0.000826967 -0.0217933 0.0349674 0.0257317 0.016938 -0.0268287
internal_weight=36.5092 23.0234 13.4858 4.4624 2.66986 21.2449
internal_count=243 213 30 25 24 212
is_linear=0
shrinkage=0.03


Tree=110
num_leaves=7
num_cat=0
split_feature=105 49 120 113 75 95
split_gain=10.9393 7.94264 5.51891 3.43261 4.88204 1.38108
threshold=24.701754570007328 8.8726692199707049 42.528005599975593 8.2321052551269549 5.015493869781495 1.1475200057029726
decision_type=2 2 2 2 2 2
left_child=2 5 -1 -4 -5 -2
right_child=1 -3 3 4 -6 -7
leaf_value=-0.01248977426380363 -0.026998965598420313 0.028476991420299452 0.040495167322816029 -0.012453762147993205 0.03848657229575262 -0.0023848511988865508
leaf_weight=4.3929395079612759 14.324518833309417 3.147248111665248 7.1992031633853895 3.7092587202787399 3.1154078245162964 2.3945620711892834
leaf_count=9 182 6 9 10 6 21
internal_value=0.000196942 -0.0152436 0.0168527 0.0260442 0.0108001 -0.0234737
internal_weight=38.2831 19.8663 18.4168 14.0239 6.82467 16.7191
internal_count=243 209 34 25 16 203
is_linear=0
shrinkage=0.03


Tree=111
num_leaves=7
num_cat=0
split_feature=105 52 113 78 112 94
split_gain=15.5622 6.19715 4.21183 5.91177 1.36355 1.40905
threshold=26.151315689086918 8.4949560165405291 2.3941749334335332 14.140171527862551 18.875074386596683 -0.69897162914276112
decision_type=2 2 2 2 2 2
left_child=4 2 -2 -4 5 -1
right_child=1 -3 3 -5 -6 -7
leaf_value=0.017519257345642501 -0.026720946943856023 -0.024002978785992082 0.039452715064697372 0.0012004468456855563 -0.026106423553802945 -0.021727158790171133
leaf_weight=1.4569885283708575 1.3890329599380553 2.8540700227022162 11.744590837508442 5.2668085023760787 13.096516817808149 1.893040388822558
leaf_count=12 2 13 122 35 54 5
internal_value=0.000173677 0.0171284 0.0235083 0.0276096 -0.0217376 -0.00465818
internal_weight=37.701 21.2545 18.4004 17.0114 16.4465 3.35003
internal_count=243 172 159 157 71 17
is_linear=0
shrinkage=0.03


Tree=112
num_leaves=7
num_cat=0
split_feature=115 30 92 66 51 79
split_gain=22.1722 5.67745 5.13584 2.285 1.58235 3.00008
threshold=-7.0140075683593741 15.219958782196047 20.78845310211182 50.282379150390632 44.911840438842781 -0.56693112850189198
decision_type=2 2 2 2 2 2
left_child=1 2 3 -1 5 -2
right_child=4 -3 -4 -5 -6 -7
leaf_value=0.040450223874530636 0.037722747426105437 0.041289103785643086 -0.029742980187078608 0.0077197883789035223 -0.026856635390472693 -0.026528716004974952
leaf_weight=3.028295040130617 1.0494340546429159 8.4443993270397169 2.4507843498140565 5.2436676546931267 15.699984304606913 1.7359693460166479
leaf_count=8 6 21 30 16 150 12
internal_value=0.000282292 0.0228904 0.00840098 0.0197021 -0.0231596 -0.00232121
internal_weight=37.6525 19.1671 10.7227 8.27196 18.4854 2.7854
internal_count=243 75 54 24 168 18
is_linear=0
shrinkage=0.03


Tree=113
num_leaves=7
num_cat=0
split_feature=64 115 45 20 62 91
split_gain=16.8295 7.4858 3.1638 6.1307 2.5181 0.63398
threshold=5.7853960990905771 -8.3872070312499982 6.3484516143798837 2.7903258800506596 25.148100852966312 1002.186492919922
decision_type=2 2 2 2 2 2
left_child=4 -2 3 -3 -1 -4
right_child=1 2 5 -5 -6 -7
leaf_value=0.006575606689587535 -0.026453235987033179 -0.010106511215451161 0.010967108429039148 0.039556818143896555 -0.026726133739359274 0.039514674019986998
leaf_weight=2.374691657721999 2.9523605704307583 4.9523659534752387 0.76197473704814811 4.0801671706140041 14.653745299205182 8.6263636611402017
leaf_count=7 21 27 3 11 150 24
internal_value=0.000167948 0.0178949 0.0250027 0.0123274 -0.0220821 0.0371977
internal_weight=38.4017 21.3732 18.4209 9.03253 17.0284 9.38834
internal_count=243 86 65 38 157 27
is_linear=0
shrinkage=0.03


Tree=114
num_leaves=7
num_cat=0
split_feature=7 20 105 20 76 107
split_gain=28.8903 7.39191 0.585982 0.533155 2.71871 0.00207694
threshold=3.4627109766006474 -0.49895581603050226 25.912281036376957 1.0000000180025095e-35 1011.3947753906251 1000.0175170898439
decision_type=2 2 2 2 2 2
left_child=2 -2 -1 -4 -5 -3
right_child=1 5 3 4 -6 -7
leaf_value=0.03860098144105336 0.037499701566083003 -0.026545888165756319 0.037936670551708601 -0.027387316395026399 0.037869883050625733 -0.027222484127818185
leaf_weight=8.8947253227233869 1.7495889663696313 14.980357177555563 1.7648512125015248 0.85246754065155994 1.76259446144104 5.6133082471787921
leaf_count=5 1 168 1 23 1 44
internal_value=-0.000875006 -0.0217008 0.034178 0.0251957 0.0165971 -0.0267303
internal_weight=35.6179 22.3433 13.2746 4.37991 2.61506 20.5937
internal_count=243 213 30 25 24 212
is_linear=0
shrinkage=0.03


Tree=115
num_leaves=7
num_cat=0
split_feature=105 49 120 113 75 95
split_gain=10.4095 7.5291 5.13282 3.24062 4.53899 1.35446
threshold=24.701754570007328 8.8726692199707049 42.528005599975593 8.2321052551269549 5.015493869781495 1.1475200057029726
decision_type=2 2 2 2 2 2
left_child=2 5 -1 -4 -5 -2
right_child=1 -3 3 4 -6 -7
leaf_value=-0.012146720170622892 -0.02689961484699924 0.027524954829735441 0.039431083069428219 -0.012179678674605435 0.037006428410426659 -0.0023702542600717966
leaf_weight=4.3105491101741817 13.874926885589963 3.125650353729724 7.1371546387672407 3.6642607152462006 3.1317190527915955 2.372397916391491
leaf_count=9 182 6 9 10 6 21
internal_value=0.00019967 -0.0151149 0.0164622 0.025313 0.0104862 -0.0233179
internal_weight=37.6167 19.373 18.2437 13.9331 6.79598 16.2473
internal_count=243 209 34 25 16 203
is_linear=0
shrinkage=0.03


Tree=116
num_leaves=7
num_cat=0
split_feature=105 52 32 20 114 105
split_gain=14.7441 5.90776 4.68495 2.60243 1.58021 1.35603
threshold=26.151315689086918 8.0642027854919451 25.66069316864014 1.578684985637665 25.13358306884766 25.364035606384281
decision_type=2 2 2 2 2 2
left_child=5 2 3 -2 -4 -1
right_child=1 -3 4 -5 -6 -7
leaf_value=-0.026640338940052806 -0.013318541711673682 -0.013889844666324185 0.03933064964034521 0.029307341364687309 -0.0071873293831749658 -0.0066272182064631424
leaf_weight=11.898035921156405 3.4772213101387086 4.4637802466750136 10.273016296327111 2.0484634339809418 0.70214851945638734 4.0960490405559531
leaf_count=46 15 24 111 18 4 25
internal_value=0.000178767 0.0167291 0.0250121 0.00248358 0.0363546 -0.021515
internal_weight=36.9587 20.9646 16.5008 5.52568 10.9752 15.9941
internal_count=243 172 148 33 115 71
is_linear=0
shrinkage=0.03


Tree=117
num_leaves=7
num_cat=0
split_feature=115 30 92 66 51 79
split_gain=21.0287 5.35364 4.88195 2.14588 1.55044 2.82483
threshold=-7.0140075683593741 15.219958782196047 20.78845310211182 50.282379150390632 44.911840438842781 -0.56693112850189198
decision_type=2 2 2 2 2 2
left_child=1 2 3 -1 5 -2
right_child=4 -3 -4 -5 -6 -7
leaf_value=0.039330933894964552 0.036145133832792498 0.040241404961136137 -0.029563283336042703 0.0075201303963520622 -0.026749480781315987 -0.026434758604448098
leaf_weight=3.0035807415843028 1.0589514486491682 8.3674695491790754 2.3924365639686576 5.2348375245928764 15.192937098443506 1.6776494272053266
leaf_count=8 6 21 30 16 150 12
internal_value=0.000298291 0.022291 0.00816228 0.0191178 -0.0230054 -0.00221893
internal_weight=36.9279 18.9983 10.6309 8.23842 17.9295 2.7366
internal_count=243 75 54 24 168 18
is_linear=0
shrinkage=0.03


Tree=118
num_leaves=7
num_cat=0
split_feature=64 115 45 63 62 91
split_gain=16.007 7.0179 2.99835 5.93737 2.44848 0.607843
threshold=5.7853960990905771 -8.3872070312499982 6.3484516143798837 22.477734565734867 25.148100852966312 1002.186492919922
decision_type=2 2 2 2 2 2
left_child=4 -2 3 -3 -1 -4
right_child=1 2 5 -5 -6 -7
leaf_value=0.0062390076804638228 -0.02634640663625543 -0.032020820254003331 0.010481249614024834 0.025461899736903194 -0.026625575831596762 0.038512734077615234
leaf_weight=2.3831862062215832 2.8450462482869652 2.1144704483449477 0.75789441168308158 6.8764724768698215 14.178417710587381 8.5545042231678945
leaf_count=7 21 14 3 24 150 24
internal_value=0.000190545 0.0174872 0.0243006 0.0119432 -0.0218964 0.0362314
internal_weight=37.71 21.1484 18.3033 8.99094 16.5616 9.3124
internal_count=243 86 65 38 157 27
is_linear=0
shrinkage=0.03


Tree=119
num_leaves=7
num_cat=0
split_feature=118 18 20 115 17 2
split_gain=27.4476 4.87245 0.00111043 0.000508519 0.000776315 3.216e-05
threshold=1002.8162536621095 22.959936141967777 1.0000000180025095e-35 -8.5892028808593732 27.232234954833988 23.100317001342777
decision_type=2 2 2 2 2 2
left_child=2 -2 -1 5 -5 -4
right_child=1 -3 3 4 -6 -7
leaf_value=-0.027949874804230904 0.036476065749975521 -0.00057080110100660674 -0.026314459357030164 -0.026809718826187438 -0.02636431623573467 -0.026100319737680344
leaf_weight=0.47900684364140289 12.325734067708256 4.3131998144090167 0.84231641888618947 6.391120452433821 7.8448576238006353 2.5183291919529438
leaf_count=3 10 14 5 63 126 22
internal_value=-0.000930982 0.0268727 -0.0265247 -0.0264859 -0.0265643 -0.026154
internal_weight=34.7146 16.6389 18.0756 17.5966 14.236 3.36065
internal_count=243 24 219 216 189 27
is_linear=0
shrinkage=0.03


Tree=120
num_leaves=7
num_cat=0
split_feature=105 49 120 113 75 95
split_gain=9.89303 7.15673 4.76243 3.10204 4.23612 1.32593
threshold=24.701754570007328 8.8726692199707049 42.528005599975593 8.2321052551269549 5.015493869781495 1.1475200057029726
decision_type=2 2 2 2 2 2
left_child=2 5 -1 -4 -5 -2
right_child=1 -3 3 4 -6 -7
leaf_value=-0.011782302469159522 -0.026804834083901722 0.026678958399149803 0.038477691484788017 -0.011980101356177065 0.035558033903997914 -0.0023814953895167222
leaf_weight=4.23303955793381 13.429208789020779 3.1020515635609618 7.0721817314624769 3.6352295130491257 3.1479504853487015 2.3507638666778794
leaf_count=9 182 6 9 10 6 21
internal_value=0.000211635 -0.0149776 0.0160672 0.0245757 0.0100815 -0.0231665
internal_weight=36.9704 18.882 18.0884 13.8554 6.78318 15.78
internal_count=243 209 34 25 16 203
is_linear=0
shrinkage=0.03


Tree=121
num_leaves=7
num_cat=0
split_feature=105 52 17 16 112 81
split_gain=14.0121 5.57821 3.76338 3.36871 1.38452 1.35075
threshold=26.151315689086918 8.4949560165405291 27.867669105529789 1002.9345703125001 18.875074386596683 25.089239120483402
decision_type=2 2 2 2 2 2
left_child=4 2 3 -2 5 -1
right_child=1 -3 -4 -5 -6 -7
leaf_value=-0.02641221224267204 -0.010765464339997349 -0.023650101789664816 0.038725661899078542 0.024275251541943838 -0.025877601388285418 0.012812156295604067
leaf_weight=1.3723257482051843 4.0043029636144691 2.7181240692734709 7.4731377586722365 6.4410295784473419 12.338840611279009 1.8625400364398954
leaf_count=3 23 13 83 53 54 14
internal_value=0.000184619 0.0163965 0.0224713 0.0108421 -0.0212976 -0.00382798
internal_weight=36.2103 20.6366 17.9185 10.4453 15.5737 3.23487
internal_count=243 172 159 76 71 17
is_linear=0
shrinkage=0.03


Tree=122
num_leaves=7
num_cat=0
split_feature=115 30 92 66 51 79
split_gain=19.9629 5.04286 4.65374 2.02287 1.5243 2.65917
threshold=-7.0140075683593741 15.219958782196047 20.78845310211182 50.282379150390632 44.911840438842781 -0.56693112850189198
decision_type=2 2 2 2 2 2
left_child=1 2 3 -1 5 -2
right_child=4 -3 -4 -5 -6 -7
leaf_value=0.038346686541088783 0.034608056688319122 0.039241019894576359 -0.029410072292734211 0.0073470994200163118 -0.026649917555325895 -0.026340206179636286
leaf_weight=2.974160812795164 1.0701427571475508 8.2837420105934125 2.3349410630762568 5.2189496457576752 14.709924587979911 1.6189181134104753
leaf_count=8 6 21 30 16 150 12
internal_value=0.000308187 0.0217303 0.00795233 0.0186002 -0.0228534 -0.00208514
internal_weight=36.2108 18.8118 10.5281 8.19311 17.399 2.68906
internal_count=243 75 54 24 168 18
is_linear=0
shrinkage=0.03


Tree=123
num_leaves=7
num_cat=0
split_feature=64 115 45 63 62 75
split_gain=15.2316 6.57802 2.85076 5.61231 2.38787 0.590107
threshold=5.7853960990905771 -8.3872070312499982 6.3484516143798837 22.477734565734867 25.148100852966312 1.9939728379249575
decision_type=2 2 2 2 2 2
left_child=4 -2 3 -3 -1 -4
right_child=1 2 5 -5 -6 -7
leaf_value=0.0059626572277671304 -0.026243017186266222 -0.031757678002804518 0.010759730192244448 0.024600764103295505 -0.026533803098830699 0.037669633392029861
leaf_weight=2.3893303573131588 2.7390096634626415 2.0691664479672927 0.80335274338722129 6.8707425110042095 13.726006764918564 8.4243274442851526
leaf_count=7 21 14 4 24 150 23
internal_value=0.00020157 0.017096 0.0236299 0.0115564 -0.0217157 0.0353269
internal_weight=37.0219 20.9066 18.1676 8.93991 16.1153 9.22768
internal_count=243 86 65 38 157 27
is_linear=0
shrinkage=0.03


Tree=124
num_leaves=7
num_cat=0
split_feature=7 20 105 20 76 118
split_gain=26.1808 6.74058 0.528292 0.474023 2.45374 0.00211091
threshold=3.4627109766006474 -0.49895581603050226 25.912281036376957 1.0000000180025095e-35 1011.3947753906251 1002.4999389648439
decision_type=2 2 2 2 2 2
left_child=2 -2 -1 -4 -5 -3
right_child=1 5 3 4 -6 -7
leaf_value=0.037054295786853937 0.035974742508795628 -0.026432971358210693 0.036308384972807833 -0.027272763746233008 0.036252123784875093 -0.027334443423489757
leaf_weight=8.6247038841247541 1.6863135099411035 16.66128741949797 1.7015891075134266 0.80725280568003666 1.6990728378295898 2.7193596288561812
leaf_count=5 1 197 1 23 1 15
internal_value=-0.000977344 -0.0215539 0.0328026 0.0240882 0.0157916 -0.0265595
internal_weight=33.8996 21.067 12.8326 4.20791 2.50633 19.3806
internal_count=243 213 30 25 24 212
is_linear=0
shrinkage=0.03


Tree=125
num_leaves=7
num_cat=0
split_feature=105 49 50 50 95 35
split_gain=9.40596 6.77253 4.38609 7.93571 1.3115 2.73959
threshold=24.701754570007328 8.8726692199707049 -0.41409730911254877 1.2576818466186526 1.1475200057029726 0.027416908182203773
decision_type=2 2 2 2 2 2
left_child=2 4 -1 -4 -2 -6
right_child=1 -3 3 -5 5 -7
leaf_value=0.02793740036980431 -0.026713037878300257 0.025770206324784002 -0.029087240437641739 0.03453917234070733 0.040248193067938295 -0.027170504279807346
leaf_weight=10.66116873919964 12.997021900489928 3.0774142146110526 4.1937538087368003 3.045325294137001 0.86024248600006048 1.4684423580765722
leaf_count=14 182 6 15 5 1 20
internal_value=0.000217175 -0.0148431 0.0157005 -0.00232097 -0.0229983 -0.00226528
internal_weight=36.3034 18.4031 17.9002 7.23908 15.3257 2.32868
internal_count=243 209 34 20 203 21
is_linear=0
shrinkage=0.03


Tree=126
num_leaves=7
num_cat=0
split_feature=105 52 113 78 105 117
split_gain=13.3026 5.26133 3.69213 5.00508 1.38164 2.77915
threshold=26.151315689086918 8.4949560165405291 2.3941749334335332 14.140171527862551 25.364035606384281 282.31730651855474
decision_type=2 2 2 2 2 2
left_child=4 2 -2 -4 -1 -6
right_child=1 -3 3 -5 5 -7
leaf_value=-0.026466313399879985 -0.026527312712147869 -0.023443936175277506 0.03699743891605313 0.001192643851390532 0.02384259343708945 -0.027151231086906018
leaf_weight=11.198713757097719 1.309087872505194 2.6407246440649024 11.265909358859064 5.1064068824052802 1.6525865048170083 2.3013751357793808
leaf_count=46 2 13 122 35 12 13
internal_value=0.000191473 0.0160546 0.0219538 0.0258302 -0.0210835 -0.005838
internal_weight=35.4748 20.3221 17.6814 16.3723 15.1527 3.95396
internal_count=243 172 159 157 71 25
is_linear=0
shrinkage=0.03


Tree=127
num_leaves=7
num_cat=0
split_feature=115 30 92 32 51 79
split_gain=18.9099 4.76694 4.4297 1.94874 1.50358 2.51712
threshold=-7.0140075683593741 15.219958782196047 20.78845310211182 25.458197593688968 44.911840438842781 -0.56693112850189198
decision_type=2 2 2 2 2 2
left_child=1 2 3 -1 5 -2
right_child=4 -3 -4 -5 -6 -7
leaf_value=0.030102042951642229 0.033357862293865698 0.038290425092556805 -0.029278120998856287 0.00019076280573021486 -0.026552709414716845 -0.026248556716017436
leaf_weight=4.8631856516003626 1.0780558027327063 8.1882013976573926 2.2779384907335034 3.2841192707419395 14.229234453290699 1.5606940463185335
leaf_count=14 6 21 30 10 150 12
internal_value=0.000310732 0.0211597 0.00770481 0.018045 -0.0226956 -0.00189648
internal_weight=35.4814 18.6134 10.4252 8.1473 16.868 2.63875
internal_count=243 75 54 24 168 18
is_linear=0
shrinkage=0.03


Tree=128
num_leaves=7
num_cat=0
split_feature=64 115 96 49 96 62
split_gain=14.4711 6.17387 2.7355 3.31102 2.32991 2.32249
threshold=5.7853960990905771 -8.3872070312499982 43.75880432128907 8.8726692199707049 38.722625732421882 25.148100852966312
decision_type=2 2 2 2 2 2
left_child=5 -2 4 -4 -3 -1
right_child=1 2 3 -5 -6 -7
leaf_value=0.005650944208940337 -0.026148416142158966 -0.0092081414383271571 -0.030783805845141968 0.040266081040534307 0.03143454379837296 -0.02644201443164668
leaf_weight=2.3958392590284339 2.6395332179963615 1.3956604860723043 1.6661686226725572 0.91419565677642811 14.038599733263252 13.270328016951678
leaf_count=7 21 8 18 2 37 150
internal_value=0.000208989 0.016701 0.0229794 -0.00561159 0.0277594 -0.021534
internal_weight=36.3203 20.6542 18.0146 2.58036 15.4343 15.6662
internal_count=243 86 65 20 45 157
is_linear=0
shrinkage=0.03


Tree=129
num_leaves=7
num_cat=0
split_feature=7 20 105 20 76 107
split_gain=24.9293 6.43793 0.483987 0.447428 2.34251 0.00198157
threshold=3.4627109766006474 -0.49895581603050226 25.912281036376957 1.0000000180025095e-35 1011.3947753906251 1000.0175170898439
decision_type=2 2 2 2 2 2
left_child=2 -2 -1 -4 -5 -3
right_child=1 5 3 4 -6 -7
leaf_value=0.036296260889490214 0.035294040241535714 -0.026282166905078258 0.035726531908590514 -0.027189591938681257 0.035674401547779566 -0.026971234710000316
leaf_weight=8.4645020961761457 1.6523957252502466 13.582316976040604 1.6743854284286488 0.78350002877414238 1.6718171834945679 5.1917226687073699
leaf_count=5 1 168 1 23 1 44
internal_value=-0.00100823 -0.0214761 0.0321884 0.0237688 0.0156143 -0.0264727
internal_weight=33.0206 20.4264 12.5942 4.1297 2.45532 18.774
internal_count=243 213 30 25 24 212
is_linear=0
shrinkage=0.03


Tree=130
num_leaves=7
num_cat=0
split_feature=105 49 50 50 95 35
split_gain=8.98027 6.43944 4.06746 7.56597 1.263 2.59313
threshold=24.701754570007328 8.8726692199707049 -0.41409730911254877 1.2576818466186526 1.1475200057029726 0.027416908182203773
decision_type=2 2 2 2 2 2
left_child=2 4 -1 -4 -2 -6
right_child=1 -3 3 -5 5 -7
leaf_value=0.027148608759903065 -0.026625610975403158 0.024972110743340187 -0.028932779758536468 0.033630767119630596 0.039197502351996344 -0.027062320956450683
leaf_weight=10.600240990519525 12.579765353351833 3.0466487184166899 4.0688536316156378 3.0390009433031082 0.8483284711837763 1.4236764144152401
leaf_count=14 182 6 15 5 1 20
internal_value=0.000228165 -0.0147576 0.015375 -0.0021834 -0.0229077 -0.00232202
internal_weight=35.6065 17.8984 17.7081 7.10785 14.8518 2.272
internal_count=243 209 34 20 203 21
is_linear=0
shrinkage=0.03


Tree=131
num_leaves=7
num_cat=0
split_feature=105 52 113 78 112 94
split_gain=12.5977 4.94927 3.45403 4.72281 1.38931 1.27281
threshold=26.151315689086918 8.4949560165405291 2.3941749334335332 14.140171527862551 18.875074386596683 -0.69897162914276112
decision_type=2 2 2 2 2 2
left_child=4 2 -2 -4 5 -1
right_child=1 -3 3 -5 -6 -7
leaf_value=0.017513143847762362 -0.026412226711109068 -0.023230186707957901 0.036115621886940966 0.0011734760513452788 -0.025653275554898065 -0.020844763643230346
leaf_weight=1.4461203664541247 1.2603879570961058 2.5627065226435652 11.093492969870569 5.0734497010707846 11.599067136645315 1.6866085156798352
leaf_count=12 2 13 122 35 54 5
internal_value=0.000184186 0.0156968 0.0214211 0.0251502 -0.0208654 -0.00313811
internal_weight=34.7218 19.99 17.4273 16.1669 14.7318 3.13273
internal_count=243 172 159 157 71 17
is_linear=0
shrinkage=0.03


Tree=132
num_leaves=7
num_cat=0
split_feature=115 30 92 66 51 0
split_gain=17.9295 4.515 4.19581 1.8598 1.48303 2.40625
threshold=-7.0140075683593741 15.219958782196047 20.78845310211182 50.282379150390632 44.911840438842781 8.5681910514831561
decision_type=2 2 2 2 2 2
left_child=1 2 3 -1 5 -2
right_child=4 -3 -4 -5 -6 -7
leaf_value=0.036670450979670914 -0.026428748958378507 0.037419655165106397 -0.029107373156024852 0.0067089556642976871 -0.026460437723993726 0.032154158224477758
leaf_weight=2.9116222113370913 1.4950969479978113 8.0822167098522169 2.2157104089856139 5.1850915774703026 13.765222316607831 1.0918360054492948
leaf_count=8 14 21 30 16 150 4
internal_value=0.000312461 0.0206309 0.00747288 0.0174833 -0.0225438 -0.00170336
internal_weight=34.7468 18.3946 10.3124 8.09671 16.3522 2.58693
internal_count=243 75 54 24 168 18
is_linear=0
shrinkage=0.03


Tree=133
num_leaves=7
num_cat=0
split_feature=64 115 45 20 62 91
split_gain=13.7224 5.7953 2.69182 5.23676 2.26522 0.554194
threshold=5.7853960990905771 -8.3872070312499982 6.3484516143798837 2.7903258800506596 25.148100852966312 1002.186492919922
decision_type=2 2 2 2 2 2
left_child=4 -2 3 -3 -1 -4
right_child=1 2 5 -5 -6 -7
leaf_value=0.0054172263085667796 -0.026059736390945967 -0.010482113189924496 0.0088669658724351442 0.035865136866288935 -0.026351768643161969 0.036096551604943995
leaf_weight=2.3977708369493476 2.5445563681423691 4.8272989615798014 0.7322511225938787 4.0223378203809261 12.820350989699362 8.2717550508677942
leaf_count=7 21 27 3 11 150 24
internal_value=0.00021271 0.0162968 0.0223336 0.0105836 -0.0213462 0.0338821
internal_weight=35.6163 20.3982 17.8536 8.84964 15.2181 9.00401
internal_count=243 86 65 38 157 27
is_linear=0
shrinkage=0.03


Tree=134
num_leaves=7
num_cat=0
split_feature=7 20 105 20 76 107
split_gain=23.7833 6.12932 0.46443 0.42224 2.22338 0.0018867
threshold=3.4627109766006474 -0.49895581603050226 25.912281036376957 1.0000000180025095e-35 1011.3947753906251 1000.0175170898439
decision_type=2 2 2 2 2 2
left_child=2 -2 -1 -4 -5 -3
right_child=1 5 3 4 -6 -7
leaf_value=0.035681034766499579 0.034610169261225565 -0.026197728790493622 0.035018446501650938 -0.027102530187996042 0.03497083303772508 -0.026880327272309809
leaf_weight=8.3230040073394758 1.6142930984497095 13.135228892788293 1.6375483274459828 0.76109623163938533 1.6349149942398071 5.0436393432319155
leaf_count=5 1 168 1 23 1 44
internal_value=-0.00102497 -0.0214123 0.0316321 0.0232775 0.0152531 -0.0263871
internal_weight=32.1497 19.7932 12.3566 4.03356 2.39601 18.1789
internal_count=243 213 30 25 24 212
is_linear=0
shrinkage=0.03


Tree=135
num_leaves=7
num_cat=0
split_feature=105 49 0 62 65 95
split_gain=8.56467 6.12139 3.90924 5.55891 2.59005 1.21786
threshold=24.701754570007328 8.8726692199707049 8.5681910514831561 25.273878097534183 -1.549438953399658 1.1475200057029726
decision_type=2 2 2 2 2 2
left_child=2 5 3 -1 -5 -2
right_child=1 -3 -4 4 -6 -7
leaf_value=0.033191288993532853 -0.026542742042792462 0.024196496681558426 0.032035548477644227 0.0094028361860860749 -0.028503080143275978 -0.0023545787543026555
leaf_weight=3.6171531826257723 12.172896830365064 3.0144129469990721 7.1849283277988425 2.7508092522621164 3.9545721262693396 2.2141698412597171
leaf_count=6 182 6 12 4 12 21
internal_value=0.000229218 -0.0146756 0.0150438 0.00321684 -0.0129526 -0.0228202
internal_weight=34.9089 17.4015 17.5075 10.3225 6.70538 14.3871
internal_count=243 209 34 22 16 203
is_linear=0
shrinkage=0.03


Tree=136
num_leaves=7
num_cat=0
split_feature=105 52 32 20 105 16
split_gain=11.9292 4.72666 3.78135 2.18029 1.39501 3.19071
threshold=26.151315689086918 8.0642027854919451 25.66069316864014 1.578684985637665 25.364035606384281 1004.2008361816407
decision_type=2 2 2 2 2 2
left_child=4 2 3 -2 -1 -6
right_child=1 -3 -4 -5 5 -7
leaf_value=-0.026293496779728504 -0.01269239162042096 -0.013046016299045751 0.033612945150236336 0.027101516157245112 -0.026967152017293553 0.029285331439348888
leaf_weight=10.496763214468954 3.2810633778572109 4.1580376401543608 10.228572219610212 1.9911375716328619 2.3368619531393047 1.4836664274334905
leaf_count=46 15 24 115 18 14 11
internal_value=0.000185997 0.0153562 0.022975 0.00233646 -0.020644 -0.00512203
internal_weight=33.9761 19.6588 15.5008 5.2722 14.3173 3.82053
internal_count=243 172 148 33 71 25
is_linear=0
shrinkage=0.03


Tree=137
num_leaves=7
num_cat=0
split_feature=115 30 92 32 51 79
split_gain=17.0129 4.29444 3.98921 1.78324 1.45227 2.2707
threshold=-7.0140075683593741 15.219958782196047 20.78845310211182 25.458197593688968 44.911840438842781 -0.56693112850189198
decision_type=2 2 2 2 2 2
left_child=1 2 3 -1 5 -2
right_child=4 -3 -4 -5 -6 -7
leaf_value=0.028613060144160336 0.031233858492701865 0.036630749619088139 -0.028950104097236983 -0.00016981213503454323 -0.026370050049976331 -0.026097628730296724
leaf_weight=4.7871568426489848 1.0850002616643908 7.9709732234477988 2.1605539470911017 3.2540849521756172 13.302194362506269 1.4562259111553419
leaf_count=14 6 21 30 10 150 12
internal_value=0.000322266 0.0201322 0.00724131 0.0169654 -0.0224001 -0.00161941
internal_weight=34.0162 18.1728 10.2018 8.04124 15.8434 2.54123
internal_count=243 75 54 24 168 18
is_linear=0
shrinkage=0.03


Tree=138
num_leaves=7
num_cat=0
split_feature=64 115 75 62 46 94
split_gain=13.0246 5.44338 2.58335 2.20932 1.80849 0.00126684
threshold=5.7853960990905771 -8.3872070312499982 7.0199682712554941 25.148100852966312 1008.772430419922 0.03385134972631932
decision_type=2 2 2 2 2 2
left_child=3 -2 4 -1 -3 -5
right_child=1 2 -4 5 -6 -7
leaf_value=0.0051882701105840836 -0.025973942993679291 0.036414326634441392 -0.0023175928070177185 -0.026508840254116844 0.014936200966545729 -0.025886523857048694
leaf_weight=2.3989794850349417 2.4511201865971115 8.2243650853633898 3.2752611320465794 7.5636561382561904 6.1792554035782805 4.8202236872166395
leaf_count=7 21 22 14 77 29 73
internal_value=0.000220185 0.0159227 0.0217315 -0.0211621 0.0272001 -0.0262666
internal_weight=34.9129 20.13 17.6789 14.7829 14.4036 12.3839
internal_count=243 86 65 157 51 150
is_linear=0
shrinkage=0.03


Tree=139
num_leaves=7
num_cat=0
split_feature=7 20 105 20 76 107
split_gain=22.68 5.83749 0.444499 0.399307 2.11239 0.00180177
threshold=3.4627109766006474 -0.49895581603050226 25.912281036376957 1.0000000180025095e-35 1011.3947753906251 1000.0175170898439
decision_type=2 2 2 2 2 2
left_child=2 -2 -1 -4 -5 -3
right_child=1 5 3 4 -6 -7
leaf_value=0.035085421933713584 0.033977435835180765 -0.026117337995340831 0.034361455541035972 -0.02702173857435735 0.034317250520081506 -0.026794655803282219
leaf_weight=8.1699148416519183 1.5750895738601709 12.698926834389569 1.5993561744689935 0.73924545943737041 1.5966383218765259 4.8981326650828114
leaf_count=5 1 168 1 23 1 44
internal_value=-0.00105414 -0.0213533 0.0310956 0.0228125 0.0149051 -0.0263059
internal_weight=31.2773 19.1721 12.1052 3.93524 2.33588 17.5971
internal_count=243 213 30 25 24 212
is_linear=0
shrinkage=0.03


Tree=140
num_leaves=7
num_cat=0
split_feature=105 49 50 50 95 35
split_gain=8.16274 5.82601 3.65426 6.88853 1.18844 2.41278
threshold=24.701754570007328 8.8726692199707049 -0.41409730911254877 1.2576818466186526 1.1475200057029726 0.027416908182203773
decision_type=2 2 2 2 2 2
left_child=2 4 -1 -4 -2 -6
right_child=1 -3 3 -5 5 -7
leaf_value=0.02596877193602911 -0.026462188076030162 0.02350993975093086 -0.028707038691323968 0.031727761976320899 0.037912983602932021 -0.026939141718059802
leaf_weight=10.395339488983156 11.775174023583533 2.9816670194268218 3.8700268864631644 3.0236561745405197 0.83014309406280462 1.3657353948801754
leaf_count=14 182 6 15 5 1 20
internal_value=0.000232886 -0.0145591 0.0147372 -0.00219957 -0.0226837 -0.00242205
internal_weight=34.2417 16.9527 17.289 6.89368 13.9711 2.19588
internal_count=243 209 34 20 203 21
is_linear=0
shrinkage=0.03


Tree=141
num_leaves=7
num_cat=0
split_feature=105 16 96 116 118 105
split_gain=11.3704 4.99732 4.55173 4.35708 2.30268 0.963633
threshold=25.912281036376957 1003.0375061035157 39.375566482543952 8.4789535321760936e-05 993.42428588867199 25.364035606384281
decision_type=2 2 2 2 2 2
left_child=5 2 -2 -3 -4 -1
right_child=1 3 4 -5 -6 -7
leaf_value=-0.026208764271888282 0.037986083677653687 -0.011274919712674249 0.014850526176771349 0.036891956171767881 -0.022862735563082336 -0.0058080303834251931
leaf_weight=10.152694925665854 2.0205157473683375 2.0846614316105834 1.9882926195859907 8.9327350780367833 5.4539933800697327 2.6219948381185523
leaf_count=46 24 9 17 102 29 16
internal_value=0.000189714 0.0140442 -0.00194599 0.027778 -0.0127872 -0.0220215
internal_weight=33.2549 20.4802 9.4628 11.0174 7.44229 12.7747
internal_count=243 181 70 111 46 62
is_linear=0
shrinkage=0.03


Tree=142
num_leaves=7
num_cat=0
split_feature=115 30 92 66 51 0
split_gain=16.2051 4.10484 3.78915 1.72401 1.42697 2.17231
threshold=-7.0140075683593741 15.219958782196047 20.78845310211182 50.282379150390632 44.911840438842781 8.5681910514831561
decision_type=2 2 2 2 2 2
left_child=1 2 3 -1 5 -2
right_child=4 -3 -4 -5 -6 -7
leaf_value=0.035240919840396991 -0.026314658699149538 0.035967248759138447 -0.02879152035007404 0.0061176880577691372 -0.026289389758214318 0.030105982396146418
leaf_weight=2.8399721160531062 1.3958865366876119 7.8564480841159812 2.1020843777805567 5.1409045457839966 12.874605339020489 1.0966995432972906
leaf_count=8 14 21 30 16 150 4
internal_value=0.000342446 0.01971 0.00704272 0.0164811 -0.022267 -0.00149044
internal_weight=33.3066 17.9394 10.083 7.98088 15.3672 2.49259
internal_count=243 75 54 24 168 18
is_linear=0
shrinkage=0.03


Tree=143
num_leaves=7
num_cat=0
split_feature=64 115 45 63 62 91
split_gain=12.3764 5.1087 2.55776 4.84182 2.16126 0.537436
threshold=5.7853960990905771 -8.3872070312499982 6.3484516143798837 22.477734565734867 25.148100852966312 1002.186492919922
decision_type=2 2 2 2 2 2
left_child=4 -2 3 -3 -1 -4
right_child=1 2 5 -5 -6 -7
leaf_value=0.0050258896373519563 -0.02589102053389573 -0.031442134265143196 0.0076975244460199231 0.021782668187321108 -0.026188349810250859 0.034784638808235062
leaf_weight=2.3958196938037863 2.3586377799510982 1.9925403017550722 0.71791783720254798 6.7465729154646397 11.974163638427852 8.0658410154283029
leaf_count=7 21 14 3 24 150 24
internal_value=0.000227499 0.0155589 0.0211382 0.00964728 -0.0209842 0.0325707
internal_weight=34.2515 19.8815 17.5229 8.73911 14.37 8.78376
internal_count=243 86 65 38 157 27
is_linear=0
shrinkage=0.03


Tree=144
num_leaves=7
num_cat=0
split_feature=7 20 105 20 76 107
split_gain=21.6382 5.56092 0.417965 0.376647 2.00778 0.00175991
threshold=3.4627109766006474 -0.49895581603050226 25.912281036376957 1.0000000180025095e-35 1011.3947753906251 1000.131805419922
decision_type=2 2 2 2 2 2
left_child=2 -2 -1 -4 -5 -3
right_child=1 5 3 4 -6 -7
leaf_value=0.034491715278880904 0.033389183662786384 -0.026059086293418202 0.033790678092937121 -0.026937427171144446 0.033749953290499901 -0.026775653177329155
leaf_weight=8.0041840076446551 1.5349128246307397 12.996739739552142 1.5627391338348382 0.71575368195772182 1.5599969625473022 4.0447536315768948
leaf_count=5 1 173 1 23 1 39
internal_value=-0.00110067 -0.0213031 0.0305888 0.0224503 0.014663 -0.0262292
internal_weight=30.4191 18.5764 11.8427 3.83849 2.27575 17.0415
internal_count=243 213 30 25 24 212
is_linear=0
shrinkage=0.03


Tree=145
num_leaves=7
num_cat=0
split_feature=105 49 116 63 30 95
split_gain=7.77515 5.54519 3.52894 4.11669 6.42207 1.14418
threshold=24.701754570007328 8.8726692199707049 0.00013558243517763915 22.381794929504398 8.3161940574646014 1.1475200057029726
decision_type=2 2 2 2 2 2
left_child=2 5 -1 -4 -5 -2
right_child=1 -3 3 4 -6 -7
leaf_value=-0.0069430165734959302 -0.026382442058658705 0.022827680286341086 0.038114719270634999 0.037648494537538518 -0.029433357073017519 -0.0024534977710216552
leaf_weight=4.9458075165748623 11.382177129387857 2.9449836760759345 6.9893010854721052 2.4694992303848267 2.6765117943286896 2.1358960550278416
leaf_count=8 182 6 10 3 13 21
internal_value=0.000236933 -0.014475 0.0144165 0.0231217 0.00275829 -0.0226016
internal_weight=33.5442 16.4631 17.0811 12.1353 5.14601 13.5181
internal_count=243 209 34 26 16 203
is_linear=0
shrinkage=0.03


Tree=146
num_leaves=7
num_cat=0
split_feature=105 16 20 96 107 82
split_gain=10.8256 5.50836 7.07254 4.74782 2.25612 1.25654
threshold=25.364035606384281 1003.0375061035157 0.46099582314491278 38.722625732421882 993.79174804687511 3.1373307704925542
decision_type=2 2 2 2 2 2
left_child=-1 3 -3 -2 -5 -4
right_child=1 2 5 4 -6 -7
leaf_value=-0.02612620870308955 0.037317933216345987 -0.020367929573674379 0.03965339827499767 0.018629159987577824 -0.021674006147583344 -0.00045186402164598292
leaf_weight=9.8148381039500219 1.977700956165793 2.4556109756231299 9.0748881846666301 1.5278562605380992 6.8748868629336357 0.76214477419853288
leaf_count=46 24 8 106 13 40 6
internal_value=0.000194706 0.0115886 0.0251769 -0.00450269 -0.0143458 0.0365462
internal_weight=32.4879 22.6731 12.2926 10.3804 8.40274 9.83703
internal_count=243 197 120 77 53 112
is_linear=0
shrinkage=0.03


Tree=147
num_leaves=7
num_cat=0
split_feature=115 30 92 66 51 16
split_gain=15.3602 3.89464 3.60101 1.6459 1.40228 2.06949
threshold=-7.0140075683593741 15.219958782196047 20.78845310211182 50.282379150390632 44.911840438842781 1004.5821533203126
decision_type=2 2 2 2 2 2
left_child=1 2 3 -1 5 -2
right_child=4 -3 -4 -5 -6 -7
leaf_value=0.034497797237048988 0.028722933439643508 0.035208087626591882 -0.028652780646112336 0.005883806720950382 -0.026205571185418889 -0.026668753914825854
leaf_weight=2.7988447546958941 1.1178024038672441 7.7327596843242636 2.0453101191669703 5.1166996657848358 12.435887534171341 1.3284961804747579
leaf_count=8 7 21 30 16 150 11
internal_value=0.000340719 0.0192336 0.00683233 0.0160014 -0.0221212 -0.00135829
internal_weight=32.5758 17.6936 9.96085 7.91554 14.8822 2.4463
internal_count=243 75 54 24 168 18
is_linear=0
shrinkage=0.03


Tree=148
num_leaves=7
num_cat=0
split_feature=64 115 45 20 62 91
split_gain=11.7174 4.79725 2.44515 4.61773 2.12352 0.519226
threshold=5.7853960990905771 -8.3872070312499982 6.3484516143798837 2.7903258800506596 25.148100852966312 1002.186492919922
decision_type=2 2 2 2 2 2
left_child=4 -2 3 -3 -1 -4
right_child=1 2 5 -5 -6 -7
leaf_value=0.0049380976395016225 -0.025812512077970935 -0.010688076260200135 0.0073054097316017407 0.033293088214934735 -0.026110844794990515 0.034041015565610136
leaf_weight=2.3928655236959449 2.2706921882927444 4.7279939483851212 0.71239086240529825 3.9380610249936581 11.558969173580406 7.9435414485633373
leaf_count=7 21 27 3 11 150 24
internal_value=0.000225881 0.0151881 0.0205627 0.00929801 -0.0207857 0.0318407
internal_weight=33.5445 19.5927 17.322 8.66605 13.9518 8.65593
internal_count=243 86 65 38 157 27
is_linear=0
shrinkage=0.03


Tree=149
num_leaves=7
num_cat=0
split_feature=7 20 105 20 76 107
split_gain=20.6811 5.29696 0.397552 0.356793 1.91244 0.00167264
threshold=3.4627109766006474 -0.49895581603050226 25.912281036376957 1.0000000180025095e-35 1011.3947753906251 1000.0175170898439
decision_type=2 2 2 2 2 2
left_child=2 -2 -1 -4 -5 -3
right_child=1 5 3 4 -6 -7
leaf_value=0.033977626818764942 0.032840070525964174 -0.025965251379090733 0.033260570635042896 -0.026860324181144962 0.033222348560609981 -0.026637549130350591
leaf_weight=7.8453814983367938 1.493877768516543 11.858006689697506 1.5256180763244631 0.69412469118833553 1.5228193998336792 4.631436198949813
leaf_count=5 1 168 1 23 1 44
internal_value=-0.00111424 -0.0212534 0.0301397 0.0220945 0.0144105 -0.0261541
internal_weight=29.5713 17.9833 11.5879 3.74256 2.21694 16.4894
internal_count=243 213 30 25 24 212
is_linear=0
shrinkage=0.03


Tree=150
num_leaves=7
num_cat=0
split_feature=51 34 50 50 49 105
split_gain=7.4741 8.35384 4.11441 7.73804 2.36812 2.18426
threshold=47.647039413452156 1.3386169075965884 -0.4890777319669723 1.2576818466186526 8.8726692199707049 24.258771896362308
decision_type=2 2 2 2 2 2
left_child=-1 2 5 -4 -3 -2
right_child=1 4 3 -5 -6 -7
leaf_value=-0.026691021303852033 0.037659818588636949 -0.02614546915934134 -0.028891411509507206 0.038139193421162329 0.027167114217376106 0.010523083202598803
leaf_weight=7.2286322489380828 8.1361618041992205 6.2656849082559338 3.7266873791813877 2.6536961570382118 0.85181701183319081 3.9731028247624627
leaf_count=60 10 124 14 5 2 28
internal_value=0.000247864 0.00785243 0.0184837 -0.00101239 -0.0197651 0.0287561
internal_weight=32.8358 25.6072 18.4896 6.38038 7.1175 12.1093
internal_count=243 183 57 19 126 38
is_linear=0
shrinkage=0.03


Tree=151
num_leaves=7
num_cat=0
split_feature=105 16 20 96 107 82
split_gain=10.3535 5.183 6.65393 4.48244 2.17447 1.19846
threshold=25.364035606384281 1003.0375061035157 0.46099582314491278 38.722625732421882 993.79174804687511 3.1373307704925542
decision_type=2 2 2 2 2 2
left_child=-1 3 -3 -2 -5 -4
right_child=1 2 5 4 -6 -7
leaf_value=-0.02604531066982 0.036704417961228669 -0.02014571606943991 0.038833840983877127 0.018170441174713264 -0.021432010111099211 -0.00055021893284805856
leaf_weight=9.4805357083678263 1.93441688269377 2.3887056410312644 8.9219402372837031 1.5337760746479014 6.6929092928767204 0.75416536629200059
leaf_count=46 24 8 106 13 40 6
internal_value=0.000203148 0.0113995 0.0246946 -0.00438648 -0.0140486 0.0357642
internal_weight=31.7064 22.2259 12.0648 10.1611 8.22669 9.67611
internal_count=243 197 120 77 53 112
is_linear=0
shrinkage=0.03


Tree=152
num_leaves=7
num_cat=0
split_feature=115 30 92 32 51 3
split_gain=14.5681 3.66867 3.43771 1.58252 1.36852 2.11532
threshold=-7.0140075683593741 15.219958782196047 20.78845310211182 25.458197593688968 44.911840438842781 16.855719566345218
decision_type=2 2 2 2 2 2
left_child=1 2 3 -1 5 -2
right_child=4 -3 -4 -5 -6 -7
leaf_value=0.026797019014447754 -0.02650218859246474 0.03445400120831224 -0.02850111563516863 -0.00064431372006501866 -0.026121699760373294 0.030141204062771057
leaf_weight=4.6497596800327354 1.3346405681222671 7.5923008918762198 1.9919290021061895 3.1882892549037933 12.004768012091516 1.0683271139860151
leaf_count=14 14 21 30 10 150 4
internal_value=0.00033312 0.0187896 0.00669109 0.0156347 -0.0219851 -0.0013193
internal_weight=31.83 17.4223 9.82998 7.83805 14.4077 2.40297
internal_count=243 75 54 24 168 18
is_linear=0
shrinkage=0.03


Tree=153
num_leaves=7
num_cat=0
split_feature=64 115 45 63 62 105
split_gain=11.1044 4.51593 2.34175 4.4397 2.086 0.479624
threshold=5.7853960990905771 -8.3872070312499982 6.3484516143798837 22.477734565734867 25.148100852966312 26.747806549072269
decision_type=2 2 2 2 2 2
left_child=4 -2 3 -3 -1 -4
right_child=1 2 5 -5 -6 -7
leaf_value=0.0048910265746941375 -0.025737828465893123 -0.03106279644987606 0.037658167023302623 0.020599527942348952 -0.026032477285796538 0.023362475471481802
leaf_weight=2.3827160894870749 2.1872850693762329 1.9311591908335701 4.6618468165397626 6.6605074927210808 11.152581825852392 3.8619682341814041
leaf_count=7 21 14 11 24 150 16
internal_value=0.000244426 0.0148529 0.0200402 0.00898733 -0.0205888 0.0311811
internal_weight=32.8381 19.3028 17.1155 8.59167 13.5353 8.52382
internal_count=243 86 65 38 157 27
is_linear=0
shrinkage=0.03


Tree=154
num_leaves=7
num_cat=0
split_feature=7 90 105 20 115 107
split_gain=19.7144 5.06658 0.3718 0.334308 1.35416 0.00157966
threshold=3.4627109766006474 0.61759227514266979 25.912281036376957 1.0000000180025095e-35 -4.2430419921874991 1000.0175170898439
decision_type=2 2 2 2 2 2
left_child=2 -2 -1 -4 -5 -3
right_child=1 5 3 4 -6 -7
leaf_value=0.033445784149403912 0.032375743317661625 -0.025892823000278651 0.032740925097505882 0.027978648060199441 -0.026996735065516048 -0.026556441621044792
leaf_weight=7.6638101339340228 1.4563018083572412 11.454484384506939 1.4860829114913943 1.6134537383913996 0.53761981055140484 4.4951671771705142
leaf_count=5 1 168 1 6 18 44
internal_value=-0.00115685 -0.0211891 0.0296971 0.0217983 0.0142386 -0.0260799
internal_weight=28.7069 17.406 11.301 3.63716 2.15107 15.9497
internal_count=243 213 30 25 24 212
is_linear=0
shrinkage=0.03


Tree=155
num_leaves=7
num_cat=0
split_feature=51 34 49 50 2 105
split_gain=7.14163 7.92884 3.8863 3.27931 1.77164 0.379467
threshold=47.647039413452156 0.83563998341560375 8.8726692199707049 -0.4890777319669723 22.496143341064457 23.043859481811527
decision_type=2 2 2 2 2 2
left_child=-1 3 4 5 -3 -2
right_child=1 2 -4 -5 -6 -7
leaf_value=-0.026587116769961117 0.037311448162277376 0.011418063761275516 0.030382037148591525 0.0031251149267862003 -0.026317346501770034 0.025017605476660949
leaf_weight=6.9780681934207669 5.6755089163780195 1.3221400752663592 1.598439373075961 5.4151605367660549 7.3148507513105869 3.7544402685016394
leaf_count=60 7 6 3 14 139 14
internal_value=0.000256952 0.00772568 -0.0125884 0.0217318 -0.0205409 0.0324168
internal_weight=32.0586 25.0805 10.2354 14.8451 8.63699 9.42995
internal_count=243 183 148 35 145 21
is_linear=0
shrinkage=0.03


Tree=156
num_leaves=7
num_cat=0
split_feature=105 16 20 96 107 82
split_gain=9.90006 4.87284 6.26698 4.22605 2.09587 1.14379
threshold=25.364035606384281 1003.0375061035157 0.46099582314491278 38.722625732421882 993.79174804687511 3.1373307704925542
decision_type=2 2 2 2 2 2
left_child=-1 3 -3 -2 -5 -4
right_child=1 2 5 4 -6 -7
leaf_value=-0.025965911255555588 0.036119173258524803 -0.019925911520608953 0.038052675644318808 0.017769670321926369 -0.021169066694279953 -0.00064022113771048273
leaf_weight=9.1473432332277316 1.8894528374075914 2.3249184787273398 8.76770573109388 1.5376905798912028 6.5150769650936127 0.74609270691871721
leaf_count=46 24 8 106 13 40 6
internal_value=0.000225147 0.0112246 0.0242282 -0.00425945 -0.0137336 0.0350183
internal_weight=30.9283 21.7809 11.8387 9.94222 8.05277 9.5138
internal_count=243 197 120 77 53 112
is_linear=0
shrinkage=0.03


Tree=157
num_leaves=7
num_cat=0
split_feature=115 30 92 66 51 3
split_gain=13.7939 3.47081 3.27745 1.51916 1.34308 2.00462
threshold=-7.0140075683593741 15.219958782196047 20.78845310211182 50.282379150390632 44.911840438842781 16.855719566345218
decision_type=2 2 2 2 2 2
left_child=1 2 3 -1 5 -2
right_child=4 -3 -4 -5 -6 -7
leaf_value=0.033312052892985319 -0.026426834817255735 0.033744728007628691 -0.028371362756067983 0.005486136034048612 -0.026038789383676292 0.02912605371132437
leaf_weight=2.7181767448782974 1.2873852178454392 7.4507468342781058 1.9388836883008478 5.0399381145834923 11.579329315572975 1.0709002949297426
leaf_count=8 14 21 30 16 150 4
internal_value=0.000330392 0.0183472 0.00651635 0.0152354 -0.021836 -0.0012002
internal_weight=31.0854 17.1477 9.697 7.75811 13.9376 2.35829
internal_count=243 75 54 24 168 18
is_linear=0
shrinkage=0.03


Tree=158
num_leaves=7
num_cat=0
split_feature=64 115 96 49 105 62
split_gain=10.5281 4.25814 2.2705 2.81506 2.3259 2.05354
threshold=5.7853960990905771 -8.3872070312499982 43.75880432128907 8.8726692199707049 23.043859481811527 25.148100852966312
decision_type=2 2 2 2 2 2
left_child=5 -2 4 -4 -3 -1
right_child=1 2 3 -5 -6 -7
leaf_value=0.0048815923285429616 -0.025666986652376923 -0.028643841665202573 -0.030849474215360131 0.036616586359247832 0.026834449500845386 -0.025957508346457818
leaf_weight=2.3717226162552825 2.1069649998098638 0.71556383371353405 1.5865067057311528 0.8574581742286681 13.73223374225199 10.75832307897508
leaf_count=7 21 2 18 2 43 150
internal_value=0.000270593 0.014547 0.0195631 -0.0071792 0.0240867 -0.0203869
internal_weight=32.1288 18.9987 16.8918 2.44396 14.4478 13.13
internal_count=243 86 65 20 45 157
is_linear=0
shrinkage=0.03


Tree=159
num_leaves=7
num_cat=0
split_feature=7 20 105 6 107 45
split_gain=18.7498 4.82561 0.348353 0.31603 0.00147638 0.00250667
threshold=3.4627109766006474 -0.49895581603050226 25.912281036376957 38.722709655761726 1000.0175170898439 2.7080788612365727
decision_type=2 2 2 2 2 2
left_child=2 -2 -1 -4 -3 -6
right_child=1 4 3 -5 5 -7
leaf_value=0.032901377814965278 0.031894394235146277 -0.025821988799324999 0.032258885767277819 0.014024653143399504 -0.028144803593406598 -0.026164062714142493
leaf_weight=7.4624135494232195 1.4143522977829022 11.05720292963087 1.4464063644409182 2.0937910638749599 0.68173245713114816 3.6736123636364937
leaf_count=5 1 168 1 24 9 35
internal_value=-0.00122766 -0.0211395 0.0292247 0.0214746 -0.0260063 -0.0264741
internal_weight=27.8295 16.8269 11.0026 3.5402 15.4125 4.35534
internal_count=243 213 30 25 212 44
is_linear=0
shrinkage=0.03


Tree=160
num_leaves=7
num_cat=0
split_feature=51 34 50 50 77 105
split_gain=6.8246 7.50349 3.64383 7.26244 2.18127 2.0497
threshold=47.647039413452156 1.3386169075965884 -0.4890777319669723 1.2576818466186526 26.762847900390629 24.258771896362308
decision_type=2 2 2 2 2 2
left_child=-1 2 5 -4 -3 -2
right_child=1 4 3 -5 -6 -7
leaf_value=-0.026487177506557262 0.036310845439477199 -0.026160927881757126 -0.028740593909598957 0.036984866108618557 0.025375120646286591 0.0096788829954127555
leaf_weight=6.736548230051997 7.8624210953712481 5.8117501996457568 3.5755690485239056 2.623062826693058 0.84685031697154034 3.8866292331367731
leaf_count=60 10 120 14 5 6 28
internal_value=0.000267207 0.00759185 0.0176825 -0.000927681 -0.0196065 0.0275009
internal_weight=31.3428 24.6063 17.9477 6.19863 6.6586 11.7491
internal_count=243 183 57 19 126 38
is_linear=0
shrinkage=0.03


Tree=161
num_leaves=7
num_cat=0
split_feature=105 16 20 96 107 82
split_gain=9.47798 4.58552 5.92751 3.99891 2.00183 1.10136
threshold=25.364035606384281 1003.0375061035157 0.46099582314491278 38.722625732421882 993.79174804687511 3.1373307704925542
decision_type=2 2 2 2 2 2
left_child=-1 3 -3 -2 -5 -4
right_child=1 2 5 4 -6 -7
leaf_value=-0.025891862957516058 0.035607715159208075 -0.019728922296727177 0.037349828234680756 0.01723046401605478 -0.02091883717554802 -0.00080934457474259014
leaf_weight=8.8346885368227976 1.8448350057005898 2.2680748403072348 8.6104633808135951 1.5386108011007307 6.3345601968467236 0.73916312307119447
leaf_count=46 24 8 106 13 40 6
internal_value=0.000238564 0.0110587 0.0237788 -0.004148 -0.0134635 0.034333
internal_weight=30.1704 21.3357 11.6177 9.71801 7.87317 9.34963
internal_count=243 197 120 77 53 112
is_linear=0
shrinkage=0.03


Tree=162
num_leaves=7
num_cat=0
split_feature=115 30 92 5 51 3
split_gain=13.073 3.29997 3.12517 1.48747 1.32201 1.90271
threshold=-7.0140075683593741 15.219958782196047 20.78845310211182 1.4510505795478823 44.911840438842781 16.855719566345218
decision_type=2 2 2 2 2 2
left_child=1 2 3 -1 5 -2
right_child=4 -3 -4 -5 -6 -7
leaf_value=-0.00065340649132944158 -0.026353175674490716 0.033110895786325374 -0.028243793935661274 0.026086095976088193 -0.025961079981785998 0.02822211094721587
leaf_weight=3.231983914971357 1.2394789792597287 7.3078871965408316 1.8878635037690399 4.4506533592939377 11.172405702993272 1.0723597966134546
leaf_count=9 14 21 30 15 150 4
internal_value=0.000335642 0.0179305 0.00633906 0.0148371 -0.0216881 -0.00103811
internal_weight=30.3626 16.8784 9.5705 7.68264 13.4842 2.31184
internal_count=243 75 54 24 168 18
is_linear=0
shrinkage=0.03


Tree=163
num_leaves=7
num_cat=0
split_feature=64 115 45 63 62 105
split_gain=9.97466 4.02156 2.19151 4.13147 2.01286 0.445422
threshold=5.7853960990905771 -8.3872070312499982 6.3484516143798837 22.477734565734867 25.148100852966312 26.747806549072269
decision_type=2 2 2 2 2 2
left_child=4 -2 3 -3 -1 -4
right_child=1 2 5 -5 -6 -7
leaf_value=0.0047964249604813235 -0.025604978906905159 -0.030914083305001647 0.036447561840841941 0.019578329819521505 -0.025883725670491756 0.022430893873347152
leaf_weight=2.3629712611436871 2.0327060334384468 1.8761792220175282 4.5045592188835126 6.5506705641746521 10.374371659010647 3.7300670258700848
leaf_count=7 21 14 11 24 150 16
internal_value=0.000281844 0.0142318 0.0190919 0.00833655 -0.0201921 0.0300984
internal_weight=31.4315 18.6942 16.6615 8.42685 12.7373 8.23463
internal_count=243 86 65 38 157 27
is_linear=0
shrinkage=0.03


Tree=164
num_leaves=7
num_cat=0
split_feature=31 3 31 116 82 77
split_gain=17.8719 2.75162 3.16912 0.00292069 0.000851597 0.000428856
threshold=1005.5832824707032 16.011188030242923 1005.6274414062501 9.9489658168749897e-05 1.6717270612716677 23.087981224060062
decision_type=2 2 2 2 2 2
left_child=4 -2 -3 -4 -1 -6
right_child=1 2 3 -5 5 -7
leaf_value=-0.026575072813273329 0.030747864910516582 0.031415043509050833 -0.0295205649666864 -0.02609842166268353 -0.025965481835083275 -0.025605699071597668
leaf_weight=1.4177006036043192 10.188032139092682 1.548929184675216 0.26071105524897564 1.6140622887760399 6.3868442587554437 5.5928366389125586
leaf_count=13 15 3 6 27 79 100
internal_value=-0.00128188 0.0229287 -0.000339147 -0.0265743 -0.0258798 -0.0257975
internal_weight=27.0091 13.6117 3.4237 1.87477 13.3974 11.9797
internal_count=243 51 36 33 192 179
is_linear=0
shrinkage=0.03


Tree=165
num_leaves=7
num_cat=0
split_feature=51 34 49 50 2 105
split_gain=6.52032 7.12252 3.54622 2.91151 1.65948 0.364054
threshold=47.647039413452156 0.83563998341560375 8.8726692199707049 -0.4890777319669723 22.496143341064457 23.043859481811527
decision_type=2 2 2 2 2 2
left_child=-1 3 4 5 -3 -2
right_child=1 2 -4 -5 -6 -7
leaf_value=-0.026391138683246555 0.035995159048497975 0.010911391472485436 0.029349746618827621 0.0030973558934634538 -0.026179362040480696 0.02375994793864104
leaf_weight=6.5005431883037117 5.4790527224540693 1.289805831387637 1.5387209653854359 5.2684508487582233 6.8582258336246014 3.6445869207382202
leaf_count=60 7 6 3 14 139 14
internal_value=0.000270338 0.00746811 -0.01242 0.020854 -0.020308 0.0311076
internal_weight=30.5794 24.0788 9.68675 14.3921 8.14803 9.12364
internal_count=243 183 148 35 145 21
is_linear=0
shrinkage=0.03


Tree=166
num_leaves=7
num_cat=0
split_feature=105 16 20 96 118 82
split_gain=9.06834 4.30738 5.59709 3.77091 1.94585 1.05277
threshold=25.364035606384281 1003.0375061035157 0.46099582314491278 38.722625732421882 993.42428588867199 3.1373307704925542
decision_type=2 2 2 2 2 2
left_child=-1 3 -3 -2 -5 -4
right_child=1 2 5 4 -6 -7
leaf_value=-0.025818830289285589 0.035096573831112081 -0.019521859566272306 0.036645898521882381 0.011451229569945397 -0.022378479728212591 -0.00088303796687975924
leaf_weight=8.5209988057613391 1.7992943674325959 2.2098120898008338 8.4512892514467204 2.1053149253129959 5.6019667908549309 0.73091963678598482
leaf_count=46 24 8 106 18 35 6
internal_value=0.000265531 0.0109009 0.0233427 -0.00400838 -0.0131376 0.0336585
internal_weight=29.4196 20.8986 11.392 9.50658 7.70728 9.18221
internal_count=243 197 120 77 53 112
is_linear=0
shrinkage=0.03


Tree=167
num_leaves=7
num_cat=0
split_feature=115 30 35 33 51 0
split_gain=12.384 3.14398 1.84082 1.66464 1.29794 1.94951
threshold=-7.0140075683593741 8.6573839187622088 1.5595989823341372 22.729711532592777 44.911840438842781 8.9752645492553729
decision_type=2 2 2 2 2 2
left_child=1 -1 3 -3 5 -2
right_child=4 2 -4 -5 -6 -7
leaf_value=-0.017254189362462171 -0.026314001089104425 0.035690731578128139 -0.0015191395427178243 0.012664141961059406 -0.025885463253051435 0.029550866227908493
leaf_weight=2.0501407049596372 1.2364691291004413 7.6509606838226301 2.409924514591693 4.4800592511892319 10.773898823186753 1.0309544205665586
leaf_count=30 15 22 10 13 150 3
internal_value=0.000331115 0.0175257 0.0224293 0.0271869 -0.0215437 -0.000913307
internal_weight=29.6324 16.5911 14.5409 12.131 13.0413 2.26742
internal_count=243 75 45 35 168 18
is_linear=0
shrinkage=0.03


Tree=168
num_leaves=7
num_cat=0
split_feature=64 115 75 62 46 94
split_gain=9.4676 3.79237 2.10214 1.98178 1.59426 0.000970838
threshold=5.7853960990905771 -8.3872070312499982 7.0199682712554941 25.148100852966312 1008.772430419922 0.03385134972631932
decision_type=2 2 2 2 2 2
left_child=3 -2 4 -1 -3 -5
right_child=1 2 -4 5 -6 -7
leaf_value=0.0047922242280766967 -0.025536741086177549 0.032826344519344366 -0.0039883502142525886 -0.026046546545216185 0.011966717223043944 -0.02543718011693058
leaf_weight=2.3509950339794186 1.9549987595528389 7.5766468495130557 3.0113600585609666 6.2247779276221973 5.8386320024728775 3.783138120546937
leaf_count=7 21 22 14 77 29 73
internal_value=0.000310612 0.0139622 0.0186631 -0.0199937 0.0237478 -0.0258162
internal_weight=30.7405 18.3816 16.4266 12.3589 13.4153 10.0079
internal_count=243 86 65 157 51 150
is_linear=0
shrinkage=0.03


Tree=169
num_leaves=7
num_cat=0
split_feature=31 3 31 116 82 77
split_gain=17.0185 2.59842 3.00863 0.0027151 0.000815412 0.000412353
threshold=1005.5832824707032 16.011188030242923 1005.6274414062501 9.9489658168749897e-05 1.6717270612716677 23.087981224060062
decision_type=2 2 2 2 2 2
left_child=4 -2 -3 -4 -1 -6
right_child=1 2 3 -5 5 -7
leaf_value=-0.026502811214424875 0.030269695797762342 0.030876423829348586 -0.029366973270640098 -0.026016696000834443 -0.0258986598448556 -0.025539468585125423
leaf_weight=1.3805951476097131 9.9092171210795623 1.5092970523983233 0.25310504436492909 1.5565291140228508 6.1780464723706228 5.382568396627903
leaf_count=13 15 3 6 27 79 100
internal_value=-0.00135421 0.0225747 -0.000399821 -0.0264853 -0.0258137 -0.0257314
internal_weight=26.1694 13.2281 3.31893 1.80963 12.9412 11.5606
internal_count=243 51 36 33 192 179
is_linear=0
shrinkage=0.03


Tree=170
num_leaves=7
num_cat=0
split_feature=34 51 50 50 49 105
split_gain=6.25423 6.64677 3.25482 6.79953 2.03537 1.94072
threshold=1.3386169075965884 47.647039413452156 -0.4890777319669723 1.2576818466186526 8.8726692199707049 24.258771896362308
decision_type=2 2 2 2 2 2
left_child=1 -1 5 -4 -2 -3
right_child=4 2 3 -5 -6 -7
leaf_value=-0.026339352210073556 -0.025964901801331979 0.035160111593764885 -0.028570108063741901 0.035854695180235478 0.024645272370114869 0.0088776976003843745
leaf_weight=3.9118801187723937 7.8056903257966024 7.5733534693717992 3.4328812733292553 2.5843681842088699 0.78730750083923329 3.7959645949304104
leaf_count=16 168 10 14 5 2 28
internal_value=0.000276211 0.00899253 0.016942 -0.000900088 -0.0213279 0.026385
internal_weight=29.8914 21.2984 17.3866 6.01725 8.593 11.3693
internal_count=243 73 57 19 170 38
is_linear=0
shrinkage=0.03


Tree=171
num_leaves=7
num_cat=0
split_feature=105 16 20 96 118 82
split_gain=8.69981 4.05281 5.2809 3.56995 1.87382 1.02409
threshold=25.364035606384281 1003.0375061035157 0.46099582314491278 38.722625732421882 993.42428588867199 3.1373307704925542
decision_type=2 2 2 2 2 2
left_child=-1 3 -3 -2 -5 -4
right_child=1 2 5 4 -6 -7
leaf_value=-0.025753398418946145 0.034669879275153054 -0.019296299724407925 0.036016970822238911 0.011194864256952566 -0.022144115241880306 -0.0011445355785268017
leaf_weight=8.2370314374566096 1.754678294062616 2.150516763329505 8.2869078144431079 2.1046819388866425 5.4364610835909843 0.72587334364652711
leaf_count=46 24 8 106 18 35 6
internal_value=0.000279496 0.0107606 0.022945 -0.00387158 -0.0128394 0.033024
internal_weight=28.6962 20.4591 11.1633 9.29582 7.54114 9.01278
internal_count=243 197 120 77 53 112
is_linear=0
shrinkage=0.03


Tree=172
num_leaves=7
num_cat=0
split_feature=115 30 92 20 51 6
split_gain=11.7434 3.03325 2.89101 1.40983 1.27105 2.05026
threshold=-7.0140075683593741 15.219958782196047 20.78845310211182 1.7334954738616946 44.911840438842781 42.540029525756843
decision_type=2 2 2 2 2 2
left_child=1 2 3 -1 5 -2
right_child=4 -3 -4 -5 -6 -7
leaf_value=0.02602276891988951 -0.026055857667641499 0.031992415343241959 -0.028091166972085062 -5.7718321415356433e-05 -0.025816349875288823 0.032089949548844074
leaf_weight=4.0808186531066948 1.2573860595002764 7.0282911062240592 1.8144042231142519 3.4361884295940399 10.392881775274871 0.96436547674238671
leaf_count=11 13 21 30 13 150 5
internal_value=0.000336748 0.0171078 0.00589698 0.0141008 -0.0214134 -0.000817298
internal_weight=28.9743 16.3597 9.33141 7.51701 12.6146 2.22175
internal_count=243 75 54 24 168 18
is_linear=0
shrinkage=0.03


Tree=173
num_leaves=7
num_cat=0
split_feature=64 115 96 22 62 96
split_gain=8.96669 3.59072 2.06556 2.57379 1.94273 1.88792
threshold=5.7853960990905771 -8.3872070312499982 43.75880432128907 3.0736162662506108 25.148100852966312 38.722625732421882
decision_type=2 2 2 2 2 2
left_child=4 -2 5 -4 -1 -3
right_child=1 2 3 -5 -6 -7
leaf_value=0.0047148787072813078 -0.025481358665097646 -0.011497715802594498 0.035039668600253787 -0.030890593399445682 -0.025747750242247673 0.026193939204475665
leaf_weight=2.3415328040719059 1.890391038730743 1.321881834417584 0.81930729746818487 1.5244318991899488 9.6463184878230077 12.56062659434974
leaf_count=7 21 8 2 18 150 37
internal_value=0.000329872 0.0136483 0.018207 -0.00784317 -0.0197976 0.022605
internal_weight=30.1045 18.1166 16.2262 2.34374 11.9879 13.8825
internal_count=243 86 65 20 157 45
is_linear=0
shrinkage=0.03


Tree=174
num_leaves=7
num_cat=0
split_feature=31 3 31 116 82 77
split_gain=16.2471 2.45852 2.85633 0.0025076 0.000750765 0.000398639
threshold=1005.5832824707032 16.011188030242923 1005.6274414062501 9.9489658168749897e-05 1.6717270612716677 23.087981224060062
decision_type=2 2 2 2 2 2
left_child=4 -2 -3 -4 -1 -6
right_child=1 2 3 -5 5 -7
leaf_value=-0.026423596653032226 0.029840112200980148 0.030368165745568103 -0.029207275374590648 -0.025937349650061909 -0.025838062861971222 -0.025478835395350737
leaf_weight=1.336471421644094 9.6432447247207147 1.4692786764353507 0.24563468433916558 1.4999193176627157 5.9871688364073616 5.1905752820894122
leaf_count=13 15 3 6 27 79 100
internal_value=-0.00141747 0.0222659 -0.000453819 -0.0263975 -0.0257516 -0.0256712
internal_weight=25.3723 12.8581 3.21483 1.74555 12.5142 11.1777
internal_count=243 51 36 33 192 179
is_linear=0
shrinkage=0.03


Tree=175
num_leaves=7
num_cat=0
split_feature=34 51 50 50 49 105
split_gain=6.01096 6.30995 3.04698 6.48418 1.94033 1.8949
threshold=1.3386169075965884 47.647039413452156 -0.4890777319669723 1.2576818466186526 8.8726692199707049 24.258771896362308
decision_type=2 2 2 2 2 2
left_child=1 -1 5 -4 -2 -3
right_child=4 2 3 -5 -6 -7
leaf_value=-0.026240325947028329 -0.025895390336101155 0.034651529055006507 -0.028414135220087847 0.035107150268410832 0.024054437437448555 0.0085120738443370449
leaf_weight=3.7647003503516379 7.5408204160630685 7.4238968491554296 3.3273786455392811 2.5583202764391899 0.77153600007295597 3.7601206731051207
leaf_count=16 168 10 14 5 2 28
internal_value=0.000309673 0.00891504 0.0166685 -0.000803516 -0.0212591 0.0258633
internal_weight=29.1468 20.8344 17.0697 5.8857 8.31236 11.184
internal_count=243 73 57 19 170 38
is_linear=0
shrinkage=0.03


Tree=176
num_leaves=7
num_cat=0
split_feature=105 21 20 16 120 118
split_gain=8.31183 3.87783 4.2828 3.09088 1.81887 1.32212
threshold=25.364035606384281 59.877658843994148 0.39247690141201025 1003.0375061035157 44.514465332031257 992.70562744140636
decision_type=2 2 2 2 2 2
left_child=-1 2 -2 5 -4 -3
right_child=1 3 4 -5 -6 -7
leaf_value=-0.025684938860375164 -0.019076293729085758 0.0088326876618777337 0.035057404111336996 0.0361603899102401 0.0072771411769679238 -0.024699552206204581
leaf_weight=7.940213747322562 2.0929632559418705 1.3956887945532788 8.0746847465634328 1.2089672163128851 2.8768789842724791 4.3770388215780258
leaf_count=46 8 12 109 15 24 29
internal_value=0.000288795 0.0105871 0.020245 -0.00745757 0.0277598 -0.0165924
internal_weight=27.9664 20.0262 13.0445 6.98169 10.9516 5.77273
internal_count=243 197 141 56 133 41
is_linear=0
shrinkage=0.03


Tree=177
num_leaves=7
num_cat=0
split_feature=115 30 92 66 51 6
split_gain=11.1314 2.87242 2.74821 1.35787 1.24841 1.94923
threshold=-7.0140075683593741 15.219958782196047 20.78845310211182 50.282379150390632 44.911840438842781 42.540029525756843
decision_type=2 2 2 2 2 2
left_child=1 2 3 -1 5 -2
right_child=4 -3 -4 -5 -6 -7
leaf_value=0.031431392300136536 -0.025983417408690763 0.031397447696800772 -0.027951409170945043 0.0044482755519179564 -0.02574913190422267 0.031229716238196956
leaf_weight=2.5603325590491348 1.2110175313428038 6.8755948841571799 1.7596529778093097 4.8732396736741066 10.023849168792365 0.9614127967506646
leaf_count=8 13 21 30 16 150 5
internal_value=0.000328905 0.0167308 0.00576159 0.013742 -0.0212808 -0.000663646
internal_weight=28.2651 16.0688 9.19323 7.43357 12.1963 2.17243
internal_count=243 75 54 24 168 18
is_linear=0
shrinkage=0.03


Tree=178
num_leaves=7
num_cat=0
split_feature=117 105 93 66 32 82
split_gain=8.51714 4.66022 4.48993 2.00254 0.55813 0.0173847
threshold=282.31730651855474 24.258771896362308 15.78183174133301 55.465429306030281 25.084286689758304 1.9963594675064089
decision_type=2 2 2 2 2 2
left_child=-1 4 3 -3 -2 -4
right_child=1 2 5 -5 -6 -7
leaf_value=-0.02580954136407761 0.0010331598497213103 0.0078689781680010978 -0.026130781219113622 0.029878045086639663 -0.026789393694494387 -0.032182589579489898
leaf_weight=8.1149537004530448 0.84154419600963892 5.9284670725464848 0.79751392453908809 9.9907875619828683 2.8348250612616539 0.92006351985037327
leaf_count=136 3 31 6 37 15 15
internal_value=0.000346249 0.010305 0.0167097 0.0216817 -0.0204206 -0.0293726
internal_weight=29.4282 21.3132 17.6368 15.9193 3.67637 1.71758
internal_count=243 107 89 68 18 21
is_linear=0
shrinkage=0.03


Tree=179
num_leaves=7
num_cat=0
split_feature=118 6 80 20 77 63
split_gain=15.4992 1.64393 4.17728 0.00077688 0.000399336 0.000280828
threshold=1002.8162536621095 39.013589859008796 0.61608591675758373 1.0000000180025095e-35 23.087981224060062 22.413205146789554
decision_type=2 2 2 2 2 2
left_child=3 -2 -3 -1 5 -5
right_child=1 2 -4 4 -6 -7
leaf_value=-0.026975799591655466 0.030584237262576988 -0.026518924476732413 0.030959631463575474 -0.025967813748068631 -0.025423315282882723 -0.02556167740207118
leaf_weight=0.3853783961385514 7.6958543062210065 1.8868630863726137 2.8670550584793091 3.2082326598465425 5.5854653818532825 2.9332205569371581
leaf_count=3 6 15 3 58 113 45
internal_value=-0.00148964 0.0220162 0.00814599 -0.0256504 -0.0256069 -0.0257738
internal_weight=24.5621 12.4498 4.75392 12.1123 11.7269 6.14145
internal_count=243 24 18 219 216 103
is_linear=0
shrinkage=0.03


Tree=180
num_leaves=7
num_cat=0
split_feature=34 51 50 50 49 105
split_gain=5.75019 5.9806 2.84876 6.191 1.86609 1.82041
threshold=1.3386169075965884 47.647039413452156 -0.4890777319669723 1.2576818466186526 8.8726692199707049 24.258771896362308
decision_type=2 2 2 2 2 2
left_child=1 -1 5 -4 -2 -3
right_child=4 2 3 -5 -6 -7
leaf_value=-0.026146780924012347 -0.025830518212914204 0.034081927798419086 -0.028299278647656592 0.034366515647349244 0.02357753286257645 0.0082871029396970556
leaf_weight=3.6237138723954621 7.2832369673997146 7.2521529793739354 3.2249811068177197 2.5335213094949722 0.75975453853607167 3.7281416319310665
leaf_count=16 168 10 14 5 2 28
internal_value=0.000313369 0.00879646 0.0163612 -0.000728721 -0.0211634 0.0253238
internal_weight=28.4055 20.3625 16.7388 5.7585 8.04299 10.9803
internal_count=243 73 57 19 170 38
is_linear=0
shrinkage=0.03


Tree=181
num_leaves=7
num_cat=0
split_feature=105 16 20 96 107 82
split_gain=7.95794 3.65166 4.70682 3.2236 1.74993 0.991385
threshold=25.364035606384281 1003.0375061035157 0.46099582314491278 38.722625732421882 993.79174804687511 3.1373307704925542
decision_type=2 2 2 2 2 2
left_child=-1 3 -3 -2 -5 -4
right_child=1 2 5 4 -6 -7
leaf_value=-0.025620682090908377 0.033930553546618863 -0.018829451963615393 0.034918294388820124 0.015974420629959556 -0.020067027633460469 -0.0021189275502609879
leaf_weight=7.6588626727461842 1.6616862006485478 2.0329352691769591 7.9578187055885774 1.5399628356099127 5.7005645595490932 0.70833783596754063
leaf_count=46 24 8 106 13 40 6
internal_value=0.000310224 0.0104423 0.0222536 -0.00375316 -0.0124015 0.031891
internal_weight=27.2602 19.6013 10.6991 8.90221 7.24053 8.66616
internal_count=243 197 120 77 53 112
is_linear=0
shrinkage=0.03


Tree=182
num_leaves=7
num_cat=0
split_feature=115 30 92 5 51 6
split_gain=10.5642 2.73627 2.6176 1.30618 1.2224 1.85454
threshold=-7.0140075683593741 15.219958782196047 20.78845310211182 1.4510505795478823 44.911840438842781 42.540029525756843
decision_type=2 2 2 2 2 2
left_child=1 2 3 -1 5 -2
right_child=4 -3 -4 -5 -6 -7
leaf_value=-0.0013856352745275236 -0.025925719630705512 0.030878720422608058 -0.027843385355243173 0.02422504371219731 -0.025683204016966794 0.030395336548387587
leaf_weight=3.1054876893758792 1.168090260587632 6.7262319028377524 1.707362752407789 4.2383082062005997 9.6630908139049989 0.95751051232218731
leaf_count=9 13 21 30 15 150 5
internal_value=0.000332653 0.016386 0.00561601 0.013395 -0.0211524 -0.000555008
internal_weight=27.5661 15.7774 9.05116 7.3438 11.7887 2.1256
internal_count=243 75 54 24 168 18
is_linear=0
shrinkage=0.03


Tree=183
num_leaves=7
num_cat=0
split_feature=117 105 96 66 90 32
split_gain=8.116 4.38606 4.32648 2.47025 0.763797 0.54302
threshold=282.31730651855474 24.258771896362308 44.144395828247077 55.465429306030281 6.5196623802185067 25.084286689758304
decision_type=2 2 2 2 2 2
left_child=-1 5 3 -3 -4 -2
right_child=1 2 4 -5 -6 -7
leaf_value=-0.025741834215771538 0.00096711217340898943 0.0075109359911947607 0.0087234756952114714 0.032579483117743439 -0.028518518457013597 -0.026664984385446362
leaf_weight=7.8078221753239658 0.83562752604484858 5.8716099094599512 0.66240698099136297 8.9003317076712829 1.9684922397136686 2.7351283505558968
leaf_count=136 3 30 3 30 26 15
internal_value=0.000368218 0.0100882 0.0163025 0.0226151 -0.0191417 -0.0201985
internal_weight=28.7814 20.9736 17.4028 14.7719 2.6309 3.57076
internal_count=243 107 89 60 29 18
is_linear=0
shrinkage=0.03


Tree=184
num_leaves=7
num_cat=0
split_feature=118 18 80 20 77 63
split_gain=14.7697 1.56542 3.96637 0.000705903 0.00037734 0.000243023
threshold=1002.8162536621095 22.844368934631351 0.61608591675758373 1.0000000180025095e-35 23.087981224060062 22.413205146789554
decision_type=2 2 2 2 2 2
left_child=3 -2 -3 -1 5 -5
right_child=1 2 -4 4 -6 -7
leaf_value=-0.026870871911577623 0.030228667457612626 -0.02643139933448569 0.030497808281066508 -0.0258970264312753 -0.025366130152010183 -0.025512913190882468
leaf_weight=0.37521055899560707 7.4523707628250104 1.8220330905169246 2.7850855402648449 3.0948714613914472 5.3756519416347146 2.8452889733016491
leaf_count=3 6 15 3 58 113 45
internal_value=-0.00156316 0.0217302 0.00798332 -0.0255907 -0.0255482 -0.025713
internal_weight=23.7505 12.0595 4.60712 11.691 11.3158 5.94016
internal_count=243 24 18 219 216 103
is_linear=0
shrinkage=0.03


Tree=185
num_leaves=7
num_cat=0
split_feature=34 51 50 50 77 105
split_gain=5.48599 5.66013 2.65463 5.90761 1.81413 1.76446
threshold=1.3386169075965884 47.647039413452156 -0.4890777319669723 1.2576818466186526 26.762847900390629 24.258771896362308
decision_type=2 2 2 2 2 2
left_child=1 -1 5 -4 -2 -3
right_child=4 2 3 -5 -6 -7
leaf_value=-0.026056167697788075 -0.025925451486440387 0.03354188125778531 -0.028177084552757956 0.033659979959617919 0.022046747771281031 0.0079526405163634004
leaf_weight=3.4854413913562956 6.9889074023813 7.0757405161857641 3.1236940026283238 2.5059126242995262 0.78962451685219992 3.6898155566304922
leaf_count=16 162 10 14 5 8 28
internal_value=0.000304081 0.00866133 0.0160419 -0.000651488 -0.0210556 0.0247714
internal_weight=27.6591 19.8806 16.3952 5.62961 7.77853 10.7656
internal_count=243 73 57 19 170 38
is_linear=0
shrinkage=0.03


Tree=186
num_leaves=7
num_cat=0
split_feature=105 21 20 16 120 118
split_gain=7.61423 3.46645 3.80343 2.77383 1.73059 1.39538
threshold=25.364035606384281 59.877658843994148 0.39247690141201025 1003.0375061035157 44.514465332031257 992.51519775390636
decision_type=2 2 2 2 2 2
left_child=-1 2 -2 5 -4 -3
right_child=1 3 4 -5 -6 -7
leaf_value=-0.025558154364358064 -0.018596831559315023 0.011375150400367361 0.03409438446189908 0.035022940716358517 0.0066693579526644117 -0.02445493869703394
leaf_weight=7.3822589218616512 1.9773982986807848 1.2744164690375317 7.7229901775717718 1.1551636196672914 2.8295217119157314 4.209068089723587
leaf_count=46 8 11 109 15 24 30
internal_value=0.000329664 0.0102997 0.0195858 -0.00722716 0.0267407 -0.0161277
internal_weight=26.5508 19.1686 12.5299 6.63865 10.5525 5.48348
internal_count=243 197 141 56 133 41
is_linear=0
shrinkage=0.03


Tree=187
num_leaves=7
num_cat=0
split_feature=115 30 50 77 51 6
split_gain=10.0316 2.60831 2.27333 2.17511 1.19257 1.76089
threshold=-7.0140075683593741 15.219958782196047 1.1616285443305971 23.350584983825687 44.911840438842781 42.540029525756843
decision_type=2 2 2 2 2 2
left_child=1 2 3 -1 5 -2
right_child=4 -3 -4 -5 -6 -7
leaf_value=0.021588822615044627 -0.025869482045337504 0.030387676581024349 -0.026868095218403262 -0.017166368018052287 -0.025618849406347115 0.029556602469367942
leaf_weight=5.6068272106349486 1.126368063502013 6.5775907635688773 1.603375634178519 1.6980970241129396 9.3102823840454203 0.95180878043174733
leaf_count=20 13 21 8 26 150 5
internal_value=0.00034113 0.0160593 0.00547972 0.0125798 -0.0210323 -0.000484234
internal_weight=26.8743 15.4859 8.9083 7.30492 11.3885 2.07818
internal_count=243 75 54 46 168 18
is_linear=0
shrinkage=0.03


Tree=188
num_leaves=7
num_cat=0
split_feature=117 105 96 66 19 32
split_gain=7.74962 4.12306 4.1084 2.38221 0.786755 0.535448
threshold=282.31730651855474 24.258771896362308 44.144395828247077 55.465429306030281 -1.0000000180025095e-35 25.084286689758304
decision_type=2 2 2 2 2 2
left_child=-1 5 3 -3 -4 -2
right_child=1 2 4 -5 -6 -7
leaf_value=-0.025678299433420954 0.001100048319524825 0.0072547328231682062 0.01003870866869702 0.032015123255604461 -0.028515461986492435 -0.026546832829970113
leaf_weight=7.5158188883215216 0.8286076933145553 5.828628750517967 0.63168314099311862 8.7424357105046493 1.9373832195997227 2.636687844991684
leaf_count=136 3 30 2 30 27 15
internal_value=0.000398046 0.00990938 0.0159434 0.0221106 -0.0190357 -0.019936
internal_weight=28.1212 20.6054 17.1401 14.5711 2.56907 3.4653
internal_count=243 107 89 60 29 18
is_linear=0
shrinkage=0.03


Tree=189
num_leaves=7
num_cat=0
split_feature=118 18 80 20 77 115
split_gain=14.0697 1.49476 3.77096 0.000637706 0.000356123 0.000225781
threshold=1002.8162536621095 22.844368934631351 0.61608591675758373 1.0000000180025095e-35 23.087981224060062 -8.6720275878906232
decision_type=2 2 2 2 2 2
left_child=3 -2 -3 -1 5 -5
right_child=1 2 -4 4 -6 -7
leaf_value=-0.026766202908089509 0.029895051472248489 -0.026350486576467772 0.030062854409034175 -0.025178513103018177 -0.025310727292058726 -0.025728377705391079
leaf_weight=0.36492550000548618 7.2113374471664411 1.761280473321676 2.7031264007091522 0.77729425951838482 5.1711103618144989 4.9648572113364917
leaf_count=3 6 15 3 11 113 92
internal_value=-0.00163478 0.0214493 0.00780688 -0.0255326 -0.0254913 -0.0256539
internal_weight=22.9539 11.6757 4.46441 11.2782 10.9133 5.74215
internal_count=243 24 18 219 216 103
is_linear=0
shrinkage=0.03


Tree=190
num_leaves=7
num_cat=0
split_feature=34 51 50 50 77 105
split_gain=5.245 5.36753 2.48791 5.61966 1.7533 1.70057
threshold=1.3386169075965884 47.647039413452156 -0.4890777319669723 1.2576818466186526 26.762847900390629 24.258771896362308
decision_type=2 2 2 2 2 2
left_child=1 -1 5 -4 -2 -3
right_child=4 2 3 -5 -6 -7
leaf_value=-0.025970263795852322 -0.025865930635816388 0.033049939173003674 -0.028040853252326397 0.03294961899928206 0.021676002118457043 0.0077359537369596221
leaf_weight=3.3528935955837431 6.7503947280347338 6.9002912044525182 3.0227212533354733 2.4712483063340187 0.77867618668824423 3.652818888425827
leaf_count=16 162 10 14 5 8 28
internal_value=0.000303652 0.00855175 0.0157648 -0.000606664 -0.020949 0.0242878
internal_weight=26.929 19.4 16.0471 5.49397 7.52907 10.5531
internal_count=243 73 57 19 170 38
is_linear=0
shrinkage=0.03


Tree=191
num_leaves=7
num_cat=0
split_feature=105 16 20 96 118 82
split_gain=7.28326 3.27866 4.18315 2.93925 1.61054 0.971825
threshold=25.364035606384281 1003.0375061035157 0.46099582314491278 38.722625732421882 993.42428588867199 3.1373307704925542
decision_type=2 2 2 2 2 2
left_child=-1 3 -3 -2 -5 -4
right_child=1 2 5 4 -6 -7
leaf_value=-0.025497891317683635 0.033421034767631898 -0.018310154129943444 0.03390056465477858 0.01017816847704992 -0.02139296957672111 -0.0031948027232262771
leaf_weight=7.1130003705620792 1.5741784311831013 1.9208152964711178 7.6248403899371606 2.0721234083175659 4.8767860531806946 0.6934138536453246
leaf_count=46 24 8 106 18 35 6
internal_value=0.000351932 0.010152 0.0215938 -0.00359351 -0.0119786 0.0308083
internal_weight=25.8752 18.7622 10.2391 8.52309 6.94891 8.31825
internal_count=243 197 120 77 53 112
is_linear=0
shrinkage=0.03


Tree=192
num_leaves=7
num_cat=0
split_feature=115 30 50 77 51 6
split_gain=9.51809 2.48861 2.14766 2.03999 1.16707 1.67663
threshold=-7.0140075683593741 15.219958782196047 1.1616285443305971 23.350584983825687 44.911840438842781 42.540029525756843
decision_type=2 2 2 2 2 2
left_child=1 2 3 -1 5 -2
right_child=4 -3 -4 -5 -6 -7
leaf_value=0.020960732922232776 -0.025815782045478991 0.02991586301392863 -0.026744055629036218 -0.016873104938730097 -0.025557658193806898 0.028807470150631183
leaf_weight=5.5469045732170361 1.086103864014148 6.4255031943321219 1.5466864332556722 1.6684645079076288 8.9700165037065727 0.94643609784543503
leaf_count=20 13 21 8 26 150 5
internal_value=0.000341656 0.0157349 0.00533554 0.0122121 -0.0209067 -0.000380898
internal_weight=26.1901 15.1876 8.76206 7.21537 11.0026 2.03254
internal_count=243 75 54 46 168 18
is_linear=0
shrinkage=0.03


Tree=193
num_leaves=7
num_cat=0
split_feature=117 105 93 116 82 62
split_gain=7.38897 3.91455 3.73979 2.05721 0.014966 0.00272846
threshold=282.31730651855474 23.043859481811527 15.78183174133301 0.00021615355217363688 1.9963594675064089 25.195697784423832
decision_type=2 2 2 2 2 2
left_child=5 -2 3 -3 -4 -1
right_child=1 2 4 -5 -6 -7
leaf_value=-0.027658673194522528 -0.026427069049285636 0.023047010264421249 -0.025965186192501204 -0.0083099004360387245 -0.031775478385423266 -0.025449256637719631
leaf_weight=0.54398655518889683 2.3792906478047398 14.079456981271511 0.7357896715402592 2.1737393885850897 0.87161103822290897 6.6836170312017202
leaf_count=6 14 63 6 9 15 130
internal_value=0.000422621 0.00972077 0.0145362 0.0188533 -0.0291158 -0.0256155
internal_weight=27.4675 20.2399 17.8606 16.2532 1.6074 7.2276
internal_count=243 107 93 72 21 136
is_linear=0
shrinkage=0.03


Tree=194
num_leaves=7
num_cat=0
split_feature=118 120 80 20 77 115
split_gain=13.4135 1.42422 3.58193 0.000563566 0.000334307 0.000210072
threshold=1002.8162536621095 38.077238082885749 0.61608591675758373 1.0000000180025095e-35 23.087981224060062 -8.6720275878906232
decision_type=2 2 2 2 2 2
left_child=3 -2 -3 -1 5 -5
right_child=1 2 -4 4 -6 -7
leaf_value=-0.02665434637102199 0.02958177320680869 -0.026269232448810974 0.02965211036266685 -0.025129061886931894 -0.02525843533739228 -0.025669828505482929
leaf_weight=0.35374491661787288 6.9733052253723127 1.698979504406452 2.621473528444767 0.74708405323326577 4.9769813772290945 4.8037200290709716
leaf_count=3 6 15 3 11 113 92
internal_value=-0.00170639 0.0211961 0.00766154 -0.0254765 -0.025437 -0.025597
internal_weight=22.1753 11.2938 4.32045 10.8815 10.5278 5.5508
internal_count=243 24 18 219 216 103
is_linear=0
shrinkage=0.03


Tree=195
num_leaves=7
num_cat=0
split_feature=34 51 50 50 49 105
split_gain=5.01078 5.08901 2.34407 5.33134 1.69477 1.65223
threshold=1.3386169075965884 47.647039413452156 -0.4890777319669723 1.2576818466186526 8.8726692199707049 24.258771896362308
decision_type=2 2 2 2 2 2
left_child=1 -1 5 -4 -2 -3
right_child=4 2 3 -5 -6 -7
leaf_value=-0.025888008259329576 -0.025645315858201834 0.032618588126977273 -0.027908099969793508 0.032185846799470244 0.022711751412918695 0.0074807824181772021
leaf_weight=3.2244833083823385 6.5606404207646838 6.7297365665435791 2.92544964700937 2.4342483878135681 0.72428897768259037 3.6184704750776291
leaf_count=16 168 10 14 5 2 28
internal_value=0.000305631 0.00844123 0.0154883 -0.000614847 -0.0208375 0.0238286
internal_weight=26.2173 18.9324 15.7079 5.3597 7.28493 10.3482
internal_count=243 73 57 19 170 38
is_linear=0
shrinkage=0.03


Tree=196
num_leaves=7
num_cat=0
split_feature=105 21 20 16 120 118
split_gain=6.97214 3.13835 3.37104 2.50145 1.65222 1.29378
threshold=25.364035606384281 59.877658843994148 0.39247690141201025 1003.0375061035157 44.514465332031257 992.51519775390636
decision_type=2 2 2 2 2 2
left_child=-1 2 -2 5 -4 -3
right_child=1 3 4 -5 -6 -7
leaf_value=-0.025439925936770018 -0.018028527248621556 0.010543395893598099 0.033255637495630319 0.03402469845230114 0.0061096089503710205 -0.024194166783993682
leaf_weight=6.8529153764247921 1.8668536692857767 1.276279293000697 7.3800309710204584 1.1012702472507951 2.7772638536989689 3.9557408764958382
leaf_count=46 8 11 109 15 24 30
internal_value=0.000381677 0.010021 0.0190233 -0.00707044 0.0258332 -0.0157204
internal_weight=25.2104 18.3574 12.0241 6.33329 10.1573 5.23202
internal_count=243 197 141 56 133 41
is_linear=0
shrinkage=0.03


Tree=197
num_leaves=7
num_cat=0
split_feature=115 30 50 92 45 5
split_gain=9.03026 2.36714 2.03381 1.9118 1.38111 1.19745
threshold=-7.0140075683593741 15.219958782196047 1.1616285443305971 20.295920372009281 0.94426462054252636 2.8910832405090336
decision_type=2 2 2 2 2 2
left_child=1 2 3 -1 -2 -6
right_child=4 -3 -4 -5 5 -7
leaf_value=0.025808175987438248 0.026535117967738029 0.029424178949678956 -0.026629869217980953 -0.0054467458292760049 -0.025579896380006462 0.022614350445212143
leaf_weight=3.9510526061058062 0.52759302593767543 6.2770588397979727 1.4931701775640247 3.1781828617677093 9.6161508318036759 0.48751431703567583
leaf_count=11 4 21 8 35 162 2
internal_value=0.000338318 0.0154095 0.00520687 0.0118749 -0.0207836 -0.0232545
internal_weight=25.5307 14.8995 8.62241 7.12924 10.6313 10.1037
internal_count=243 75 54 46 168 164
is_linear=0
shrinkage=0.03


Tree=198
num_leaves=7
num_cat=0
split_feature=117 105 93 116 82 62
split_gain=7.04206 3.69958 3.55983 1.93946 0.014127 0.00245092
threshold=282.31730651855474 23.043859481811527 15.78183174133301 0.00021615355217363688 1.9963594675064089 25.195697784423832
decision_type=2 2 2 2 2 2
left_child=5 -2 3 -3 -4 -1
right_child=1 2 4 -5 -6 -7
leaf_value=-0.027525802448364629 -0.026326710131836017 0.022495959226129236 -0.025894513830873905 -0.0081152827996474955 -0.031619078654738418 -0.025393968760167963
leaf_weight=0.52502136118710296 2.2928648889064815 13.902302300557499 0.71217070519924053 2.1509930714964858 0.85229047760367393 6.425177950412035
leaf_count=6 14 63 6 9 15 130
internal_value=0.000443909 0.00951935 0.0141845 0.0183943 -0.0290132 -0.025555
internal_weight=26.8608 19.9106 17.6178 16.0533 1.56446 6.9502
internal_count=243 107 93 72 21 136
is_linear=0
shrinkage=0.03


Tree=199
num_leaves=7
num_cat=0
split_feature=31 3 31 116 77 66
split_gain=12.7938 1.88588 2.23114 0.00174466 0.000511737 0.0011419
threshold=1005.5832824707032 16.011188030242923 1005.6274414062501 9.9489658168749897e-05 23.263891220092777 44.584371566772468
decision_type=2 2 2 2 2 2
left_child=4 -2 -3 -4 5 -1
right_child=1 2 3 -5 -6 -7
leaf_value=-0.028665254064418041 0.028085681110545394 0.028509354369488055 -0.028528193763071964 -0.025590874107360197 -0.025202150149485864 -0.025575613276596298
leaf_weight=0.10957494378090071 8.2176509890705329 1.2585273087024682 0.21317704953253258 1.244047939777374 4.2148691080510616 6.1618004478514194
leaf_count=2 15 3 6 27 99 91
internal_value=-0.00178324 0.0209231 -0.000750447 -0.0260206 -0.0254578 -0.0256296
internal_weight=21.4196 10.9334 2.71575 1.45722 10.4862 6.27138
internal_count=243 51 36 33 192 93
is_linear=0
shrinkage=0.03


Tree=200
num_leaves=7
num_cat=0
split_feature=34 51 50 50 77 105
split_gain=4.79435 4.83232 2.20944 5.05737 1.64902 1.60361
threshold=1.3386169075965884 47.647039413452156 -0.4890777319669723 1.2576818466186526 26.762847900390629 24.258771896362308
decision_type=2 2 2 2 2 2
left_child=1 -1 5 -4 -2 -3
right_child=4 2 3 -5 -6 -7
leaf_value=-0.025810237625398361 -0.025753557695333246 0.032216751779712491 -0.027769862348722404 0.031458046447190587 0.021313773254757799 0.0072660029701493564
leaf_weight=3.1029632603749695 6.2967337984591714 6.558365523815155 2.8299250826239559 2.3961640670895576 0.74968979042023409 3.5859120488166809
leaf_count=16 162 10 14 5 8 28
internal_value=0.000308141 0.00833896 0.015233 -0.000613841 -0.0207459 0.0233969
internal_weight=25.5198 18.4733 15.3704 5.22609 7.04642 10.1443
internal_count=243 73 57 19 170 38
is_linear=0
shrinkage=0.03


Tree=201
num_leaves=7
num_cat=0
split_feature=105 21 20 16 120 118
split_gain=6.66952 2.98297 3.17665 2.37514 1.60165 1.2448
threshold=25.364035606384281 59.877658843994148 0.39247690141201025 1003.0375061035157 44.514465332031257 992.51519775390636
decision_type=2 2 2 2 2 2
left_child=-1 2 -2 5 -4 -3
right_child=1 3 4 -5 -6 -7
leaf_value=-0.025383834914627007 -0.017770453236697136 0.010117035465780929 0.032809852820417637 0.033571765994369146 0.0059421143186549402 -0.024049425099127338
leaf_weight=6.5998497866094139 1.8154809027910257 1.2799204289913166 7.214475676417349 1.073980316519737 2.7610800750553608 3.8360938802361488
leaf_count=46 8 11 109 15 24 30
internal_value=0.000409655 0.00987703 0.0187304 -0.00698731 0.0253733 -0.0155017
internal_weight=24.5809 17.981 11.791 6.18999 9.97556 5.11601
internal_count=243 197 141 56 133 41
is_linear=0
shrinkage=0.03


Tree=202
num_leaves=7
num_cat=0
split_feature=115 30 31 113 45 5
split_gain=8.56044 2.2581 1.94627 2.38378 1.31541 1.18304
threshold=-7.0140075683593741 15.219958782196047 1001.0384216308595 8.9042620658874529 0.94426462054252636 2.8910832405090336
decision_type=2 2 2 2 2 2
left_child=1 2 -1 -4 -2 -6
right_child=4 -3 3 -5 5 -7
leaf_value=-0.02753389029861128 0.025647140857990209 0.028961661470069379 -0.0038340543458636376 0.031217178409137607 -0.025525868332251445 0.022457224613535796
leaf_weight=1.3802811298519388 0.52428931556641956 6.1284113675355902 4.0189468050375581 3.0879545137286186 9.2693250961601699 0.48673580586910326
leaf_count=18 4 21 26 10 162 2
internal_value=0.000331079 0.0150848 0.00506456 0.0113957 -0.0206443 -0.023132
internal_weight=24.8959 14.6156 8.48718 7.1069 10.2804 9.75606
internal_count=243 75 54 36 168 164
is_linear=0
shrinkage=0.03


Tree=203
num_leaves=7
num_cat=0
split_feature=117 105 96 116 19 62
split_gain=6.71377 3.49368 3.43377 1.86241 0.698973 0.00220191
threshold=282.31730651855474 23.043859481811527 44.144395828247077 0.00021615355217363688 -1.0000000180025095e-35 25.195697784423832
decision_type=2 2 2 2 2 2
left_child=5 -2 3 -3 -4 -1
right_child=1 2 4 -5 -6 -7
leaf_value=-0.027397535738130519 -0.026226582709943495 0.02346079769644913 0.0090164845562876392 -0.0072911589383600345 -0.028284279774119021 -0.025340622458695207
leaf_weight=0.50683341361582535 2.2073020152747658 12.886915005743505 0.59905636310577426 2.0550962314009658 1.8435174291953433 6.1755112856626511
leaf_count=6 14 56 2 8 27 130
internal_value=0.000469845 0.00932642 0.0138405 0.0192312 -0.019136 -0.0254966
internal_weight=26.2742 19.5919 17.3846 14.942 2.44257 6.68234
internal_count=243 107 93 64 29 136
is_linear=0
shrinkage=0.03


Tree=204
num_leaves=7
num_cat=0
split_feature=118 120 80 20 77 115
split_gain=12.2224 1.2953 3.23606 0.000459176 0.0002884 0.000182318
threshold=1002.8162536621095 38.077238082885749 0.61608591675758373 -1.0000000180025095e-35 23.087981224060062 -8.5892028808593732
decision_type=2 2 2 2 2 2
left_child=3 -2 -3 -1 5 -5
right_child=1 2 -4 4 -6 -7
leaf_value=-0.026468099576184147 0.029017032020954878 -0.026111098761444691 0.028904039738627565 -0.02506722982007939 -0.025165345912009248 -0.025565825320780784
leaf_weight=0.33437635935843069 6.5136961936950666 1.5798975694924591 2.4614583626389503 0.776232499629259 4.6243693614378572 4.4097897689789534
leaf_count=3 6 15 3 12 113 91
internal_value=-0.00186092 0.020739 0.00739683 -0.0253749 -0.0253376 -0.0254912
internal_weight=20.6998 10.5551 4.04136 10.1448 9.81039 5.18602
internal_count=243 24 18 219 216 103
is_linear=0
shrinkage=0.03


Tree=205
num_leaves=7
num_cat=0
split_feature=34 51 50 50 77 105
split_gain=4.57849 4.5813 2.07671 4.81679 1.59307 1.56185
threshold=1.3386169075965884 47.647039413452156 -0.4890777319669723 1.2576818466186526 26.762847900390629 24.258771896362308
decision_type=2 2 2 2 2 2
left_child=1 -1 5 -4 -2 -3
right_child=4 2 3 -5 -6 -7
leaf_value=-0.025734942493871839 -0.025699475530610937 0.031823720377637477 -0.027659306300155898 0.030795998718026317 0.020961006698309949 0.0070093184274160466
leaf_weight=2.9833571016788545 6.0758412322029463 6.3835920095443726 2.7402042970061276 2.3624753654003143 0.73858735244721163 3.5536645893007517
leaf_count=16 162 10 14 5 8 28
internal_value=0.000305186 0.00822516 0.0149616 -0.000595248 -0.0206421 0.0229498
internal_weight=24.8377 18.0233 15.0399 5.10268 6.81443 9.93726
internal_count=243 73 57 19 170 38
is_linear=0
shrinkage=0.03


Tree=206
num_leaves=7
num_cat=0
split_feature=105 16 20 96 118 95
split_gain=6.38928 2.82172 3.52745 2.60463 1.42981 0.949396
threshold=25.364035606384281 1003.0375061035157 0.46099582314491278 38.722625732421882 993.42428588867199 1.5019812583923342
decision_type=2 2 2 2 2 2
left_child=-1 3 -3 -2 -5 -4
right_child=1 2 5 4 -6 -7
leaf_value=-0.025331475579529517 0.032974553219955322 -0.017521866111323479 0.032284010048315707 0.0093187064669136479 -0.020872506554502981 -0.0087208455716368122
leaf_weight=6.3574828840792206 1.4528349302709118 1.7671962454915027 7.2621481418609619 2.0554584115743637 4.508007001131773 0.5464186742901801
leaf_count=46 24 8 109 18 35 3
internal_value=0.000444452 0.00975945 0.0207525 -0.00337221 -0.0114176 0.0294146
internal_weight=23.9495 17.5921 9.57576 8.0163 6.56347 7.80857
internal_count=243 197 120 77 53 112
is_linear=0
shrinkage=0.03


Tree=207
num_leaves=7
num_cat=0
split_feature=115 30 31 113 45 5
split_gain=8.11742 2.15157 1.85359 2.25821 1.25266 1.17008
threshold=-7.0140075683593741 15.219958782196047 1001.0384216308595 8.9042620658874529 0.94426462054252636 2.8910832405090336
decision_type=2 2 2 2 2 2
left_child=1 2 -1 -4 -2 -6
right_child=4 -3 3 -5 5 -7
leaf_value=-0.027420832274085167 0.024803985703568492 0.02851862040775361 -0.0037457090271626318 0.030680403131556146 -0.025473677570499273 0.02232505799206291
leaf_weight=1.337726259604098 0.52045185305178066 5.9809190332889548 3.9700434422120452 3.01887496560812 8.9315951447933877 0.48599851131439287
leaf_count=18 4 21 26 10 162 2
internal_value=0.000324773 0.0147919 0.00493213 0.0111247 -0.0205032 -0.023007
internal_weight=24.2456 14.3076 8.32664 6.98892 9.93805 9.41759
internal_count=243 75 54 36 168 164
is_linear=0
shrinkage=0.03


Tree=208
num_leaves=7
num_cat=0
split_feature=117 105 93 16 82 62
split_gain=6.40816 3.30345 3.2707 1.83425 0.0126158 0.00197275
threshold=282.31730651855474 23.043859481811527 15.78183174133301 998.33169555664074 1.9963594675064089 25.195697784423832
decision_type=2 2 2 2 2 2
left_child=5 -2 3 -3 -4 -1
right_child=1 2 4 -5 -6 -7
leaf_value=-0.027273652206995198 -0.026129748387368184 -0.029066102883678883 -0.025784309103107198 0.019853775492286493 -0.031317850435247693 -0.025291400566486214
leaf_weight=0.48906010948121803 2.1246782429516342 0.72329109907150524 0.67555410414934047 14.903089425526558 0.82200756948441267 5.9391406821087003
leaf_count=6 14 3 6 69 15 130
internal_value=0.000491968 0.00915285 0.0135306 0.0175894 -0.0288217 -0.0254422
internal_weight=25.6768 19.2486 17.1239 15.6264 1.49756 6.4282
internal_count=243 107 93 72 21 136
is_linear=0
shrinkage=0.03


Tree=209
num_leaves=7
num_cat=0
split_feature=118 120 80 20 77 115
split_gain=11.6544 1.24017 3.08058 0.000415715 0.000268156 0.000172084
threshold=1002.8162536621095 38.077238082885749 0.61608591675758373 1.0000000180025095e-35 23.087981224060062 -8.5892028808593732
decision_type=2 2 2 2 2 2
left_child=3 -2 -3 -1 5 -5
right_child=1 2 -4 4 -6 -7
leaf_value=-0.026380771654472335 0.02875637921422881 -0.026040191317154543 0.028555118947136766 -0.025019278089234799 -0.025120269056045856 -0.025513726644062699
leaf_weight=0.3250776212662484 6.2874995470046979 1.5260968636721375 2.3820730969309807 0.74402850866317738 4.4518850818276405 4.2641317266970855
leaf_count=3 6 15 3 12 113 91
internal_value=-0.00193841 0.0205074 0.00723626 -0.0253259 -0.0252897 -0.0254403
internal_weight=19.9808 10.1957 3.90817 9.78512 9.46005 5.00816
internal_count=243 24 18 219 216 103
is_linear=0
shrinkage=0.03


Tree=210
num_leaves=7
num_cat=0
split_feature=34 51 50 50 77 105
split_gain=4.36533 4.33704 1.95697 4.57451 1.53969 1.5261
threshold=1.3386169075965884 47.647039413452156 -0.4890777319669723 1.2576818466186526 26.762847900390629 24.258771896362308
decision_type=2 2 2 2 2 2
left_child=1 -1 5 -4 -2 -3
right_child=4 2 3 -5 -6 -7
leaf_value=-0.02566217841036297 -0.025642398612279717 0.031453202325114039 -0.027551166510900338 0.030075147138668646 0.020626964865368937 0.0067321027269641029
leaf_weight=2.8659500107169213 5.8607846815139046 6.2089766263961792 2.6525668129324886 2.32774518430233 0.72763672843575466 3.5224696770310402
leaf_count=16 162 10 14 5 8 28
internal_value=0.000294198 0.00810033 0.0146775 -0.000617237 -0.0205323 0.022505
internal_weight=24.1661 17.5777 14.7118 4.98031 6.58842 9.73145
internal_count=243 73 57 19 170 38
is_linear=0
shrinkage=0.03


Tree=211
num_leaves=7
num_cat=0
split_feature=105 21 20 16 120 118
split_gain=6.11831 2.69981 2.84306 2.14268 1.52487 1.1704
threshold=25.364035606384281 59.877658843994148 0.39247690141201025 1003.0375061035157 44.514465332031257 992.51519775390636
decision_type=2 2 2 2 2 2
left_child=-1 2 -2 5 -4 -3
right_child=1 3 4 -5 -6 -7
leaf_value=-0.025281133652261253 -0.017275615666028567 0.0097078745200087791 0.032110988527730727 0.032733393367373451 0.0055200064559132187 -0.023790816002992318
leaf_weight=6.1215007416903999 1.7207564339041734 1.2686242461204518 6.8767735101282579 1.0199604779481886 2.7041262499988079 3.6093547940254211
leaf_count=46 8 11 109 15 24 30
internal_value=0.000475711 0.00964282 0.0182292 -0.00681036 0.0246059 -0.0150788
internal_weight=23.3211 17.1996 11.3017 5.89794 9.5809 4.87798
internal_count=243 197 141 56 133 41
is_linear=0
shrinkage=0.03


Tree=212
num_leaves=7
num_cat=0
split_feature=115 30 50 92 45 5
split_gain=7.71546 2.04651 1.78037 1.68903 1.19001 1.14653
threshold=-7.0140075683593741 15.219958782196047 1.1616285443305971 20.295920372009281 0.94426462054252636 2.8910832405090336
decision_type=2 2 2 2 2 2
left_child=1 2 3 -1 -2 -6
right_child=4 -3 -4 -5 5 -7
leaf_value=0.024444904703164391 0.023886458507347497 0.028103059159274985 -0.026363924846734957 -0.0056511820436497108 -0.025422484009952583 0.022013165676732695
leaf_weight=3.7924081236124056 0.51724782213568588 5.8357191234827033 1.3695279359817503 3.010515745729208 8.60391785856336 0.48440036177635271
leaf_count=11 4 21 8 35 162 2
internal_value=0.000333406 0.0145335 0.00484383 0.0111264 -0.0203751 -0.0228942
internal_weight=23.6137 14.0082 8.17245 6.80292 9.60557 9.08832
internal_count=243 75 54 46 168 164
is_linear=0
shrinkage=0.03


Tree=213
num_leaves=7
num_cat=0
split_feature=117 105 96 116 90 62
split_gain=6.1156 3.12291 3.16401 1.71169 0.65007 0.00176442
threshold=282.31730651855474 23.043859481811527 44.144395828247077 0.00021615355217363688 6.5196623802185067 25.195697784423832
decision_type=2 2 2 2 2 2
left_child=5 -2 3 -3 -4 -1
right_child=1 2 4 -5 -6 -7
leaf_value=-0.027154247533159651 -0.026037392352709441 0.022556567861574554 0.008734544146300996 -0.0073245566794094136 -0.028072868517086364 -0.025245317302852663
leaf_weight=0.47177376784384506 2.0446864739060429 12.525257859379055 0.57077309489250128 2.0009656921029082 1.7742611300200222 5.7112380843609571
leaf_count=6 14 56 3 8 26 130
internal_value=0.000510639 0.00897704 0.0132206 0.0184405 -0.0191141 -0.025391
internal_weight=25.099 18.9159 16.8713 14.5262 2.34503 6.18301
internal_count=243 107 93 64 29 136
is_linear=0
shrinkage=0.03


Tree=214
num_leaves=7
num_cat=0
split_feature=118 120 80 20 77 115
split_gain=11.115 1.18813 2.93339 0.000378161 0.000250117 0.000163474
threshold=1002.8162536621095 38.077238082885749 0.61608591675758373 -1.0000000180025095e-35 23.087981224060062 -8.5892028808593732
decision_type=2 2 2 2 2 2
left_child=3 -2 -3 -1 5 -5
right_child=1 2 -4 4 -6 -7
leaf_value=-0.026299473261302553 0.028510912840434759 -0.025971886256930157 0.028223501126840397 -0.024972497820717345 -0.025077318313016454 -0.025464582902626185
leaf_weight=0.31623884662985879 6.065875828266142 1.4739117100834849 2.3038051128387451 0.71257022954523552 4.284595649689436 4.1241703191772103
leaf_count=3 6 15 3 12 113 91
internal_value=-0.00201716 0.0202858 0.00707866 -0.0252796 -0.0252442 -0.0253921
internal_weight=19.2812 9.84359 3.77772 9.43758 9.12134 4.83674
internal_count=243 24 18 219 216 103
is_linear=0
shrinkage=0.03


Tree=215
num_leaves=7
num_cat=0
split_feature=34 51 50 50 105 49
split_gain=4.17278 4.11548 1.84597 4.34459 1.49023 1.489
threshold=1.3386169075965884 47.647039413452156 -0.4890777319669723 1.2576818466186526 24.258771896362308 8.8726692199707049
decision_type=2 2 2 2 2 2
left_child=1 -1 4 -4 -3 -2
right_child=5 2 3 -5 -6 -7
leaf_value=-0.025593309193890617 -0.02542949822273519 0.031123019782973015 -0.027428708041038856 0.029439838793270057 0.0064833067305650376 0.021627126335666193
leaf_weight=2.754382078535861 5.6978427292779079 6.039715588092804 2.5651203095912907 2.2870515808463097 3.4831889029592276 0.6771131083369254
leaf_count=16 168 10 14 5 28 2
internal_value=0.000288722 0.00799999 0.0144367 -0.000623949 0.0221106 -0.0204314
internal_weight=23.5044 17.1295 14.3751 4.85217 9.5229 6.37496
internal_count=243 73 57 19 38 170
is_linear=0
shrinkage=0.03


Tree=216
num_leaves=7
num_cat=0
split_feature=105 21 20 16 120 118
split_gain=5.8504 2.57123 2.67722 2.03589 1.48573 1.11974
threshold=25.364035606384281 59.877658843994148 0.39247690141201025 1003.0375061035157 44.514465332031257 992.51519775390636
decision_type=2 2 2 2 2 2
left_child=-1 2 -2 5 -4 -3
right_child=1 3 4 -5 -6 -7
leaf_value=-0.025231498153288307 -0.017009298144102854 0.0092385061481354714 0.031723746398885845 0.032339436101069437 0.0053293235634495869 -0.023644135868588864
leaf_weight=5.8911784291267422 1.6729162856936479 1.2704056724905957 6.7154479026794416 0.99256587773561467 2.6874851249158382 3.4990904480218887
leaf_count=46 8 11 109 15 24 30
internal_value=0.000500062 0.00950291 0.0179586 -0.00675059 0.0241799 -0.0148855
internal_weight=22.7291 16.8379 11.0758 5.76206 9.40293 4.7695
internal_count=243 197 141 56 133 41
is_linear=0
shrinkage=0.03


Tree=217
num_leaves=7
num_cat=0
split_feature=115 30 31 113 45 5
split_gain=7.31586 1.9584 1.70994 2.09081 1.13345 1.13434
threshold=-7.0140075683593741 15.219958782196047 1001.0384216308595 8.9042620658874529 0.94426462054252636 2.8910832405090336
decision_type=2 2 2 2 2 2
left_child=1 2 -1 -4 -2 -6
right_child=4 -3 3 -5 5 -7
leaf_value=-0.027257813983075269 0.023128120173832332 0.02769933628791402 -0.0038078304077732591 0.029870601150529901 -0.025374394508883256 0.021888900634967463
leaf_weight=1.2687045829370633 0.51255817897617717 5.6951259374618521 3.8524890765547752 2.9138362780213356 8.2893258873373235 0.48369177430868227
leaf_count=18 4 21 26 10 162 2
internal_value=0.000332072 0.0142415 0.0047027 0.0106954 -0.0202351 -0.0227686
internal_weight=23.0157 13.7302 8.03503 6.76633 9.28558 8.77302
internal_count=243 75 54 36 168 164
is_linear=0
shrinkage=0.03


Tree=218
num_leaves=7
num_cat=0
split_feature=117 105 96 116 19 62
split_gain=5.83275 2.9528 3.0289 1.61794 0.626849 0.00158153
threshold=282.31730651855474 23.043859481811527 44.144395828247077 0.00021615355217363688 -1.0000000180025095e-35 25.195697784423832
decision_type=2 2 2 2 2 2
left_child=5 -2 3 -3 -4 -1
right_child=1 2 4 -5 -6 -7
leaf_value=-0.02703885677840279 -0.025949984051556674 0.022087139752151489 0.0082616927380481948 -0.007122084580004232 -0.028049376219309488 -0.025198157713784211
leaf_weight=0.45494124479592102 1.9669350460171724 12.34534730948508 0.56867370009422336 1.9805428683757771 1.7283225217834104 5.4856271585449576
leaf_count=6 14 56 2 8 27 130
internal_value=0.000538798 0.00880835 0.0129212 0.018049 -0.0190597 -0.0253391
internal_weight=24.5304 18.5898 16.6229 14.3259 2.297 5.94057
internal_count=243 107 93 64 29 136
is_linear=0
shrinkage=0.03


Tree=219
num_leaves=7
num_cat=0
split_feature=118 120 30 20 77 37
split_gain=10.6108 1.13478 0.37932 0.000342797 0.000230399 0.000151732
threshold=1002.8162536621095 38.077238082885749 5.8722119331359872 1.0000000180025095e-35 23.087981224060062 1.6824359297752383
decision_type=2 2 2 2 2 2
left_child=3 -2 -3 -1 5 -5
right_child=1 2 -4 4 -6 -7
leaf_value=-0.026219196263414336 0.028279604745926661 0.019563193661136614 -0.00046942934143648162 -0.025957729135542611 -0.025036758799527478 -0.025296712094796878
leaf_weight=0.30742229707539337 5.849081873893736 1.3517927117645743 2.2948630675673485 0.33681787364184668 4.1276596672832966 4.3342870799824595
leaf_count=3 6 4 14 8 113 95
internal_value=-0.0020972 0.0200909 0.00695654 -0.0252345 -0.0252001 -0.0253444
internal_weight=18.6019 9.49574 3.64666 9.10619 8.79876 4.6711
internal_count=243 24 18 219 216 103
is_linear=0
shrinkage=0.03


Tree=220
num_leaves=7
num_cat=0
split_feature=34 51 50 50 105 77
split_gain=3.98868 3.92038 1.74086 4.14574 1.45669 1.45166
threshold=1.3386169075965884 47.647039413452156 -0.4890777319669723 1.2576818466186526 24.258771896362308 26.762847900390629
decision_type=2 2 2 2 2 2
left_child=1 -1 4 -4 -3 -2
right_child=5 2 3 -5 -6 -7
leaf_value=-0.025532462351015289 -0.025555938910298573 0.030813317358051574 -0.027325598295144225 0.028865676872399895 0.0062561151534424077 0.020305875669506642
leaf_weight=2.6557827163487735 5.4606790468096724 5.878052294254303 2.4844967722892735 2.2535590082406998 3.4498623628169298 0.70088715758174647
leaf_count=16 162 10 14 5 28 8
internal_value=0.000294356 0.00789729 0.0142091 -0.000599371 0.021731 -0.0203391
internal_weight=22.8833 16.7218 14.066 4.73806 9.32791 6.16157
internal_count=243 73 57 19 38 170
is_linear=0
shrinkage=0.03


Tree=221
num_leaves=7
num_cat=0
split_feature=105 21 20 16 120 118
split_gain=5.61302 2.43589 2.52765 1.92997 1.44495 1.0791
threshold=25.364035606384281 59.877658843994148 0.39247690141201025 1003.0375061035157 44.514465332031257 992.51519775390636
decision_type=2 2 2 2 2 2
left_child=-1 2 -2 5 -4 -3
right_child=1 3 4 -5 -6 -7
leaf_value=-0.025186560877150432 -0.01674730606824338 0.0090014950915112638 0.031361989010227846 0.031966080577919824 0.0051804159610233484 -0.023486315723736106
leaf_weight=5.6797220930457142 1.6294782757759119 1.2635809928178776 6.553784526884554 0.96494943648576725 2.6700894311070442 3.3855922073125839
leaf_count=46 8 11 109 15 24 30
internal_value=0.000529843 0.00939957 0.017698 -0.00664312 0.0237831 -0.0146566
internal_weight=22.1472 16.4675 10.8534 5.61412 9.22387 4.64917
internal_count=243 197 141 56 133 41
is_linear=0
shrinkage=0.03


Tree=222
num_leaves=7
num_cat=0
split_feature=115 30 31 113 45 5
split_gain=6.94627 1.86497 1.63128 1.98106 1.08026 1.12248
threshold=-7.0140075683593741 15.219958782196047 1001.0384216308595 8.9042620658874529 0.94426462054252636 2.8910832405090336
decision_type=2 2 2 2 2 2
left_child=1 2 -1 -4 -2 -6
right_child=4 -3 3 -5 5 -7
leaf_value=-0.027155531163912981 0.022422008352214626 0.027296595111378101 -0.0036929986017486746 0.029404286589637476 -0.0253281965430226 0.021766921136250721
leaf_weight=1.2290593776851908 0.50736507773399253 5.5531617254018784 3.8048239406198263 2.8444065451622009 7.9918119711801392 0.48300660401582707
leaf_count=18 4 21 26 10 162 2
internal_value=0.00032412 0.0139816 0.00459627 0.0104654 -0.0200985 -0.0226441
internal_weight=22.4136 13.4315 7.87829 6.64923 8.98218 8.47482
internal_count=243 75 54 36 168 164
is_linear=0
shrinkage=0.03


Tree=223
num_leaves=7
num_cat=0
split_feature=117 105 93 16 82 62
split_gain=5.57457 2.79333 2.90821 1.63084 0.0110315 0.00140895
threshold=282.31730651855474 23.043859481811527 15.78183174133301 998.33169555664074 1.9963594675064089 25.195697784423832
decision_type=2 2 2 2 2 2
left_child=5 -2 3 -3 -4 -1
right_child=1 2 4 -5 -6 -7
leaf_value=-0.026925459714949907 -0.025865439215101756 -0.028691636283396389 -0.025652638864299401 0.018687857767655542 -0.031002127893344236 -0.025155091372780866
leaf_weight=0.43815640918910759 1.8913700692355657 0.685228012502196 0.62455578893422969 14.274633329361675 0.78050275426357985 5.2804812481626868
leaf_count=6 14 3 6 69 15 130
internal_value=0.000556147 0.00865248 0.0126419 0.0165177 -0.0286243 -0.0252907
internal_weight=23.9749 18.2563 16.3649 14.9599 1.40506 5.71864
internal_count=243 107 93 72 21 136
is_linear=0
shrinkage=0.03


Tree=224
num_leaves=7
num_cat=0
split_feature=7 20 105 20 76 48
split_gain=10.135 2.61248 0.186049 0.183593 0.970551 0.000725708
threshold=3.4627109766006474 -0.49895581603050226 25.912281036376957 1.0000000180025095e-35 1011.3947753906251 22.669040679931644
decision_type=2 2 2 2 2 2
left_child=2 -2 -1 -4 -5 -3
right_child=1 5 3 4 -6 -7
leaf_value=0.02840517253435846 0.027879843001711556 -0.02621897030442551 0.028208761831597699 -0.025959808823101518 0.028132281578939426 -0.025197205670290504
leaf_weight=4.9437613487243679 0.9097058773040797 0.67165812943130276 0.96394848823547397 0.43500416632741667 0.95158481597900391 9.1247725971043092
leaf_count=5 1 24 1 23 1 188
internal_value=-0.00217043 -0.0207513 0.0251015 0.018153 0.0111624 -0.0252673
internal_weight=18.0004 10.7061 7.2943 2.35054 1.38659 9.79643
internal_count=243 213 30 25 24 212
is_linear=0
shrinkage=0.03


Tree=225
num_leaves=7
num_cat=0
split_feature=34 7 50 50 77 105
split_gain=3.80776 3.738 2.34641 3.19864 1.4042 0.936317
threshold=1.3386169075965884 3.5688160657882695 -0.4890777319669723 1.2576818466186526 26.762847900390629 24.958333015441898
decision_type=2 2 2 2 2 2
left_child=1 -1 5 -4 -2 -3
right_child=4 2 3 -5 -6 -7
leaf_value=-0.0254413772765026 -0.025508460824647788 0.030504566299318067 -0.027283474725762508 0.020914075344178586 0.020007285509065543 0.0099433467865192998
leaf_weight=2.5671987105161014 5.2688383711501947 5.7079813182353973 2.4091513678431484 2.5519516989588737 0.68990393448621024 3.062853978946805
leaf_count=20 162 10 17 7 8 19
internal_value=0.000283328 0.00778588 0.0139977 -0.00249104 -0.0202386 0.0233244
internal_weight=22.2579 16.2991 13.7319 4.9611 5.95874 8.77084
internal_count=243 73 53 24 170 29
is_linear=0
shrinkage=0.03


Tree=226
num_leaves=7
num_cat=0
split_feature=105 16 20 96 96 95
split_gain=5.37303 2.30795 2.82863 2.24115 1.37505 0.889434
threshold=25.364035606384281 1003.0375061035157 0.46099582314491278 38.722625732421882 46.546525955200202 1.5019812583923342
decision_type=2 2 2 2 2 2
left_child=-1 3 -3 -2 -5 -4
right_child=1 2 5 4 -6 -7
leaf_value=-0.025142322064393003 0.032643592555730488 -0.016498867270147773 0.030784120995383038 -0.016448409113380236 0.02475915608737175 -0.0095265099415692348
leaf_weight=5.4667088314890888 1.3028522096574331 1.5873126834630946 6.6061432249844074 5.2360055856406689 0.8466392084956168 0.53232140839099873
leaf_count=46 24 8 109 45 8 3
internal_value=0.000557347 0.00927749 0.0197237 -0.0030644 -0.0107128 0.0277781
internal_weight=21.578 16.1113 8.72578 7.3855 6.08264 7.13846
internal_count=243 197 120 77 53 112
is_linear=0
shrinkage=0.03


Tree=227
num_leaves=7
num_cat=0
split_feature=115 30 31 113 51 113
split_gain=6.59673 1.77966 1.56114 1.88114 1.06645 1.75766
threshold=-7.0140075683593741 15.219958782196047 1001.0384216308595 8.9042620658874529 44.911840438842781 8.1848554611206072
decision_type=2 2 2 2 2 2
left_child=1 2 -1 -4 5 -2
right_child=4 -3 3 -5 -6 -7
leaf_value=-0.027063576740870295 -0.02605627998154602 0.026927951103309825 -0.0035899956343636054 0.028968569401081112 -0.025215189120949059 0.034672284500942147
leaf_weight=1.1928176106885091 0.96005440596490899 5.4136822074651718 3.7548886900767684 2.7792255282402039 6.9472922692075372 0.77534256037324667
leaf_count=18 15 21 26 10 150 3
internal_value=0.000330737 0.0137381 0.00449703 0.0102585 -0.0199604 0.00107609
internal_weight=21.8233 13.1406 7.72693 6.53411 8.68269 1.7354
internal_count=243 75 54 36 168 18
is_linear=0
shrinkage=0.03


Tree=228
num_leaves=7
num_cat=0
split_feature=117 105 96 18 90 62
split_gain=5.32224 2.643 2.80438 1.53454 0.597296 0.00125863
threshold=282.31730651855474 23.043859481811527 44.144395828247077 22.391908645629886 6.5196623802185067 25.195697784423832
decision_type=2 2 2 2 2 2
left_child=5 -2 3 -3 -4 -1
right_child=1 2 4 -5 -6 -7
leaf_value=-0.026818114454439154 -0.025785115583421756 -0.03826857603038368 0.0086404475555000963 0.019130451267676884 -0.027856593942393312 -0.025113402457859202
leaf_weight=0.42222403921187179 1.8190429806709314 0.4326457809656884 0.5317127108573908 13.480055866762994 1.6745359161868689 5.0756772318854928
leaf_count=6 14 7 3 57 26 130
internal_value=0.000579247 0.00849404 0.0123625 0.0173455 -0.0190607 -0.0252443
internal_weight=23.4359 17.938 16.119 13.9127 2.20625 5.4979
internal_count=243 107 93 64 29 136
is_linear=0
shrinkage=0.03


Tree=229
num_leaves=7
num_cat=0
split_feature=7 90 105 20 76 48
split_gain=9.68246 2.48986 0.175905 0.174435 0.924621 0.000672036
threshold=3.4627109766006474 0.61759227514266979 25.912281036376957 1.0000000180025095e-35 1011.3947753906251 22.669040679931644
decision_type=2 2 2 2 2 2
left_child=2 -2 -1 -4 -5 -3
right_child=1 5 3 4 -6 -7
leaf_value=0.028176715937334392 0.027677104204986366 -0.026154090420867995 0.028000314464642816 -0.025885086558302812 0.027927924850488499 -0.025155335262085424
leaf_weight=4.7635446190834072 0.87484735250472923 0.65121021308004756 0.92989909648895297 0.41834601573646046 0.91781121492385864 8.8000905914232117
leaf_count=5 1 24 1 23 1 188
internal_value=-0.00225433 -0.0207423 0.0249036 0.018023 0.0110793 -0.0252242
internal_weight=17.3557 10.3261 7.0296 2.26606 1.33616 9.4513
internal_count=243 213 30 25 24 212
is_linear=0
shrinkage=0.03


Tree=230
num_leaves=7
num_cat=0
split_feature=51 105 65 114 120 19
split_gain=3.65559 3.6809 3.06889 2.22869 1.56108 0.00342378
threshold=47.647039413452156 24.958333015441898 -1.2284460663795469 9.7960495948791522 42.831268310546882 1.7757577300071719
decision_type=2 2 2 2 2 2
left_child=-1 4 3 -3 -2 -4
right_child=1 2 5 -5 -6 -7
leaf_value=-0.025465039808235872 0.0022759558365555944 -0.027078228692161015 -0.027114461129687663 0.02543193046958013 0.027741447131315263 -0.025204351982116499
leaf_weight=4.0374615713953999 3.3336008042097109 0.99332595430314841 1.1427395595237566 2.7178301243111491 6.1884130612015724 3.2367262979969382
leaf_count=60 10 34 13 20 15 91
internal_value=0.000282047 0.00618422 -0.00869429 0.0113771 0.0188261 -0.0257028
internal_weight=21.6501 17.6126 8.09062 3.71116 9.52201 4.37947
internal_count=243 183 158 54 25 104
is_linear=0
shrinkage=0.03


Tree=231
num_leaves=7
num_cat=0
split_feature=105 52 114 20 78 34
split_gain=5.1313 2.20792 1.8905 2.27545 0.416849 0.000387641
threshold=25.364035606384281 8.4949560165405291 25.13358306884766 0.39247690141201025 14.253671169281008 0.77373233437538158
decision_type=2 2 2 2 2 2
left_child=5 2 3 -2 -4 -1
right_child=1 -3 4 -5 -6 -7
leaf_value=-0.024903856840777297 -0.016248516001646503 -0.021549098356531876 0.0017281277061964252 0.02275608925496591 -0.026386214391637176 -0.025439392591243188
leaf_weight=3.3487835340201881 1.5463862866163243 1.8614935129880894 0.83459769561886687 10.393194023519753 1.1005090400576589 1.9104171171784399
leaf_count=26 8 15 9 156 9 20
internal_value=0.000556075 0.00913007 0.0132461 0.0177043 -0.0142607 -0.0250984
internal_weight=20.9954 15.7362 13.8747 11.9396 1.93511 5.2592
internal_count=243 197 182 164 18 46
is_linear=0
shrinkage=0.03


Tree=232
num_leaves=7
num_cat=0
split_feature=115 30 50 92 51 113
split_gain=6.2844 1.70829 1.5052 1.47049 1.04089 1.6816
threshold=-7.0140075683593741 15.219958782196047 1.1616285443305971 20.295920372009281 44.911840438842781 8.1848554611206072
decision_type=2 2 2 2 2 2
left_child=1 2 3 -1 5 -2
right_child=4 -3 -4 -5 -6 -7
leaf_value=0.023012255418700792 -0.026001402660682488 0.026602440941250582 -0.026063425363734821 -0.0060853147038629424 -0.025171567799272158 0.034139145029644484
leaf_weight=3.567077502608301 0.92571357917040387 5.2925851941108704 1.2246879916638134 2.782379443757236 6.6906441207975149 0.76359046995639801
leaf_count=11 15 21 8 35 150 3
internal_value=0.00035843 0.0135257 0.00438799 0.0102615 -0.0198588 0.00118302
internal_weight=21.2467 12.8667 7.57414 6.34946 8.37995 1.6893
internal_count=243 75 54 46 168 18
is_linear=0
shrinkage=0.03


Tree=233
num_leaves=7
num_cat=0
split_feature=117 115 96 105 19 63
split_gain=5.08045 2.50693 1.89319 2.18785 0.547479 0.00112706
threshold=282.31730651855474 -8.3872070312499982 44.144395828247077 24.701754570007328 -1.0000000180025095e-35 21.201336860656742
decision_type=2 2 2 2 2 2
left_child=5 -2 3 -3 -4 -1
right_child=1 2 4 -5 -6 -7
leaf_value=-0.026985148031742581 -0.025311572672016343 -0.0071120950560862456 0.0075949904501209304 0.021877910181114922 -0.028874145000658796 -0.025092981361610391
leaf_weight=0.30038866773247974 1.7902392465621257 2.9676835760474196 0.5382664054632188 11.129704210907219 1.1884690057486282 4.9846222437918186
leaf_count=6 24 11 2 51 19 130
internal_value=0.000596588 0.00833675 0.0121435 0.0157751 -0.0175058 -0.0252005
internal_weight=22.8994 17.6144 15.8241 14.0974 1.72674 5.28501
internal_count=243 107 83 62 21 136
is_linear=0
shrinkage=0.03


Tree=234
num_leaves=7
num_cat=0
split_feature=7 20 105 20 76 48
split_gain=9.25032 2.37293 0.166569 0.165944 0.881451 0.000627202
threshold=3.4627109766006474 -0.49895581603050226 25.912281036376957 1.0000000180025095e-35 1011.3947753906251 22.669040679931644
decision_type=2 2 2 2 2 2
left_child=2 -2 -1 -4 -5 -3
right_child=1 5 3 4 -6 -7
leaf_value=0.027961752961049826 0.027485879778771389 -0.026093479658984158 0.027803561999384184 -0.025823080130795852 0.027734287303538843 -0.025114005148747825
leaf_weight=4.5878901481628445 0.84093153476715343 0.63224049936979554 0.89672040939331088 0.40232800692319848 0.88479214906692505 8.4829904548823816
leaf_count=5 1 24 1 23 1 188
internal_value=-0.00233492 -0.0207334 0.0247156 0.0178959 0.0109933 -0.0251819
internal_weight=16.7279 9.95616 6.77173 2.18384 1.28712 9.11523
internal_count=243 213 30 25 24 212
is_linear=0
shrinkage=0.03


Tree=235
num_leaves=7
num_cat=0
split_feature=51 34 49 116 18 65
split_gain=3.49809 3.49457 2.25652 1.49764 1.94196 1.19991
threshold=47.647039413452156 0.83563998341560375 8.8726692199707049 0.00013558243517763915 23.214402198791507 -2.0082246065139766
decision_type=2 2 2 2 2 2
left_child=-1 3 5 4 -2 -3
right_child=1 2 -4 -5 -6 -7
leaf_value=-0.025412309369145902 -0.026936288279150584 0.011374431007388013 0.025610722333083744 0.024517373482294606 0.020019265127029826 -0.02557759254933514
leaf_weight=3.8913224078714874 1.3832242637872716 0.9589653536677395 1.2475072517991064 7.2305892407894135 1.8568051904439924 4.5123207559809044
leaf_count=60 6 21 3 18 11 124
internal_value=0.000272451 0.00608694 -0.0107991 0.0169224 -2.68677e-05 -0.0191009
internal_weight=21.0807 17.1894 6.71879 10.4706 3.24003 5.47129
internal_count=243 183 148 35 17 145
is_linear=0
shrinkage=0.03


Tree=236
num_leaves=7
num_cat=0
split_feature=105 21 20 16 120 118
split_gain=4.90406 2.15188 2.13992 1.6912 1.3703 0.97866
threshold=25.364035606384281 59.877658843994148 0.39247690141201025 1003.0375061035157 44.514465332031257 992.51519775390636
decision_type=2 2 2 2 2 2
left_child=-1 2 -2 5 -4 -3
right_child=1 3 4 -5 -6 -7
leaf_value=-0.025055508478184274 -0.015987098318379959 0.0082930507434950257 0.030546466397035912 0.031046110826577399 0.0044617007880242325 -0.023186024033576384
leaf_weight=5.0636337921023395 1.5050024464726437 1.240343578159808 6.0790031738579255 0.89250910282134999 2.5825277157127857 3.1366083547472954
leaf_count=46 8 11 109 15 24 30
internal_value=0.000563507 0.00896759 0.0170318 -0.00659087 0.022769 -0.0142655
internal_weight=20.4996 15.436 10.1665 5.26946 8.66153 4.37695
internal_count=243 197 141 56 133 41
is_linear=0
shrinkage=0.03


Tree=237
num_leaves=7
num_cat=0
split_feature=115 63 114 45 65 5
split_gain=5.97993 2.59331 2.93514 0.880633 0.877359 0.256338
threshold=-8.5019531249999982 22.877683639526371 35.093444824218757 2.5474237203598027 -0.81538939476013172 1.8185572028160097
decision_type=2 2 2 2 2 2
left_child=4 2 3 -2 -1 -3
right_child=1 5 -4 -5 -6 -7
leaf_value=0.001223920222847942 -0.0046101211926507018 0.0090209650921434931 0.028867524522186792 -0.025941209931645257 0.02736569984965868 0.032766058477098042
leaf_weight=1.4388877283781765 2.1999108642339698 0.68815968837588926 1.1551456600427616 8.3655918305739743 5.8655828740447786 1.0092847347259519
leaf_count=6 31 15 4 157 27 3
internal_value=0.000373785 -0.0115166 -0.0165357 -0.0214997 0.0222161 0.0231396
internal_weight=20.7226 13.4181 11.7206 10.5655 7.30447 1.69744
internal_count=243 210 192 188 33 18
is_linear=0
shrinkage=0.03


Tree=238
num_leaves=7
num_cat=0
split_feature=117 105 93 116 82 62
split_gain=4.86542 2.39877 2.57924 1.41661 0.00936606 0.00105575
threshold=282.31730651855474 23.043859481811527 15.78183174133301 0.00021615355217363688 1.9963594675064089 25.195697784423832
decision_type=2 2 2 2 2 2
left_child=5 -2 3 -3 -4 -1
right_child=1 2 4 -5 -6 -7
leaf_value=-0.026644556982257123 -0.025656482705763595 0.01935059732477528 -0.025518857684020353 -0.0081542866899404348 -0.030631397600982761 -0.025035632982482056
leaf_weight=0.398206389509144 1.6976885646581674 12.32909790240228 0.57394848763942607 1.9521276541054238 0.7361142598092556 4.6920918449759483
leaf_count=6 14 63 6 9 15 130
internal_value=0.000617815 0.00820788 0.0118953 0.0155909 -0.0283916 -0.0251615
internal_weight=22.3793 17.289 15.5913 14.2812 1.31006 5.0903
internal_count=243 107 93 72 21 136
is_linear=0
shrinkage=0.03


Tree=239
num_leaves=7
num_cat=0
split_feature=7 90 105 20 76 48
split_gain=8.83955 2.2767 0.159256 0.158894 0.842926 0.000658897
threshold=3.4627109766006474 0.61759227514266979 25.912281036376957 1.0000000180025095e-35 1011.3947753906251 22.610364913940433
decision_type=2 2 2 2 2 2
left_child=2 -2 -1 -4 -5 -3
right_child=1 5 3 4 -6 -7
leaf_value=0.027766985970131844 0.027332063660498458 -0.026237987492723883 0.027617586234502254 -0.025768616803291091 0.027551279001430722 -0.025080357181148233
leaf_weight=4.4220392107963589 0.81289762258529563 0.46732730604708095 0.86440020799636874 0.38839134294539668 0.85264605283737183 8.3318643802776915
leaf_count=5 1 18 1 23 1 194
internal_value=-0.00240819 -0.0207041 0.0245336 0.0177425 0.0108644 -0.0251418
internal_weight=16.1396 9.61209 6.52748 2.10544 1.24104 8.79919
internal_count=243 213 30 25 24 212
is_linear=0
shrinkage=0.03


Tree=240
num_leaves=7
num_cat=0
split_feature=34 7 50 50 77 105
split_gain=3.35219 3.22884 2.10345 2.89225 1.2829 0.86105
threshold=1.3386169075965884 3.5688160657882695 -0.4890777319669723 1.2576818466186526 26.762847900390629 24.958333015441898
decision_type=2 2 2 2 2 2
left_child=1 -1 5 -4 -2 -3
right_child=4 2 3 -5 -6 -7
leaf_value=-0.025315720063628658 -0.025400790707894989 0.029784185991097445 -0.027100033853695193 0.020204075633600278 0.019549664409259145 0.009384536762505398
leaf_weight=2.2866525352001217 4.7593717267736784 5.2700411677360517 2.2549603963270775 2.4028114452958107 0.64940714184194792 2.8797839544713497
leaf_count=20 162 10 17 7 8 19
internal_value=0.000260549 0.00752195 0.0133847 -0.00269719 -0.0200038 0.0225759
internal_weight=20.503 15.0942 12.8076 4.65777 5.40878 8.14983
internal_count=243 73 53 24 170 29
is_linear=0
shrinkage=0.03


Tree=241
num_leaves=7
num_cat=0
split_feature=105 21 20 16 120 118
split_gain=4.70995 2.03175 2.0241 1.60364 1.32549 0.947442
threshold=25.364035606384281 59.877658843994148 0.39247690141201025 1003.0375061035157 44.514465332031257 992.51519775390636
decision_type=2 2 2 2 2 2
left_child=-1 2 -2 5 -4 -3
right_child=1 3 4 -5 -6 -7
leaf_value=-0.025018561063210338 -0.015762352841056489 0.008157753182776329 0.030200942116733544 0.030741500762863035 0.0044030562772790424 -0.023023682070197185
leaf_weight=4.8796219453215626 1.4666182845830906 1.233800321817397 5.9287481792271119 0.86729386448860157 2.5692371092736721 3.0327133163809776
leaf_count=46 8 11 109 15 24 30
internal_value=0.00060419 0.00888515 0.0167843 -0.00644693 0.0224013 -0.0140066
internal_weight=19.978 15.0984 9.9646 5.13381 8.49799 4.26651
internal_count=243 197 141 56 133 41
is_linear=0
shrinkage=0.03


Tree=242
num_leaves=7
num_cat=0
split_feature=115 30 20 32 32 51
split_gain=5.70813 1.58176 1.40368 1.13596 1.02025 1.00389
threshold=-7.0140075683593741 15.219958782196047 1.7334954738616946 25.141095161437992 25.744453430175785 44.911840438842781
decision_type=2 2 2 2 2 2
left_child=1 2 4 -4 -1 -2
right_child=5 -3 3 -5 -6 -7
leaf_value=0.031526487497854472 0.0014166856175968346 0.026050824399433428 0.0068153528367663734 -0.027022608690895625 3.1934587125628778e-05 -0.025097730287214199
leaf_weight=2.0178913623094581 1.6194839114323247 5.0304422527551651 1.8841875717043879 1.69714795704931 1.7103441832587121 6.2259399639442563
leaf_count=7 18 21 8 30 9 150
internal_value=0.000383256 0.0131036 0.00419336 -0.00922001 0.0170782 -0.0196245
internal_weight=20.1854 12.34 7.30957 3.58134 3.72824 7.84542
internal_count=243 75 54 38 16 168
is_linear=0
shrinkage=0.03


Tree=243
num_leaves=7
num_cat=0
split_feature=117 115 96 96 117 63
split_gain=4.6412 2.28406 1.77384 2.10065 1.50536 0.000947218
threshold=282.31730651855474 -8.3872070312499982 43.443576812744148 38.722625732421882 405.14833068847662 21.201336860656742
decision_type=2 2 2 2 2 2
left_child=5 -2 3 -3 -4 -1
right_child=1 2 4 -5 -6 -7
leaf_value=-0.026799334822456979 -0.025225057773016223 -0.017236119364460654 -0.027853936627258657 0.021001560979057463 0.016984485995240627 -0.025017094857372094
leaf_weight=0.28497640788555401 1.6747576463967586 1.4647802151739586 1.6809156807139509 11.028606183826922 1.1248226538300512 4.6101315151900053
leaf_count=6 24 12 24 42 5 130
internal_value=0.000614573 0.00803643 0.0116775 0.0165184 -0.00987818 -0.0251209
internal_weight=21.869 16.9739 15.2991 12.4934 2.80574 4.89511
internal_count=243 107 83 54 29 136
is_linear=0
shrinkage=0.03


Tree=244
num_leaves=7
num_cat=0
split_feature=7 20 105 20 115 48
split_gain=8.46275 2.16981 0.149759 0.150783 0.609744 0.000605038
threshold=3.4627109766006474 -0.49895581603050226 25.912281036376957 1.0000000180025095e-35 -4.2430419921874991 22.610364913940433
decision_type=2 2 2 2 2 2
left_child=2 -2 -1 -4 -5 -3
right_child=1 5 3 4 -6 -7
leaf_value=0.027576879047145741 0.027159711322571441 -0.02617045608529606 0.027458026381033951 0.023332736862499846 -0.025871507100064212 -0.025043824268723296
leaf_weight=4.257235825061799 0.78066509962081809 0.45319362264126439 0.83590543270111117 0.89380111265927564 0.30367681663483348 8.037233083508907
leaf_count=5 1 18 1 6 18 194
internal_value=-0.00247973 -0.0207031 0.0243779 0.0176802 0.0108547 -0.025104
internal_weight=15.5617 9.27109 6.29062 2.03338 1.19748 8.49043
internal_count=243 213 30 25 24 212
is_linear=0
shrinkage=0.03


Tree=245
num_leaves=7
num_cat=0
split_feature=34 51 116 78 63 77
split_gain=3.22371 3.08061 1.44861 1.7812 1.24821 1.2248
threshold=1.3386169075965884 47.647039413452156 0.00013250788470031696 11.647364139556887 22.534031867980961 26.762847900390629
decision_type=2 2 2 2 2 2
left_child=1 -1 3 -3 -4 -2
right_child=5 2 4 -5 -6 -7
leaf_value=-0.025300602526128244 -0.025362726113765621 -0.027081043170770539 0.026938189559262072 0.016207299138427503 0.0028145171167023369 0.01910527882919864
leaf_weight=2.1975832898169783 4.5935534229502073 1.5583323091268533 6.2721730619668943 1.8967647142708299 2.7886425731703639 0.63445274345576752
leaf_count=16 162 10 18 12 17 8
internal_value=0.000269088 0.00745911 0.0132112 -0.00331679 0.0195137 -0.0199662
internal_weight=19.9415 14.7135 12.5159 3.4551 9.06082 5.22801
internal_count=243 73 57 22 35 170
is_linear=0
shrinkage=0.03


Tree=246
num_leaves=7
num_cat=0
split_feature=105 52 115 20 34 31
split_gain=4.50742 1.97073 1.6897 1.75868 0.000313561 0.000124081
threshold=25.364035606384281 8.4949560165405291 -9.5418395996093732 0.39247690141201025 0.77373233437538158 1003.7509155273439
decision_type=2 2 2 2 2 2
left_child=4 2 -2 -4 -1 -6
right_child=1 -3 3 -5 5 -7
leaf_value=-0.02479557733671614 -0.025873845341420704 -0.021213712161239174 -0.015480269174522951 0.019989526531844201 -0.025095103280058404 -0.025612824097564928
leaf_weight=2.9657370969653156 0.94439351558685203 1.7412704080343235 1.4268105104565609 10.639066271483896 1.0345990620553491 0.69753682613372792
leaf_count=26 9 15 8 165 14 6
internal_value=0.00060887 0.00875899 0.0127705 0.0157952 -0.0249829 -0.0253036
internal_weight=19.4494 14.7515 13.0103 12.0659 4.69787 1.73214
internal_count=243 197 182 173 46 20
is_linear=0
shrinkage=0.03


Tree=247
num_leaves=7
num_cat=0
split_feature=115 30 31 113 51 113
split_gain=5.40088 1.51159 1.33173 1.66788 0.997541 1.56038
threshold=-7.0140075683593741 15.219958782196047 1001.0384216308595 8.9042620658874529 44.911840438842781 8.1848554611206072
decision_type=2 2 2 2 2 2
left_child=1 2 -1 -4 5 -2
right_child=4 -3 3 -5 -6 -7
leaf_value=-0.02680579519053793 -0.02591224656816956 0.025692811455279865 -0.0039259001142120109 0.027885461637057157 -0.025058744374625727 0.033408090956223185
leaf_weight=1.0695912679657356 0.86138877039775141 4.9015622586011887 3.5163294551894069 2.565664067864418 5.9941876456141472 0.74359685275703669
leaf_count=18 15 21 26 10 150 3
internal_value=0.000372397 0.01286 0.00406465 0.00949359 -0.0194344 0.00157113
internal_weight=19.6523 12.0531 7.15158 6.08199 7.59917 1.60499
internal_count=243 75 54 36 168 18
is_linear=0
shrinkage=0.03


Tree=248
num_leaves=7
num_cat=0
split_feature=117 105 96 33 19 63
split_gain=4.43416 2.19001 2.3614 1.36993 0.50605 0.000847259
threshold=282.31730651855474 23.043859481811527 44.144395828247077 22.225569725036625 -1.0000000180025095e-35 21.201336860656742
decision_type=2 2 2 2 2 2
left_child=5 -2 3 -3 -4 -1
right_child=1 2 4 -5 -6 -7
leaf_value=-0.026695142839010495 -0.025550410753623364 0.0052888374811242223 0.0071836976663130362 0.024830264128144038 -0.027631144659789376 -0.024979936421329386
leaf_weight=0.27530800551176327 1.5925772562623048 5.8402545601129514 0.50141024589538608 7.2203865870833397 1.4994341935962427 4.4284652275964618
leaf_count=6 14 36 2 28 27 130
internal_value=0.000640514 0.00790511 0.0114426 0.016092 -0.0189066 -0.0250803
internal_weight=21.3578 16.6541 15.0615 13.0606 2.00084 4.70377
internal_count=243 107 93 64 29 136
is_linear=0
shrinkage=0.03


Tree=249
num_leaves=7
num_cat=0
split_feature=7 20 105 20 48 107
split_gain=8.09515 2.06799 0.143542 0.143979 0.000589642 0.00053275
threshold=3.4627109766006474 -0.49895581603050226 25.912281036376957 1.0000000180025095e-35 22.599654197692875 1001.6897583007814
decision_type=2 2 2 2 2 2
left_child=2 -2 -1 -4 5 -3
right_child=1 4 3 -5 -6 -7
leaf_value=0.027399044016697016 0.026997309476526132 -0.0250048971908939 0.02729089739481776 0.010786363754104914 -0.025008141797294069 -0.027182701026918173
leaf_weight=4.0985019207000741 0.74947673082351585 0.18741732090711405 0.80527907609939564 1.1623248122632501 7.7813415066339076 0.21948947571218014
leaf_count=5 1 10 1 24 196 6
internal_value=-0.00254646 -0.0207005 0.0242015 0.0175412 -0.0250664 -0.0261796
internal_weight=15.0038 8.93773 6.06611 1.9676 8.18825 0.406907
internal_count=243 213 30 25 212 16
is_linear=0
shrinkage=0.03


Tree=250
num_leaves=7
num_cat=0
split_feature=34 7 50 50 77 105
split_gain=3.084 2.94661 1.92234 2.6887 1.18143 0.842594
threshold=1.3386169075965884 3.5688160657882695 -0.4890777319669723 1.2576818466186526 26.762847900390629 24.958333015441898
decision_type=2 2 2 2 2 2
left_child=1 -1 5 -4 -2 -3
right_child=4 2 3 -5 -6 -7
leaf_value=-0.025262895545038081 -0.025329831700371577 0.029363429584821282 -0.026954125351237937 0.01964728319287716 0.018754659393026833 0.0087636735102122713
leaf_weight=2.1256297007203129 4.4354688040912142 5.0019258856773368 2.1401150557212523 2.3245400860905647 0.62409914191812266 2.7804176742210984
leaf_count=20 162 10 17 7 8 19
internal_value=0.000251226 0.0073422 0.0130013 -0.00269092 -0.019892 0.0220037
internal_weight=19.4322 14.3726 12.247 4.46466 5.05957 7.78234
internal_count=243 73 53 24 170 29
is_linear=0
shrinkage=0.03


Tree=251
num_leaves=7
num_cat=0
split_feature=105 52 114 20 78 34
split_gain=4.30813 1.87407 1.62651 1.8289 0.371133 0.000280071
threshold=25.364035606384281 8.4949560165405291 25.13358306884766 0.39247690141201025 14.253671169281008 0.77373233437538158
decision_type=2 2 2 2 2 2
left_child=5 2 3 -2 -4 -1
right_child=1 -3 4 -5 -6 -7
leaf_value=-0.024763965500065779 -0.015261770622667939 -0.021052287751268665 0.0012906204143195957 0.021495304593634097 -0.026209428090299827 -0.025253216149018105
leaf_weight=2.8530262522399452 1.3951502740383137 1.6943511366844166 0.79411394521593937 9.6104270778596383 0.9951927624642849 1.6691118963062761
leaf_count=26 8 15 9 156 9 20
internal_value=0.000618335 0.0085966 0.0125228 0.0168357 -0.0140046 -0.0249445
internal_weight=19.0114 14.4892 12.7949 11.0056 1.78931 4.52214
internal_count=243 197 182 164 18 46
is_linear=0
shrinkage=0.03


Tree=252
num_leaves=7
num_cat=0
split_feature=115 63 114 45 65 5
split_gain=5.16563 2.37971 2.64165 0.839847 0.770307 0.222317
threshold=-8.5019531249999982 22.877683639526371 35.093444824218757 2.5474237203598027 -0.81538939476013172 1.8185572028160097
decision_type=2 2 2 2 2 2
left_child=4 2 3 -2 -1 -3
right_child=1 5 -4 -5 -6 -7
leaf_value=0.0014178925964713472 -0.0042956064629219928 0.009388924776967093 0.027726828453278164 -0.025861723735566933 0.026601865624368944 0.032026521530293513
leaf_weight=1.3716266285628078 2.0675878454931063 0.65880306065082439 1.1045793443918217 7.5950284246355295 5.3829342313110855 0.95848941802978516
leaf_count=6 31 15 4 157 27 3
internal_value=0.00038392 -0.0111263 -0.0162229 -0.021247 0.0214878 0.0228051
internal_weight=19.139 12.3845 10.7672 9.66262 6.75456 1.61729
internal_count=243 210 192 188 33 18
is_linear=0
shrinkage=0.03


Tree=253
num_leaves=7
num_cat=0
split_feature=117 105 96 66 50 52
split_gain=4.25814 2.09639 2.42052 1.92344 0.496918 0.4094
threshold=282.31730651855474 24.258771896362308 44.144395828247077 55.465429306030281 -0.20765465497970578 7.0614631175994882
decision_type=2 2 2 2 2 2
left_child=-1 5 3 -3 -4 -2
right_child=1 2 4 -5 -6 -7
leaf_value=-0.025045715685417975 0.00014675634921082194 0.0032269335272431497 -0.027540286973474003 0.02761084369168966 0.0071810994905855477 -0.026072488433308484
leaf_weight=4.5332768289372352 0.78780731558800043 5.0149180293083173 1.4513706276193259 6.9414808880537748 0.49833887442946334 1.6767522469162939
leaf_count=136 4 30 24 30 5 14
internal_value=0.000684548 0.00780963 0.0123291 0.0173834 -0.0186656 -0.0176914
internal_weight=20.9039 16.3707 13.9061 11.9564 1.94971 2.46456
internal_count=243 107 89 60 29 18
is_linear=0
shrinkage=0.03


Tree=254
num_leaves=7
num_cat=0
split_feature=7 20 105 6 67 48
split_gain=7.72695 1.97124 0.143962 0.144937 0.552675 0.000518227
threshold=3.4627109766006474 -0.49895581603050226 25.912281036376957 38.722709655761726 4.4265661239624032 22.610364913940433
decision_type=2 2 2 2 2 2
left_child=2 -2 -1 -4 -5 -3
right_child=1 5 3 4 -6 -7
leaf_value=0.027226937903287608 0.02684394073513767 -0.02604754242580035 0.027158348677989334 -0.025860536761405983 0.022447960292555531 -0.024972590647336347
leaf_weight=3.9402551054954538 0.7192763090133657 0.4266599640250196 0.78040653467178334 0.2842094227671621 0.8523584958165884 7.478166411165148
leaf_count=5 1 18 1 17 7 194
internal_value=-0.00264443 -0.0207041 0.0239464 0.0172034 0.010368 -0.0250306
internal_weight=14.4813 8.6241 5.85723 1.91697 1.13657 7.90483
internal_count=243 213 30 25 24 212
is_linear=0
shrinkage=0.03


Tree=255
num_leaves=7
num_cat=0
split_feature=51 105 65 114 120 19
split_gain=2.95954 2.98694 2.56506 1.89843 1.31175 0.00258225
threshold=47.647039413452156 24.958333015441898 -1.2284460663795469 9.7960495948791522 42.831268310546882 1.7757577300071719
decision_type=2 2 2 2 2 2
left_child=-1 4 3 -3 -2 -4
right_child=1 2 5 -5 -6 -7
leaf_value=-0.02524876238147946 0.0018092794955073008 -0.026961824952095776 -0.026791770249119325 0.024313231734569649 0.026596993802570738 -0.025034475163209204
leaf_weight=3.372874838300052 2.969453036785124 0.8862738469615582 1.0388362267985933 2.4363080244511366 5.4439606443047523 2.7311170622706413
leaf_count=60 10 34 13 20 15 91
internal_value=0.000219254 0.00575909 -0.00858161 0.010636 0.0178484 -0.0255187
internal_weight=18.8788 15.5059 7.09254 3.32258 8.41341 3.76995
internal_count=243 183 158 54 25 104
is_linear=0
shrinkage=0.03


Tree=256
num_leaves=7
num_cat=0
split_feature=105 31 20 3 35 95
split_gain=4.12464 1.79907 2.16389 2.00784 1.49865 0.959753
threshold=25.364035606384281 1002.8371887207032 0.39247690141201025 16.567680358886722 1.5088903903961184 1.5019812583923342
decision_type=2 2 2 2 2 2
left_child=-1 3 -3 -2 -5 -4
right_child=1 2 5 4 -6 -7
leaf_value=-0.024911735380133825 0.033770675933561603 -0.01502858131766965 0.030827635241166343 -0.016147275256101632 0.024699896558044838 -0.01192059167755447
leaf_weight=4.3529730848968056 1.1594854667782764 1.3598038256168363 5.293181087821722 4.9118849746882915 0.96763522922992695 0.51902735978364933
leaf_count=46 25 8 105 47 9 3
internal_value=0.000638691 0.00846503 0.0190397 -0.00230948 -0.00942476 0.0270102
internal_weight=18.564 14.211 7.17201 7.03901 5.87952 5.81221
internal_count=243 197 116 81 56 108
is_linear=0
shrinkage=0.03


Tree=257
num_leaves=7
num_cat=0
split_feature=115 30 20 92 51 113
split_gain=4.94349 1.41157 1.27872 1.02583 0.942018 1.45755
threshold=-7.0140075683593741 15.219958782196047 1.7334954738616946 18.487128257751468 44.911840438842781 8.1848554611206072
decision_type=2 2 2 2 2 2
left_child=1 2 -1 -4 5 -2
right_child=4 -3 3 -5 -6 -7
leaf_value=0.016476216879725933 -0.025854751286067061 0.025263943170324557 0.02936237133119636 -0.016605953492372802 -0.024991820437331263 0.032627056307555066
leaf_weight=3.5195332281291503 0.81974562257528194 4.6670357286930084 0.51732420921325717 2.8110954901203513 5.5802105208858848 0.72081602364778519
leaf_count=16 15 21 2 36 150 3
internal_value=0.00039008 0.0125406 0.00386941 -0.00946126 -0.0192586 0.0015084
internal_weight=18.6358 11.515 6.84795 3.32842 7.12077 1.54056
internal_count=243 75 54 38 168 18
is_linear=0
shrinkage=0.03


Tree=258
num_leaves=7
num_cat=0
split_feature=117 115 96 96 117 63
split_gain=4.08387 2.01689 1.57086 1.90525 1.3598 0.000726505
threshold=282.31730651855474 -8.3872070312499982 43.443576812744148 38.722625732421882 405.14833068847662 21.201336860656742
decision_type=2 2 2 2 2 2
left_child=5 -2 3 -3 -4 -1
right_child=1 2 4 -5 -6 -7
leaf_value=-0.026540705864306371 -0.025120906552267168 -0.017235915562129389 -0.027555001409723435 0.020153250897426405 0.016487108800944651 -0.024914518807474296
leaf_weight=0.26311405561864631 1.5237111356109405 1.3885868582874525 1.5694179302081459 10.514445956796406 1.0550896078348158 4.1014153826981783
leaf_count=6 24 12 24 42 5 130
internal_value=0.000718647 0.00771527 0.0111593 0.0157915 -0.00984944 -0.0250126
internal_weight=20.4158 16.0513 14.5275 11.903 2.62451 4.36453
internal_count=243 107 83 54 29 136
is_linear=0
shrinkage=0.03


Tree=259
num_leaves=7
num_cat=0
split_feature=7 20 105 6 67 48
split_gain=7.39416 1.87867 0.13876 0.140035 0.527525 0.000523001
threshold=3.4627109766006474 -0.49895581603050226 25.912281036376957 38.722709655761726 4.4265661239624032 22.599654197692875
decision_type=2 2 2 2 2 2
left_child=2 -2 -1 -4 -5 -3
right_child=1 5 3 4 -6 -7
leaf_value=0.027066821184761052 0.02669839070799656 -0.026071477093010088 0.027021900741641357 -0.025804932693482597 0.022179287552818325 -0.024939659485197382
leaf_weight=3.7893056869506845 0.6899254322051992 0.3870947202667584 0.75425082445144642 0.27441730536520459 0.82948218658566475 7.2385347192175686
leaf_count=5 1 16 1 17 7 196
internal_value=-0.00271697 -0.020708 0.0237738 0.0170585 0.0102509 -0.0249971
internal_weight=13.963 8.31555 5.64746 1.85815 1.1039 7.62563
internal_count=243 213 30 25 24 212
is_linear=0
shrinkage=0.03


Tree=260
num_leaves=7
num_cat=0
split_feature=34 7 50 47 77 105
split_gain=2.85059 2.68275 1.76529 2.51581 1.09969 0.807684
threshold=1.3386169075965884 3.5688160657882695 -0.4890777319669723 27.105592727661136 26.762847900390629 24.958333015441898
decision_type=2 2 2 2 2 2
left_child=1 -1 5 -4 -2 -3
right_child=4 2 3 -5 -6 -7
leaf_value=-0.025189596048808958 -0.025264066949160113 0.02898509610240517 -0.027145607895918116 0.019014299606481974 0.018259186814170505 0.0083245405165200022
leaf_weight=1.9666762324050093 4.1460890057496718 4.7350704669952384 2.0048686116933814 2.2611227086745203 0.59781664330512274 2.6593690076842904
leaf_count=20 162 10 13 11 8 19
internal_value=0.000249501 0.007222 0.0126886 -0.00267926 -0.0197794 0.0215546
internal_weight=18.371 13.6271 11.6604 4.26599 4.74391 7.39444
internal_count=243 73 53 24 170 29
is_linear=0
shrinkage=0.03


Tree=261
num_leaves=7
num_cat=0
split_feature=105 52 115 113 34 31
split_gain=3.94458 1.71187 1.49791 1.49197 0.000239116 9.1835e-05
threshold=25.364035606384281 8.4949560165405291 -9.5418395996093732 2.3941749334335332 0.77373233437538158 1003.7509155273439
decision_type=2 2 2 2 2 2
left_child=4 2 -2 -4 -1 -6
right_child=1 -3 3 -5 5 -7
leaf_value=-0.024701390204248799 -0.025718208572894117 -0.020792663515818325 -0.024887584771219936 0.018013812336656842 -0.024980022354418874 -0.025448652868075631
leaf_weight=2.6277193501591709 0.87277577072381873 1.604654699563979 0.78346425294875999 10.603511746972798 0.92739892378449418 0.63338057696819305
leaf_count=26 9 15 3 170 14 6
internal_value=0.000637372 0.0083451 0.0121589 0.015062 -0.0248761 -0.0251702
internal_weight=18.0529 13.8644 12.2598 11.387 4.1885 1.56078
internal_count=243 197 182 173 46 20
is_linear=0
shrinkage=0.03


Tree=262
num_leaves=7
num_cat=0
split_feature=115 63 114 45 65 5
split_gain=4.70369 2.22745 2.44565 0.856504 0.738546 0.204943
threshold=-8.5019531249999982 22.877683639526371 35.093444824218757 0.94426462054252636 -0.81538939476013172 1.8185572028160097
decision_type=2 2 2 2 2 2
left_child=4 2 3 -2 -1 -3
right_child=1 5 -4 -5 -6 -7
leaf_value=0.0011319810456074731 0.019530791859316745 0.0093756010172429318 0.026978990764232786 -0.023183767865244627 0.026188168139294057 0.031490665130088066
leaf_weight=1.3358456343412397 0.444206602871417 0.63819527812302002 1.0638496875762928 8.6433518324047309 5.103926898911598 0.92197251319885254
leaf_count=6 4 15 4 184 27 3
internal_value=0.000395754 -0.0109286 -0.0160577 -0.0210958 0.0209906 0.0224444
internal_weight=18.1513 11.7116 10.1514 9.08756 6.43977 1.56017
internal_count=243 210 192 188 33 18
is_linear=0
shrinkage=0.03


Tree=263
num_leaves=7
num_cat=0
split_feature=117 105 93 116 67 63
split_gain=3.89401 1.92981 2.1159 1.25508 0.00811904 0.000662084
threshold=282.31730651855474 23.043859481811527 15.78183174133301 0.00021615355217363688 7.2375280857086191 21.201336860656742
decision_type=2 2 2 2 2 2
left_child=5 -2 3 -3 -4 -1
right_child=1 2 4 -5 -6 -7
leaf_value=-0.026456246369725794 -0.025414467729188036 0.018059241154608729 -0.02623951984005643 -0.0087669903343564129 -0.031529305903600972 -0.024880994357441451
leaf_weight=0.25572881475091236 1.4501233249902714 11.296600470319389 0.7515601823106397 1.8229011669754971 0.40018890425562859 3.9380996036343277
leaf_count=6 14 63 15 9 6 130
internal_value=0.000707241 0.00755877 0.0109092 0.0143318 -0.0280775 -0.024977
internal_weight=19.9152 15.7214 14.2713 13.1195 1.15175 4.19383
internal_count=243 107 93 72 21 136
is_linear=0
shrinkage=0.03


Tree=264
num_leaves=7
num_cat=0
split_feature=7 90 105 20 76 48
split_gain=7.06721 1.80236 0.133654 0.134854 0.708288 0.000477613
threshold=3.4627109766006474 0.61759227514266979 25.912281036376957 1.0000000180025095e-35 1011.3947753906251 22.599654197692875
decision_type=2 2 2 2 2 2
left_child=2 -2 -1 -4 -5 -3
right_child=1 5 3 4 -6 -7
leaf_value=0.026919344724140266 0.026581510642623214 -0.026005946046131358 0.026882028255998992 -0.025544332044858269 0.026877479718466681 -0.024906359934766149
leaf_weight=3.6452643871307382 0.66585892438888361 0.37460303865373124 0.72684508562088002 0.34089910518377997 0.72594320774078369 6.9776005479507148
leaf_count=5 1 16 1 23 1 196
internal_value=-0.00277612 -0.0206819 0.0236205 0.0169163 0.0101266 -0.0249624
internal_weight=13.457 8.01806 5.43895 1.79369 1.06684 7.3522
internal_count=243 213 30 25 24 212
is_linear=0
shrinkage=0.03


Tree=265
num_leaves=7
num_cat=0
split_feature=34 7 50 50 77 105
split_gain=2.72588 2.54965 1.67295 2.43649 1.06693 0.798957
threshold=1.3386169075965884 3.5688160657882695 -0.4890777319669723 1.2576818466186526 26.762847900390629 24.958333015441898
decision_type=2 2 2 2 2 2
left_child=1 -1 5 -4 -2 -3
right_child=4 2 3 -5 -6 -7
leaf_value=-0.025154054121709849 -0.025233969501510672 0.028781858814970734 -0.026717706339672034 0.01922448606924157 0.017992438182772304 0.0080368618631885876
leaf_weight=1.8887505112215901 4.0045756697654715 4.5858263671398154 1.9836160531267513 2.1814738065004349 0.58955769613385189 2.628589628264308
leaf_count=20 162 10 17 7 8 19
internal_value=0.000229576 0.00712562 0.0124833 -0.00265539 -0.0196868 0.0212234
internal_weight=17.8624 13.2683 11.3795 4.16509 4.59413 7.21442
internal_count=243 73 53 24 170 29
is_linear=0
shrinkage=0.03


Tree=266
num_leaves=7
num_cat=0
split_feature=105 31 20 3 35 95
split_gain=3.77394 1.6504 1.96911 1.89012 1.38515 0.930899
threshold=25.364035606384281 1002.8371887207032 0.39247690141201025 16.567680358886722 1.5088903903961184 1.5019812583923342
decision_type=2 2 2 2 2 2
left_child=-1 3 -3 -2 -5 -4
right_child=1 2 5 4 -6 -7
leaf_value=-0.024843720357620593 0.033730021134955136 -0.014733112422258341 0.030348865389341607 -0.015889589856180324 0.023582178251510995 -0.012101060300588169
leaf_weight=4.0290842130780247 1.1007379312068204 1.2908116132020948 5.0192616898566484 4.731032382696867 0.96301446855068196 0.51239700615406025
leaf_count=46 25 8 105 47 9 3
internal_value=0.000661722 0.00820829 0.0186312 -0.00225707 -0.00921387 0.0264167
internal_weight=17.6463 13.6173 6.82247 6.79478 5.69405 5.53166
internal_count=243 197 116 81 56 108
is_linear=0
shrinkage=0.03


Tree=267
num_leaves=7
num_cat=0
split_feature=115 30 0 115 51 113
split_gain=4.49649 1.31314 1.17514 1.45447 0.901152 1.35069
threshold=-7.0140075683593741 15.219958782196047 8.5971527099609393 -8.5019531249999982 44.911840438842781 8.1848554611206072
decision_type=2 2 2 2 2 2
left_child=1 2 3 -1 5 -2
right_child=4 -3 -4 -5 -6 -7
leaf_value=0.027108356177632086 -0.025778465880750306 0.024771713494165692 -0.017550324486715799 -0.0058047434773457786 -0.024933207917655111 0.031945251157609503
leaf_weight=2.5054949838668104 0.76574088353663572 4.4320360273122787 1.7337309606373308 2.3341574193909786 5.1973442016169429 0.69682643935084343
leaf_count=13 15 21 10 31 150 3
internal_value=0.000377375 0.0121515 0.00364244 0.0112344 -0.0190792 0.00172346
internal_weight=17.6653 11.0054 6.57338 4.83965 6.65991 1.46257
internal_count=243 75 54 44 168 18
is_linear=0
shrinkage=0.03


Tree=268
num_leaves=7
num_cat=0
split_feature=117 115 96 96 117 63
split_gain=3.73984 1.84228 1.46807 1.76392 1.26318 0.000610792
threshold=282.31730651855474 -8.3872070312499982 43.443576812744148 38.722625732421882 405.14833068847662 21.201336860656742
decision_type=2 2 2 2 2 2
left_child=5 -2 3 -3 -4 -1
right_child=1 2 4 -5 -6 -7
leaf_value=-0.02638373487479995 -0.025047692330113735 -0.017074279856571513 -0.027415388402105945 0.019560034546362393 0.015982367522238732 -0.024850894977526086
leaf_weight=0.24936271458864467 1.4228716623038042 1.3382808510214079 1.5043618977069848 10.187560303136705 1.0081657096743581 3.7877956009469926
leaf_count=6 24 12 24 42 5 130
internal_value=0.000766226 0.00747996 0.0107768 0.0153064 -0.0100018 -0.0249456
internal_weight=19.4984 15.4612 14.0384 11.5258 2.51253 4.03716
internal_count=243 107 83 54 29 136
is_linear=0
shrinkage=0.03


Tree=269
num_leaves=7
num_cat=0
split_feature=7 20 105 20 76 48
split_gain=6.75419 1.71857 0.128964 0.129925 0.67847 0.00044248
threshold=3.4627109766006474 -0.49895581603050226 25.912281036376957 1.0000000180025095e-35 1011.3947753906251 22.599654197692875
decision_type=2 2 2 2 2 2
left_child=2 -2 -1 -4 -5 -3
right_child=1 5 3 4 -6 -7
leaf_value=0.026773128454124686 0.026451583214985561 -0.025949210799610146 0.026737530157402645 -0.025499673579746963 0.026733239438787644 -0.024875727033601174
leaf_weight=3.5003414750099182 0.63857346773147572 0.36428132886067022 0.69788503646850575 0.32967030350118853 0.69701492786407471 6.7304415619000793
leaf_count=5 1 16 1 23 1 196
internal_value=-0.00288499 -0.020688 0.0234649 0.0167501 0.00996117 -0.0249308
internal_weight=12.9582 7.7333 5.22491 1.72457 1.02669 7.09472
internal_count=243 213 30 25 24 212
is_linear=0
shrinkage=0.03


Tree=270
num_leaves=7
num_cat=0
split_feature=105 45 48 63 2 37
split_gain=2.62769 2.362 1.4559 1.57795 0.670305 0.00240916
threshold=24.701754570007328 19.103755950927738 22.977385520935062 22.477734565734867 22.496143341064457 1.9057828187942507
decision_type=2 2 2 2 2 2
left_child=2 4 -1 -4 -2 -6
right_child=1 -3 3 -5 5 -7
leaf_value=-0.014360908108819617 -0.00025754050716763797 0.017273689365653586 0.026140235452527603 -0.0038546311577389563 -0.026744150819766159 -0.025060999932980856
leaf_weight=1.6219571828842179 1.1730269324034432 1.912088446319103 5.1817454919219017 2.2699769921600819 0.93254606472328294 4.2688461034558713
leaf_count=8 13 11 13 13 17 168
internal_value=0.00024276 -0.0119707 0.0113966 0.0170031 -0.0207429 -0.0253628
internal_weight=17.3602 8.28651 9.07368 7.45172 6.37442 5.20139
internal_count=243 209 34 26 198 185
is_linear=0
shrinkage=0.03


Tree=271
num_leaves=7
num_cat=0
split_feature=105 52 17 16 97 34
split_gain=3.61504 1.57296 1.41643 1.08933 0.185167 0.000205159
threshold=25.364035606384281 8.4949560165405291 28.1541862487793 1002.9345703125001 2.9021012783050542 0.77373233437538158
decision_type=2 2 2 2 2 2
left_child=5 2 3 -2 -4 -1
right_child=1 -3 4 -5 -6 -7
leaf_value=-0.024643030945418011 -0.0083509353997068547 -0.020542305740914202 0.031091667876039224 0.013772583643404878 0.0066196272772308436 -0.025093327603070609
leaf_weight=2.4150952845811875 3.216426767408846 1.5258010663092125 2.9203767776489253 5.3097326457500458 0.30757644027471531 1.4617811031639574
leaf_count=26 32 15 71 73 6 20
internal_value=0.000674036 0.00811455 0.0118345 0.00542666 0.0287598 -0.0248128
internal_weight=17.1568 13.2799 11.7541 8.52616 3.22795 3.87688
internal_count=243 197 182 105 77 46
is_linear=0
shrinkage=0.03


Tree=272
num_leaves=7
num_cat=0
split_feature=115 30 92 51 113 0
split_gain=4.26741 1.2553 1.41954 0.880734 1.29511 0.839007
threshold=-7.0140075683593741 15.219958782196047 20.78845310211182 44.911840438842781 8.1848554611206072 7.3852722644805917
decision_type=2 2 2 2 2 2
left_child=1 2 5 4 -2 -1
right_child=3 -3 -4 -5 -6 -7
leaf_value=0.025233346615778748 -0.025726416777241599 0.024436959632348286 -0.026932490497934183 -0.024900871952215083 0.031590281122595258 0.00065618220321737885
leaf_weight=2.0235147625207919 0.73714028997346648 4.3190429359674454 1.134243215434253 5.001880681142211 0.68404935393482447 3.2706839889287949
leaf_count=8 15 21 30 150 3 16
internal_value=0.000366711 0.0119286 0.00352468 -0.0189794 0.00186135 0.0100499
internal_weight=17.1706 10.7475 6.42844 6.42307 1.42119 5.2942
internal_count=243 75 54 168 18 24
is_linear=0
shrinkage=0.03


Tree=273
num_leaves=7
num_cat=0
split_feature=117 105 96 18 20 50
split_gain=3.56921 1.78535 2.28922 1.38841 1.35766 0.43921
threshold=282.31730651855474 24.701754570007328 44.144395828247077 22.655771255493168 2.9236656427383427 -0.20765465497970578
decision_type=2 2 2 2 2 2
left_child=-1 4 3 -3 -2 -4
right_child=1 2 5 -5 -6 -7
leaf_value=-0.02491132044369233 -0.026687342697143585 -0.012936746816513462 -0.027377617778398162 0.022401424173562338 0.012507649329781521 0.0070416636958873149
leaf_weight=3.8748974143527475 2.1025202237069602 1.1276331590488542 1.3160796696320174 8.8840892761945707 1.2793487720191477 0.44699070975184341
leaf_count=136 13 12 24 44 9 5
internal_value=0.000783275 0.00735226 0.0128703 0.0184212 -0.01186 -0.0186513
internal_weight=19.0316 15.1567 11.7748 10.0117 3.38187 1.76307
internal_count=243 107 85 56 22 29
is_linear=0
shrinkage=0.03


Tree=274
num_leaves=7
num_cat=0
split_feature=7 20 105 20 76 48
split_gain=6.46067 1.63792 0.122412 0.123718 0.647131 0.000401342
threshold=3.4627109766006474 -0.49895581603050226 25.912281036376957 1.0000000180025095e-35 1011.3947753906251 22.599654197692875
decision_type=2 2 2 2 2 2
left_child=2 -2 -1 -4 -5 -3
right_child=1 5 3 4 -6 -7
leaf_value=0.026635110269876784 0.02632773903897466 -0.025885729308964867 0.026608455138247541 -0.025447601471618592 0.026603815752569433 -0.024845274471973912
leaf_weight=3.360579788684845 0.6120324134826659 0.35176078090444196 0.67144680023193337 0.31641086796298623 0.67048639059066772 6.486193407792598
leaf_count=5 1 16 1 23 1 196
internal_value=-0.00296596 -0.0206904 0.0233439 0.0166743 0.00991552 -0.0248988
internal_weight=12.4689 7.44999 5.01892 1.65834 0.986897 6.83795
internal_count=243 213 30 25 24 212
is_linear=0
shrinkage=0.03


Tree=275
num_leaves=7
num_cat=0
split_feature=51 105 65 114 120 19
split_gain=2.53484 2.50948 2.24083 1.6578 1.13803 0.00189916
threshold=47.647039413452156 24.958333015441898 -1.2284460663795469 9.7960495948791522 42.831268310546882 1.7757577300071719
decision_type=2 2 2 2 2 2
left_child=-1 4 3 -3 -2 -4
right_child=1 2 5 -5 -6 -7
leaf_value=-0.025109102124415632 0.0015310277241642868 -0.026846568362319738 -0.026509633708592203 0.023589166558620568 0.02573831315448576 -0.024920058378031979
leaf_weight=2.9401032128371325 2.7117558196187002 0.79625190701335791 0.94426808971911613 2.2270161574706435 4.9172286503016949 2.3851212626323104
leaf_count=60 10 34 13 20 15 91
internal_value=0.000211376 0.00553585 -0.00839219 0.0103057 0.0171337 -0.0253709
internal_weight=16.9217 13.9816 6.35266 3.02327 7.62898 3.32939
internal_count=243 183 158 54 25 104
is_linear=0
shrinkage=0.03


Tree=276
num_leaves=7
num_cat=0
split_feature=105 21 19 16 118 62
split_gain=3.45876 1.49617 1.56878 1.2017 0.827615 0.824617
threshold=25.364035606384281 59.877658843994148 0.47910343110561376 1003.0375061035157 992.51519775390636 25.710099220275882
decision_type=2 2 2 2 2 2
left_child=-1 2 -2 4 -3 -4
right_child=1 3 5 -5 -6 -7
leaf_value=-0.024782554153553221 -0.012399985275304526 0.0084044883112931179 0.007650865194050665 0.029190334019726066 -0.02246948228650654 0.028960423450462694
leaf_weight=3.7342785112559822 1.5173693150281886 1.1211967617273324 2.5666422341018915 0.72233618795871724 2.5785548463463783 4.4994690623134375
leaf_count=46 12 11 29 15 30 100
internal_value=0.000666241 0.00797333 0.0152768 -0.00620306 -0.0131132 0.0212201
internal_weight=16.7398 13.0056 8.58348 4.42209 3.69975 7.06611
internal_count=243 197 141 56 41 129
is_linear=0
shrinkage=0.03


Tree=277
num_leaves=7
num_cat=0
split_feature=115 30 35 33 51 113
split_gain=4.08976 1.23933 1.02042 1.17077 0.847232 1.23707
threshold=-7.0140075683593741 8.6573839187622088 1.5595989823341372 22.729711532592777 44.911840438842781 8.1848554611206072
decision_type=2 2 2 2 2 2
left_child=1 -1 3 -3 5 -2
right_child=4 2 -4 -5 -6 -7
leaf_value=-0.015680752956192277 -0.02569233800528084 0.02919242208157902 -0.0064361444196437429 0.0049963263881854809 -0.02487061853522305 0.031140181239208562
leaf_weight=1.2981323460117007 0.71289776545017847 4.8019267022609693 1.5676008397713301 2.8787854835391045 4.8191559654660523 0.66740386094897985
leaf_count=30 15 22 10 13 150 3
internal_value=0.000401884 0.0117687 0.0156217 0.0201236 -0.0189353 0.00178734
internal_weight=16.7459 10.5464 9.24831 7.68071 6.19946 1.3803
internal_count=243 75 45 35 168 18
is_linear=0
shrinkage=0.03


Tree=278
num_leaves=7
num_cat=0
split_feature=117 105 96 18 19 63
split_gain=3.41104 1.71686 1.82742 1.28594 0.437065 0.000513634
threshold=282.31730651855474 23.043859481811527 44.144395828247077 22.391908645629886 -1.0000000180025095e-35 21.201336860656742
decision_type=2 2 2 2 2 2
left_child=5 -2 3 -3 -4 -1
right_child=1 2 4 -5 -6 -7
leaf_value=-0.026241397226027006 -0.025311529667817349 -0.03835759608882295 0.0073690434498123814 0.016478123362216872 -0.02729704337269552 -0.024791941746082402
leaf_weight=0.23482627980411352 1.3297270964831103 0.39833713695406814 0.43944108486175548 11.401957976631818 1.2829496674239622 3.4925562986172736
leaf_count=6 14 7 2 57 27 130
internal_value=0.000775805 0.00721524 0.0104137 0.0146271 -0.0184525 -0.0248833
internal_weight=18.5798 14.8524 13.5227 11.8003 1.72239 3.72738
internal_count=243 107 93 64 29 136
is_linear=0
shrinkage=0.03


Tree=279
num_leaves=7
num_cat=0
split_feature=7 20 105 20 76 48
split_gain=6.21584 1.56593 0.116109 0.118643 0.623974 0.000373713
threshold=3.4627109766006474 -0.49895581603050226 25.912281036376957 1.0000000180025095e-35 1011.3947753906251 22.599654197692875
decision_type=2 2 2 2 2 2
left_child=2 -2 -1 -4 -5 -3
right_child=1 5 3 4 -6 -7
leaf_value=0.026520556950032168 0.026218113330163682 -0.02583624809721043 0.026523501364509448 -0.02540983138279488 0.026518319333379441 -0.024816941584910771
leaf_weight=3.2421329021453857 0.58809655904769886 0.34137721126899112 0.65374636650085427 0.30585514241829515 0.65265882015228271 6.2590790963731706
leaf_count=5 1 16 1 23 1 196
internal_value=-0.00297882 -0.0206902 0.0232487 0.0166693 0.00994841 -0.0248697
internal_weight=12.0429 7.18855 4.85439 1.61226 0.958514 6.60046
internal_count=243 213 30 25 24 212
is_linear=0
shrinkage=0.03


Tree=280
num_leaves=7
num_cat=0
split_feature=51 105 65 114 120 19
split_gain=2.42929 2.38462 2.15057 1.58256 1.09322 0.00171132
threshold=47.647039413452156 24.958333015441898 -1.2284460663795469 9.7960495948791522 42.831268310546882 1.7757577300071719
decision_type=2 2 2 2 2 2
left_child=-1 4 3 -3 -2 -4
right_child=1 2 5 -5 -6 -7
leaf_value=-0.025074473103990053 0.0014920152722849819 -0.026759128964173002 -0.026422849697453867 0.023262454394084486 0.025412366400666141 -0.024889440122099253
leaf_weight=2.8312902995385256 2.6790952682495099 0.77122160745784762 0.91604869626462404 2.1733698025345802 4.8011242598295212 2.2987595950253308
leaf_count=60 10 34 13 20 15 91
internal_value=0.000213304 0.0054625 -0.008361 0.0101612 0.0168451 -0.0253264
internal_weight=16.4709 13.6396 6.1594 2.94459 7.48022 3.21481
internal_count=243 183 158 54 25 104
is_linear=0
shrinkage=0.03


Tree=281
num_leaves=7
num_cat=0
split_feature=105 52 17 32 97 34
split_gain=3.30668 1.44067 1.31241 0.964906 0.183035 0.000166642
threshold=25.364035606384281 8.4949560165405291 28.1541862487793 26.868604660034183 2.9021012783050542 0.77373233437538158
decision_type=2 2 2 2 2 2
left_child=5 2 3 -2 -4 -1
right_child=1 -3 4 -5 -6 -7
leaf_value=-0.024592903811570241 0.0099511608613962396 -0.020293272312002911 0.030762299746520907 -0.01718168467349477 0.0058413279898962304 -0.025013797002264197
leaf_weight=2.2316317521035702 6.8026903718709928 1.4518246389925469 2.7346415892243381 1.4270625095814464 0.29373587667942036 1.3641075529158113
leaf_count=26 89 15 71 16 6 20
internal_value=0.000646947 0.00783266 0.0114597 0.00524625 0.0283451 -0.0247526
internal_weight=16.3057 12.71 11.2581 8.22975 3.02838 3.59574
internal_count=243 197 182 105 77 46
is_linear=0
shrinkage=0.03


Tree=282
num_leaves=7
num_cat=0
split_feature=115 30 35 33 51 113
split_gain=3.89665 1.17484 0.976809 1.1405 0.828219 1.19016
threshold=-7.0140075683593741 8.6573839187622088 1.5595989823341372 22.729711532592777 44.911840438842781 8.1848554611206072
decision_type=2 2 2 2 2 2
left_child=1 -1 3 -3 5 -2
right_child=4 2 -4 -5 -6 -7
leaf_value=-0.015395996293327358 -0.025649150627910833 0.028957184316770301 -0.0063319296894920832 0.0048976446912556938 -0.024841251913559924 0.030842829709661044
leaf_weight=1.2744211107492471 0.68804859137162455 4.6724458187818509 1.5490899812430141 2.8577718287706375 4.6393946395255625 0.65530680306255817
leaf_count=30 15 22 10 13 150 3
internal_value=0.000439678 0.0115772 0.0153633 0.0198264 -0.0188349 0.0019084
internal_weight=16.3365 10.3537 9.07931 7.53022 5.98275 1.34336
internal_count=243 75 45 35 168 18
is_linear=0
shrinkage=0.03


Tree=283
num_leaves=7
num_cat=0
split_feature=117 105 93 20 18 67
split_gain=3.26514 1.63843 2.07924 1.28058 1.07949 0.00740127
threshold=282.31730651855474 24.701754570007328 15.78183174133301 2.9236656427383427 22.655771255493168 7.2375280857086191
decision_type=2 2 2 2 2 2
left_child=-1 3 4 -2 -3 -4
right_child=1 2 5 -5 -6 -7
leaf_value=-0.024856590243448034 -0.026575893512501603 -0.012142511447613675 -0.026032131406469528 0.012314691761089784 0.019843967495002036 -0.031297447318140069
leaf_weight=3.5875629787333336 1.9991284813731902 1.0584236634895194 0.66482906881719717 1.2313711196184156 9.2332317754626256 0.37624634057283401
leaf_count=136 13 11 15 9 53 6
internal_value=0.000779597 0.00709492 0.0124674 -0.011752 0.0165544 -0.027935
internal_weight=18.1508 14.5632 11.3327 3.2305 10.2917 1.04108
internal_count=243 107 85 22 64 21
is_linear=0
shrinkage=0.03


Tree=284
num_leaves=7
num_cat=0
split_feature=7 20 105 20 76 48
split_gain=5.94793 1.50279 0.111469 0.113946 0.597725 0.000363524
threshold=3.4627109766006474 -0.49895581603050226 25.912281036376957 1.0000000180025095e-35 1011.3947753906251 22.599654197692875
decision_type=2 2 2 2 2 2
left_child=2 -2 -1 -4 -5 -3
right_child=1 5 3 4 -6 -7
leaf_value=0.026401633827521389 0.026123449448203905 -0.025807469031302849 0.02640727479226326 -0.025358360184416479 0.02640184435670467 -0.024788270403252436
leaf_weight=3.1157184839248657 0.56708532571792591 0.33230352960526932 0.6291382312774656 0.29517688043415546 0.62797701358795166 6.035196244250983
leaf_count=5 1 16 1 23 1 196
internal_value=-0.00305064 -0.0206737 0.0231294 0.0165616 0.00985161 -0.0248415
internal_weight=11.6026 6.93459 4.66801 1.55229 0.923154 6.3675
internal_count=243 213 30 25 24 212
is_linear=0
shrinkage=0.03


Tree=285
num_leaves=7
num_cat=0
split_feature=51 34 49 116 18 65
split_gain=2.32297 2.27052 1.58481 1.05039 1.29663 0.866463
threshold=47.647039413452156 0.83563998341560375 8.8726692199707049 0.00013558243517763915 23.214402198791507 -2.0082246065139766
decision_type=2 2 2 2 2 2
left_child=-1 3 5 4 -2 -3
right_child=1 2 -4 -5 -6 -7
leaf_value=-0.02504212467273953 -0.026288500318308431 0.010597658159637357 0.023181911371221053 0.022115904090238881 0.017780252532438836 -0.025248707516808751
leaf_weight=2.7284316597506431 1.0619195699691757 0.74177804961800564 1.01381429284811 5.7555335462093353 1.3840842181816695 3.3370926966890684
leaf_count=60 6 21 3 18 11 124
internal_value=0.000172392 0.00534728 -0.0103863 0.0151169 -0.00135196 -0.0187297
internal_weight=16.0227 13.2942 5.09269 8.20154 2.446 4.07887
internal_count=243 183 148 35 17 145
is_linear=0
shrinkage=0.03


Tree=286
num_leaves=7
num_cat=0
split_feature=105 52 17 16 97 34
split_gain=3.16576 1.3615 1.27202 0.926639 0.180606 0.000150163
threshold=25.364035606384281 8.4949560165405291 28.1541862487793 1003.3114318847657 2.9021012783050542 0.77373233437538158
decision_type=2 2 2 2 2 2
left_child=5 2 3 -2 -4 -1
right_child=1 -3 4 -5 -6 -7
leaf_value=-0.024569441971723765 -0.0067140570943103649 -0.020084025076504891 0.030624064272747501 0.013796716989326907 0.0056342657781900968 -0.024976280783599959
leaf_weight=2.1450626663863672 3.4357073921710235 1.408164657652377 2.6458017155528064 4.6864543128758669 0.28868512250483025 1.3183180913329122
leaf_count=26 36 15 71 69 6 20
internal_value=0.000648573 0.00769849 0.0112368 0.00512058 0.0281657 -0.0247243
internal_weight=15.9282 12.4648 11.0566 8.12216 2.93449 3.46338
internal_count=243 197 182 105 77 46
is_linear=0
shrinkage=0.03


Tree=287
num_leaves=7
num_cat=0
split_feature=115 30 92 51 113 0
split_gain=3.73925 1.14506 1.27931 0.795535 1.13871 0.776588
threshold=-7.0140075683593741 15.219958782196047 20.78845310211182 44.911840438842781 8.1848554611206072 7.3852722644805917
decision_type=2 2 2 2 2 2
left_child=1 2 5 4 -2 -1
right_child=3 -3 -4 -5 -6 -7
leaf_value=0.024723391021129987 -0.025621510402415205 0.023792682836619793 -0.026786247525256653 -0.024812842746690312 0.030436399269304897 0.00045325547376041719
leaf_weight=1.8917078077793101 0.66640211641788549 4.0570803582668304 1.056477718055248 4.4669563486240804 0.63868538103997707 3.1831780225038528
leaf_count=8 15 21 30 150 3 16
internal_value=0.000499305 0.0114288 0.00324775 -0.0187928 0.00181218 0.00950016
internal_weight=15.9605 10.1884 6.13136 5.77204 1.30509 5.07489
internal_count=243 75 54 168 18 24
is_linear=0
shrinkage=0.03


Tree=288
num_leaves=7
num_cat=0
split_feature=117 115 96 96 117 63
split_gain=3.12715 1.58915 1.2906 1.61183 1.10421 0.000596147
threshold=282.31730651855474 -8.3872070312499982 43.443576812744148 38.722625732421882 405.14833068847662 21.027215003967289
decision_type=2 2 2 2 2 2
left_child=5 -2 3 -3 -4 -1
right_child=1 2 4 -5 -6 -7
leaf_value=-0.027010430622765771 -0.024944846594292028 -0.017538139653460814 -0.027184503259543736 0.018741569264771975 0.015317755400305468 -0.024760575678560357
leaf_weight=0.1094618160277635 1.2779764849692572 1.2479115538299073 1.3835521899163716 9.4347210079431516 0.91328051686286915 3.3471285756677389
leaf_count=3 24 12 24 42 5 133
internal_value=0.000767826 0.00697423 0.010117 0.0145035 -0.0102845 -0.0248318
internal_weight=17.714 14.2574 12.9795 10.6826 2.29683 3.45659
internal_count=243 107 83 54 29 136
is_linear=0
shrinkage=0.03


Tree=289
num_leaves=7
num_cat=0
split_feature=7 20 105 20 76 48
split_gain=5.70259 1.44244 0.107299 0.11024 0.576956 0.000342491
threshold=3.4627109766006474 -0.49895581603050226 25.912281036376957 1.0000000180025095e-35 1011.3947753906251 22.599654197692875
decision_type=2 2 2 2 2 2
left_child=2 -2 -1 -4 -5 -3
right_child=1 5 3 4 -6 -7
leaf_value=0.026292368840840751 0.026033357700293754 -0.025765150774544394 0.026314775265140498 -0.025327273452184423 0.026309019077592467 -0.0247615438030706
leaf_weight=2.9975418448448181 0.54679059982299794 0.32300921715795983 0.60922437906265237 0.28653187630698085 0.60797536373138428 5.8218445898965001
leaf_count=5 1 16 1 23 1 196
internal_value=-0.00309689 -0.0206594 0.0230118 0.0164722 0.00976869 -0.0248143
internal_weight=11.1929 6.69164 4.50127 1.50373 0.894507 6.14485
internal_count=243 213 30 25 24 212
is_linear=0
shrinkage=0.03


Tree=290
num_leaves=7
num_cat=0
split_feature=34 7 50 50 77 105
split_gain=2.25291 2.04615 1.43097 2.12858 0.916428 0.693781
threshold=1.3386169075965884 3.5688160657882695 -0.4890777319669723 1.2576818466186526 26.762847900390629 24.958333015441898
decision_type=2 2 2 2 2 2
left_child=1 -1 5 -4 -2 -3
right_child=4 2 3 -5 -6 -7
leaf_value=-0.025007934658602488 -0.02513916670260976 0.02803630986429001 -0.026522988018175264 0.018637021063409434 0.017665095943166322 0.0074238672809701887
leaf_weight=1.5743420822545875 3.4038872215896858 4.0074760615825644 1.7941441005095833 1.9715965464711187 0.51876624673604954 2.3206559605896473
leaf_count=20 162 10 17 7 8 19
internal_value=0.0001901 0.0068023 0.0117637 -0.00287895 -0.0194784 0.0204773
internal_weight=15.5909 11.6682 10.0939 3.76574 3.92265 6.32813
internal_count=243 73 53 24 170 29
is_linear=0
shrinkage=0.03


Tree=291
num_leaves=7
num_cat=0
split_feature=105 21 19 16 62 118
split_gain=3.02881 1.2998 1.4039 1.08589 0.802165 0.729428
threshold=25.364035606384281 59.877658843994148 0.47910343110561376 1003.0375061035157 25.710099220275882 992.51519775390636
decision_type=2 2 2 2 2 2
left_child=-1 2 -2 5 -4 -3
right_child=1 3 4 -5 -6 -7
leaf_value=-0.02469730716864494 -0.012284859721279339 0.0074984832870014896 0.0069096613390250772 0.028746741573299747 0.028487129039118358 -0.02213096889922234
leaf_weight=3.3331150878220805 1.4374762419611196 1.089393071830272 2.4762292262166739 0.67486535198986519 4.1482816748321056 2.3847141824662685
leaf_count=46 12 11 29 15 100 30
internal_value=0.000649593 0.00756831 0.0145899 -0.00607549 0.0204215 -0.0128399
internal_weight=15.5441 12.211 8.06199 4.14897 6.62451 3.47411
internal_count=243 197 141 56 129 41
is_linear=0
shrinkage=0.03


Tree=292
num_leaves=7
num_cat=0
split_feature=115 63 114 45 17 49
split_gain=3.56273 1.90218 2.11893 0.69523 0.602287 0.152946
threshold=-8.5019531249999982 22.877683639526371 35.093444824218757 2.5474237203598027 26.492686271667484 7.4410636425018319
decision_type=2 2 2 2 2 2
left_child=4 2 3 -2 -1 -3
right_child=1 5 -4 -5 -6 -7
leaf_value=0.027811691695642481 -0.0037717416042953168 0.012683549433132327 0.025984555260248763 -0.025696892125006091 0.0077184119838790526 0.032590508843396294
leaf_weight=3.3239095658063897 1.6677697924897055 0.7196639198809851 0.9801955074071883 5.9288460896350443 2.2523710457608104 0.67141693830490112
leaf_count=19 31 16 4 157 14 2
internal_value=0.000493086 -0.0102493 -0.0155271 -0.0208834 0.0196956 0.0222918
internal_weight=15.5442 9.96789 8.57681 7.59662 5.57628 1.39108
internal_count=243 210 192 188 33 18
is_linear=0
shrinkage=0.03


Tree=293
num_leaves=7
num_cat=0
split_feature=117 105 96 33 20 37
split_gain=2.98779 1.52135 1.9336 1.22966 1.20125 0.394523
threshold=282.31730651855474 24.701754570007328 44.144395828247077 22.225569725036625 2.9236656427383427 1.8065853118896487
decision_type=2 2 2 2 2 2
left_child=-1 4 3 -3 -2 -4
right_child=1 2 5 -5 -6 -7
leaf_value=-0.024804461521575245 -0.026484257380101787 0.0059334638665236045 0.0071598866611813586 0.027778413287401837 0.012011125113183007 -0.027128225724416227
leaf_weight=3.3222055877558914 1.9049799796193831 4.4370672386139614 0.40489403903484245 4.8585660308599472 1.1823770292103288 1.1886135800741611
leaf_count=136 13 34 2 22 9 27
internal_value=0.000768186 0.00684679 0.0121171 0.0173512 -0.0117415 -0.018416
internal_weight=17.2987 13.9765 10.8891 9.29563 3.08736 1.59351
internal_count=243 107 85 56 22 29
is_linear=0
shrinkage=0.03


Tree=294
num_leaves=7
num_cat=0
split_feature=7 20 105 20 76 48
split_gain=5.47349 1.37509 0.10194 0.105697 0.554969 0.000412479
threshold=3.4627109766006474 -0.49895581603050226 25.912281036376957 1.0000000180025095e-35 1011.3947753906251 22.590025901794437
decision_type=2 2 2 2 2 2
left_child=2 -2 -1 -4 -5 -3
right_child=1 5 3 4 -6 -7
leaf_value=0.026184016890344705 0.025931866523316641 -0.026008757640710357 0.026229821198983642 -0.025286813859337565 0.026223761498639548 -0.024736571477422351
leaf_weight=2.8795972466468811 0.52357292175292958 0.23900974309071887 0.59067267179489114 0.27658882178366184 0.58933937549591064 5.6890897871926427
leaf_count=5 1 13 1 23 1 199
internal_value=-0.00315302 -0.0206718 0.0229125 0.0164451 0.00977061 -0.0247879
internal_weight=10.7879 6.45167 4.3362 1.4566 0.865928 5.9281
internal_count=243 213 30 25 24 212
is_linear=0
shrinkage=0.03


Tree=295
num_leaves=7
num_cat=0
split_feature=34 51 65 37 77 47
split_gain=2.14472 1.95682 1.06453 2.17653 0.885431 0.0057732
threshold=1.3386169075965884 47.647039413452156 -1.6503635644912718 2.3635601997375493 26.762847900390629 26.395360946655277
decision_type=2 2 2 2 2 2
left_child=1 -1 -3 -4 5 -2
right_child=4 2 3 -5 -6 -7
leaf_value=-0.024966935861005533 -0.03128510229953925 0.025713047452818098 -0.025978708726094323 0.014377091531821536 0.017397730308881504 -0.024848341888394476
leaf_weight=1.5217741685919453 0.13061115890741515 3.2263996610417953 1.5831861915066827 5.0061594974249601 0.5097146714106201 3.1479229163378477
leaf_count=16 3 15 20 22 8 159
internal_value=0.000156848 0.00668677 0.0115942 0.00468102 -0.019386 -0.0251048
internal_weight=15.1258 11.3375 9.81575 6.58935 3.78825 3.27853
internal_count=243 73 57 42 170 162
is_linear=0
shrinkage=0.03


Tree=296
num_leaves=7
num_cat=0
split_feature=105 52 17 35 97 34
split_gain=2.8965 1.25751 1.18833 0.877002 0.18252 0.000127238
threshold=25.364035606384281 8.4949560165405291 28.1541862487793 1.4102629423141482 2.9021012783050542 0.77373233437538158
decision_type=2 2 2 2 2 2
left_child=5 2 3 -2 -4 -1
right_child=1 -3 4 -5 -6 -7
leaf_value=-0.024522795256334697 0.00015430983776084422 -0.019858975305492292 0.030439121252173393 0.025880467448197553 0.0047700434967829133 -0.024911545353159308
leaf_weight=1.9726488310843717 6.3764367438852769 1.3461895622313012 2.480935607105494 1.4669651258736847 0.27715768851339806 1.2303290441632269
leaf_count=26 86 15 71 19 6 20
internal_value=0.000662086 0.00745377 0.010922 0.00496592 0.0278597 -0.0246721
internal_weight=15.1507 11.9477 10.6015 7.8434 2.75809 3.20298
internal_count=243 197 182 105 77 46
is_linear=0
shrinkage=0.03


Tree=297
num_leaves=7
num_cat=0
split_feature=115 30 92 51 113 0
split_gain=3.41277 1.07282 1.17225 0.758167 1.07145 0.723478
threshold=-7.0140075683593741 15.219958782196047 20.78845310211182 44.911840438842781 8.1848554611206072 7.3852722644805917
decision_type=2 2 2 2 2 2
left_child=1 2 5 4 -2 -1
right_child=3 -3 -4 -5 -6 -7
leaf_value=0.024232974872545856 -0.025574690487415085 0.023423763947081577 -0.026685166252962803 -0.024764575148331934 0.029991699782661415 0.00027280961952664667
leaf_weight=1.7963731735944728 0.6318803220056004 3.8590243980288506 0.99115335196256626 4.1528218388557434 0.61753821838647127 3.0768799632787704
leaf_count=8 15 21 30 150 3 16
internal_value=0.000517839 0.0111396 0.00305603 -0.0186001 0.00188958 0.00910498
internal_weight=15.1257 9.72343 5.86441 5.40224 1.24942 4.87325
internal_count=243 75 54 168 18 24
is_linear=0
shrinkage=0.03


Tree=298
num_leaves=7
num_cat=0
split_feature=117 115 96 93 117 63
split_gain=2.85883 1.46213 1.19215 1.4697 1.02232 0.000520013
threshold=282.31730651855474 -8.3872070312499982 43.443576812744148 14.764350414276125 405.14833068847662 21.027215003967289
decision_type=2 2 2 2 2 2
left_child=5 -2 3 -3 -4 -1
right_child=1 2 4 -5 -6 -7
leaf_value=-0.026856600527238532 -0.02489053380395401 0.0061997850765788277 -0.027033305553520074 0.03041129262704223 0.014842048734125653 -0.024709667332540205
leaf_weight=0.10498849675059618 1.1992250652983774 6.9433317352086288 1.3145498656667762 3.3428283929824829 0.87325765192508686 3.0875383410602808
leaf_count=3 24 41 24 13 5 133
internal_value=0.000780884 0.00674911 0.00979089 0.0140681 -0.0103189 -0.0247803
internal_weight=16.8657 13.6732 12.474 10.2862 2.18781 3.19253
internal_count=243 107 83 54 29 136
is_linear=0
shrinkage=0.03


Tree=299
num_leaves=7
num_cat=0
split_feature=7 20 105 20 76 48
split_gain=5.24449 1.3104 0.0972369 0.10135 0.532656 0.000309122
threshold=3.4627109766006474 -0.49895581603050226 25.912281036376957 1.0000000180025095e-35 1011.3947753906251 22.599654197692875
decision_type=2 2 2 2 2 2
left_child=2 -2 -1 -4 -5 -3
right_child=1 5 3 4 -6 -7
leaf_value=0.02607902839419261 0.025835047380502487 -0.025691900397947817 0.026138348472921902 -0.025239113399371668 0.026132647885769213 -0.024710394400055433
leaf_weight=2.7631458640098572 0.50106745958328236 0.30508646182715882 0.57041305303573586 0.26680944254621863 0.56914108991622925 5.4075262057594955
leaf_count=5 1 16 1 23 1 196
internal_value=-0.00321735 -0.0206826 0.0228106 0.0163889 0.00973638 -0.0247628
internal_weight=10.3832 6.21368 4.16951 1.40636 0.835951 5.71261
internal_count=243 213 30 25 24 212
is_linear=0
shrinkage=0.03


Tree=300
num_leaves=7
num_cat=0
split_feature=34 51 65 37 77 47
split_gain=2.07267 1.85984 1.00936 2.07286 0.84804 0.00804453
threshold=1.3386169075965884 47.647039413452156 -1.6503635644912718 2.3635601997375493 26.762847900390629 26.244923591613773
decision_type=2 2 2 2 2 2
left_child=1 -1 -3 -4 5 -2
right_child=4 2 3 -5 -6 -7
leaf_value=-0.024927256652572876 -0.034228891237114506 0.025439227325981823 -0.025904635298052914 0.014095685376600896 0.017074080986507718 -0.024835840939344711
leaf_weight=1.4583701472729433 0.084299206733705279 3.1241082288324824 1.5250115701928724 4.9523256793618202 0.49661033786833275 3.0888460488058627
leaf_count=16 1 15 20 22 8 161
internal_value=0.000156345 0.00663874 0.0114333 0.00467809 -0.0193801 -0.0250854
internal_weight=14.7296 11.0598 9.60145 6.47734 3.66976 3.17315
internal_count=243 73 57 42 170 162
is_linear=0
shrinkage=0.03


Tree=301
num_leaves=7
num_cat=0
split_feature=105 31 116 3 35 115
split_gain=2.7698 1.19742 1.63307 1.47909 1.17299 0.788431
threshold=25.364035606384281 1002.8371887207032 8.4789535321760936e-05 16.567680358886722 1.5088903903961184 -8.0494384765624982
decision_type=2 2 2 2 2 2
left_child=-1 3 -3 -2 -5 -4
right_child=1 2 5 4 -6 -7
leaf_value=-0.024646224942094404 0.033354146795390387 -0.01226526044625501 -0.011982127802933359 -0.015393311895765097 0.022023179242498699 0.029870236644631742
leaf_weight=3.0821602679789075 0.89486211538314631 1.3242242541164158 0.45042727887630363 4.0988993234932423 0.92406547442078579 4.0259517095983037
leaf_count=46 25 11 5 47 9 100
internal_value=0.000659168 0.00731495 0.0170012 -0.00217942 -0.00850987 0.0256589
internal_weight=14.8006 11.7184 5.8006 5.91783 5.02296 4.47638
internal_count=243 197 116 81 56 105
is_linear=0
shrinkage=0.03


Tree=302
num_leaves=7
num_cat=0
split_feature=115 30 92 51 113 0
split_gain=3.26573 1.02199 1.11881 0.734808 1.02877 0.689319
threshold=-7.0140075683593741 15.219958782196047 20.78845310211182 44.911840438842781 8.1848554611206072 7.3852722644805917
decision_type=2 2 2 2 2 2
left_child=1 2 5 4 -2 -1
right_child=3 -3 -4 -5 -6 -7
leaf_value=0.023900305208545441 -0.025549909021899232 0.02312387682789541 -0.026598602530918645 -0.024740306136471275 0.029687665065319908 0.00030891606103552045
leaf_weight=1.7568328678607921 0.61052601691335506 3.770702175796032 0.9563207710161804 4.004010409116745 0.60333050135523081 3.0497000589966774
leaf_count=8 15 21 30 150 3 16
internal_value=0.000538222 0.0109809 0.00303567 -0.0185416 0.00190516 0.00893179
internal_weight=14.7514 9.53356 5.76285 5.21787 1.21386 4.80653
internal_count=243 75 54 168 18 24
is_linear=0
shrinkage=0.03


Tree=303
num_leaves=7
num_cat=0
split_feature=117 105 96 33 20 37
split_gain=2.73722 1.4237 1.77735 1.13974 1.12021 0.366607
threshold=282.31730651855474 24.701754570007328 44.144395828247077 22.225569725036625 2.9236656427383427 1.8065853118896487
decision_type=2 2 2 2 2 2
left_child=-1 4 3 -3 -2 -4
right_child=1 2 5 -5 -6 -7
leaf_value=-0.0247578686881431 -0.026386745377994167 0.0058424777888955457 0.0068680476097984647 0.027253675390789232 0.0115669900487757 -0.027018976600520061
leaf_weight=3.0713265188969698 1.8153050970286124 4.3334250068292004 0.38650664687156577 4.6262015327811241 1.1390607319772241 1.1197188347578046
leaf_count=136 13 34 2 22 9 27
internal_value=0.000790456 0.0066374 0.0118289 0.0168979 -0.0117536 -0.0183234
internal_weight=16.4915 13.4202 10.4659 8.95963 2.95437 1.50623
internal_count=243 107 85 56 22 29
is_linear=0
shrinkage=0.03


Tree=304
num_leaves=7
num_cat=0
split_feature=7 20 105 20 76 48
split_gain=5.02366 1.24928 0.0944296 0.0986689 0.51496 0.000376208
threshold=3.4627109766006474 -0.49895581603050226 25.912281036376957 1.0000000180025095e-35 1011.3947753906251 22.590025901794437
decision_type=2 2 2 2 2 2
left_child=2 -2 -1 -4 -5 -3
right_child=1 5 3 4 -6 -7
leaf_value=0.025979629366596129 0.025744016871766907 -0.025929138587566132 0.026050742165989554 -0.025218600844103229 0.026044843999479626 -0.024686085567034097
leaf_weight=2.6510660350322723 0.47958520054817189 0.22860568156465877 0.55072975158691384 0.25973834469914436 0.54939442873001099 5.2836459949612617
leaf_count=5 1 13 1 23 1 199
internal_value=-0.00330252 -0.0206971 0.0226828 0.0162557 0.00958885 -0.0247376
internal_weight=10.0028 5.99184 4.01093 1.35986 0.809133 5.51225
internal_count=243 213 30 25 24 212
is_linear=0
shrinkage=0.03


Tree=305
num_leaves=7
num_cat=0
split_feature=105 49 48 63 2 37
split_gain=1.98975 1.789 1.07408 1.19914 0.536909 0.00130353
threshold=24.701754570007328 8.8726692199707049 22.977385520935062 22.381794929504398 22.496143341064457 1.7305470705032351
decision_type=2 2 2 2 2 2
left_child=2 4 -1 -4 -2 -6
right_child=1 -3 3 -5 5 -7
leaf_value=-0.014508545909011447 9.5227777761325383e-05 0.015770591371775597 0.025695134082513341 -0.0012943967352135853 -0.026312344430542142 -0.024884403269770334
leaf_weight=1.2742138914763925 0.92993413750082243 1.6103650182485578 3.9900686964392662 2.3566187731921673 0.68985466752201308 3.4667968158610165
leaf_count=8 13 6 11 15 16 174
internal_value=0.000143322 -0.0117868 0.0106271 0.0156735 -0.0205113 -0.0251214
internal_weight=14.3179 6.69695 7.6209 6.34669 5.08659 4.15665
internal_count=243 209 34 26 203 190
is_linear=0
shrinkage=0.03


Tree=306
num_leaves=7
num_cat=0
split_feature=105 61 114 116 95 34
split_gain=2.65105 1.15601 1.28094 1.29971 0.269817 0.000100736
threshold=25.364035606384281 1006.3706054687501 25.13358306884766 8.4789535321760936e-05 0.80446365475654613 0.77373233437538158
decision_type=2 2 2 2 2 2
left_child=5 -2 3 -3 -4 -1
right_child=1 2 4 -5 -6 -7
leaf_value=-0.024482739670259789 -0.017447465134090397 -0.012047527261489546 -0.00025256693686042856 0.020596164032223106 -0.025397805686101234 -0.024842027710036463
leaf_weight=1.8212870433926593 1.4876993820071209 1.2988525833934526 0.69630918465554603 7.088733920827508 0.85645414516329765 1.1431626398116348
leaf_count=26 15 11 9 151 11 20
internal_value=0.000658655 0.0072163 0.0109075 0.0155412 -0.0141219 -0.0246213
internal_weight=14.3925 11.428 9.94035 8.38759 1.55276 2.96445
internal_count=243 197 182 162 20 46
is_linear=0
shrinkage=0.03


Tree=307
num_leaves=7
num_cat=0
split_feature=115 113 18 15 51 113
split_gain=3.11185 1.0082 1.71006 1.08091 0.71434 0.985172
threshold=-7.0140075683593741 8.9042620658874529 23.355095863342289 11.554752349853517 44.911840438842781 8.1848554611206072
decision_type=2 2 2 2 2 2
left_child=1 2 3 -1 5 -2
right_child=4 -3 -4 -5 -6 -7
leaf_value=-0.0157701013430624 -0.025497832193916922 0.019734288475848426 -0.023346394702315053 0.027989624105015952 -0.024713957068021864 0.029402744178418285
leaf_weight=0.70747871277853702 0.58739307569339938 5.1385334716178477 1.6957326084375379 1.8019493408501146 3.8474407070316374 0.58929643128067255
leaf_count=26 15 32 8 9 150 3
internal_value=0.000581795 0.0108196 -7.38067e-05 0.0156525 -0.0184581 0.00199686
internal_weight=14.3678 9.34369 4.20516 2.50943 5.02413 1.17669
internal_count=243 75 43 35 168 18
is_linear=0
shrinkage=0.03


Tree=308
num_leaves=7
num_cat=0
split_feature=117 105 96 37 50 63
split_gain=2.60831 1.37111 1.43185 1.15022 0.356903 0.000337384
threshold=282.31730651855474 23.043859481811527 44.144395828247077 4.0822620391845712 -0.20765465497970578 21.201336860656742
decision_type=2 2 2 2 2 2
left_child=5 -2 3 -3 -4 -1
right_child=1 2 4 -5 -6 -7
leaf_value=-0.025924971606949666 -0.025137432571789745 0.017599067771230596 -0.02699955006061925 -0.0097176297294025923 0.0068295639268189734 -0.024644185095790163
leaf_weight=0.19847766868770422 1.126682300120591 8.8979992754757387 1.0897134924307463 1.6435324661433686 0.37805658578872581 2.7468578885309398
leaf_count=6 14 49 24 15 5 130
internal_value=0.000785006 0.00650606 0.00947478 0.0133401 -0.0182861 -0.0247305
internal_weight=16.0813 13.136 12.0093 10.5415 1.46777 2.94534
internal_count=243 107 93 64 29 136
is_linear=0
shrinkage=0.03


Tree=309
num_leaves=7
num_cat=0
split_feature=7 20 105 20 76 48
split_gain=4.80711 1.19076 0.0903576 0.0945749 0.492983 0.000351569
threshold=3.4627109766006474 -0.49895581603050226 25.912281036376957 1.0000000180025095e-35 1011.3947753906251 22.590025901794437
decision_type=2 2 2 2 2 2
left_child=2 -2 -1 -4 -5 -3
right_child=1 5 3 4 -6 -7
leaf_value=0.025883394631493715 0.025657632284528237 -0.025882899987047195 0.025958110205984274 -0.025176365211629081 0.025952105655001969 -0.024661558828846113
leaf_weight=2.5408336222171788 0.45890468358993519 0.22134606773033727 0.529613137245178 0.2500785575248301 0.52823293209075928 5.088323412463069
leaf_count=5 1 13 1 23 1 199
internal_value=-0.00338086 -0.0207054 0.0225854 0.0161786 0.00952406 -0.0247125
internal_weight=9.61733 5.76857 3.84876 1.30792 0.778311 5.30967
internal_count=243 213 30 25 24 212
is_linear=0
shrinkage=0.03


Tree=310
num_leaves=7
num_cat=0
split_feature=105 45 48 63 2 37
split_gain=1.8959 1.71717 1.0113 1.15758 0.522023 0.00113541
threshold=24.701754570007328 19.103755950927738 22.977385520935062 22.381794929504398 22.496143341064457 1.9057828187942507
decision_type=2 2 2 2 2 2
left_child=2 4 -1 -4 -2 -6
right_child=1 -3 3 -5 5 -7
leaf_value=-0.014266537658678927 3.0089645737817363e-05 0.015485026060213822 0.025428511060065783 -0.0013586085602089097 -0.026137865298672586 -0.024845833409849003
leaf_weight=1.2402311749756334 0.91416004626080383 1.5827463204041121 3.881718285381794 2.3194991387426853 0.75353628257289518 3.2621815479360521
leaf_count=8 13 11 11 15 17 168
internal_value=0.000118255 -0.0117021 0.0104632 0.0154091 -0.0204305 -0.0250883
internal_weight=13.9541 6.51262 7.44145 6.20122 4.92988 4.01572
internal_count=243 209 34 26 198 185
is_linear=0
shrinkage=0.03


Tree=311
num_leaves=7
num_cat=0
split_feature=105 52 17 32 97 34
split_gain=2.54071 1.11815 1.09351 0.82573 0.176266 9.10886e-05
threshold=25.364035606384281 8.4949560165405291 28.1541862487793 26.868604660034183 2.9021012783050542 0.77373233437538158
decision_type=2 2 2 2 2 2
left_child=5 2 3 -2 -4 -1
right_child=1 -3 4 -5 -6 -7
leaf_value=-0.0244639951824525 0.0092476980785483522 -0.019566479940798798 0.030254221420090946 -0.01724893708766622 0.0039382358872077482 -0.02481182105619693
leaf_weight=1.7511777244508278 6.144565846771 1.2562783621251572 2.2567457482218747 1.2788227498531339 0.25495018996298302 1.1053124852478502
leaf_count=26 89 15 71 16 6 20
internal_value=0.000654786 0.00710047 0.0104725 0.00468314 0.027583 -0.0245986
internal_weight=14.0479 11.1914 9.93508 7.42339 2.5117 2.85649
internal_count=243 197 182 105 77 46
is_linear=0
shrinkage=0.03


Tree=312
num_leaves=7
num_cat=0
split_feature=115 63 114 45 5 49
split_gain=3.01607 1.70867 1.90304 0.628426 0.557122 0.12652
threshold=-8.5019531249999982 22.877683639526371 35.093444824218757 2.5474237203598027 1.600963354110718 7.4410636425018319
decision_type=2 2 2 2 2 2
left_child=4 2 3 -2 -1 -3
right_child=1 5 -4 -5 -6 -7
leaf_value=0.0052127616710559354 -0.0035880620074797056 0.012861516522875465 0.025512144067513648 -0.025613963704847354 0.026249638021010324 0.031626248808854486
leaf_weight=1.7116823112592108 1.4989161533303539 0.66073333844542481 0.90938266366720188 5.2459984002634883 3.3513060240074992 0.63337838649749756
leaf_count=9 31 16 4 157 24 2
internal_value=0.000633332 -0.00983631 -0.0152266 -0.0207192 0.0191375 0.0220456
internal_weight=14.0114 8.94841 7.6543 6.74491 5.06299 1.29411
internal_count=243 210 192 188 33 18
is_linear=0
shrinkage=0.03


Tree=313
num_leaves=7
num_cat=0
split_feature=117 105 76 60 63 117
split_gain=2.49204 1.31297 1.37319 1.59048 0.000309157 0.000129587
threshold=282.31730651855474 23.043859481811527 1006.0073852539064 23.721998214721683 21.201336860656742 236.4295349121094
decision_type=2 2 2 2 2 2
left_child=4 -2 3 -3 -1 -6
right_child=1 2 -4 -5 5 -7
leaf_value=-0.02586807167992131 -0.025098460855741942 -0.0053595323095732917 0.030519872738321338 0.019745821461554961 -0.024476460677044138 -0.024924712071130006
leaf_weight=0.19252100959420326 1.0920813418924797 5.8710838556289655 2.2240383485332123 3.703893082216382 1.7777528166770937 0.86183543456718315
leaf_count=6 14 61 9 23 91 39
internal_value=0.000773615 0.00637168 0.00928446 0.00435198 -0.0247075 -0.0246228
internal_weight=15.7232 12.8911 11.799 9.57498 2.83211 2.63959
internal_count=243 107 93 84 136 130
is_linear=0
shrinkage=0.03


Tree=314
num_leaves=7
num_cat=0
split_feature=7 20 105 20 76 48
split_gain=4.61664 1.13856 0.0871649 0.0913681 0.474972 0.000336063
threshold=3.4627109766006474 -0.49895581603050226 25.912281036376957 1.0000000180025095e-35 1011.3947753906251 22.590025901794437
decision_type=2 2 2 2 2 2
left_child=2 -2 -1 -4 -5 -3
right_child=1 5 3 4 -6 -7
leaf_value=0.025801023988750199 0.025580980709252965 -0.025848706296356553 0.025879792032948039 -0.025141817526120328 0.025873646184075096 -0.024638684967996375
leaf_weight=2.4445041418075566 0.44031110405921925 0.21564647974446405 0.51151180267333962 0.24226065259426832 0.510081946849823 4.9106027646921575
leaf_count=5 1 13 1 23 1 199
internal_value=-0.00343788 -0.0207132 0.0224939 0.0160973 0.00944624 -0.0246896
internal_weight=9.27492 5.56656 3.70836 1.26385 0.752343 5.12625
internal_count=243 213 30 25 24 212
is_linear=0
shrinkage=0.03


Tree=315
num_leaves=7
num_cat=0
split_feature=51 78 63 93 45 19
split_gain=1.83546 1.75925 1.38711 1.33006 0.00316695 0.00289135
threshold=47.647039413452156 14.092689990997316 22.782123565673832 13.344313621520998 14.567230224609377 -0.3671190589666366
decision_type=2 2 2 2 2 2
left_child=-1 2 3 -2 -3 -4
right_child=1 4 5 -5 -6 -7
leaf_value=-0.024879471380915619 -0.026401645705066024 -0.02487719134517603 -0.029032062314216362 0.016398065266605245 -0.028518351656355405 -0.025218784240568348
leaf_weight=2.2179700648412117 0.70924865407868942 1.2226501000113774 0.24870222806930542 8.3106578378938121 0.26084929704666127 0.63812063913792449
leaf_count=60 33 40 1 84 4 21
internal_value=8.84318e-05 0.00495032 0.00951277 0.0130327 -0.0255174 -0.0262882
internal_weight=13.6082 11.3902 9.90673 9.01991 1.4835 0.886823
internal_count=243 183 139 117 44 22
is_linear=0
shrinkage=0.03


Tree=316
num_leaves=7
num_cat=0
split_feature=105 21 35 62 16 118
split_gain=2.43868 1.06897 1.21067 1.11594 0.902372 0.61182
threshold=25.364035606384281 59.877658843994148 -0.61415517330169667 25.450053215026859 1003.0375061035157 992.51519775390636
decision_type=2 2 2 2 2 2
left_child=-1 2 -2 -4 5 -3
right_child=1 4 3 -5 -6 -7
leaf_value=-0.024579039247731273 -0.010310040443962968 0.0064802165584552625 -0.0065968002917206761 0.026547847569001932 0.028019548114355464 -0.021655649556189815
leaf_weight=2.7542690709233293 1.4977248422801483 1.0362876467406756 1.1404786594212044 4.608465526252985 0.59000283479690541 2.1156322471797466
leaf_count=46 21 11 10 110 15 30
internal_value=0.000663183 0.0069901 0.0137138 0.0199726 -0.00603123 -0.0124051
internal_weight=13.7429 10.9886 7.24667 5.74894 3.74192 3.15192
internal_count=243 197 141 120 56 41
is_linear=0
shrinkage=0.03


Tree=317
num_leaves=7
num_cat=0
split_feature=115 35 113 18 5 45
split_gain=2.89882 0.986432 1.08169 1.81164 0.680615 0.575469
threshold=-7.0140075683593741 1.4487491250038149 8.9956212043762225 23.355095863342289 2.8910832405090336 0.94426462054252636
decision_type=2 2 2 2 2 2
left_child=1 2 3 -1 5 -2
right_child=4 -3 -4 -5 -6 -7
leaf_value=0.022854442567991611 0.016033588032078987 -0.010670272701704909 0.025403935828087806 -0.022581225995694197 0.021393681728587906 -0.024749446150914272
leaf_weight=1.7363899005576953 0.33748427126556713 1.59523383481428 4.1719285161234438 1.4488023295998571 0.35868205130100239 4.0273779439739883
leaf_count=28 4 14 26 7 2 162
internal_value=0.000682921 0.0107157 0.0153527 0.00218778 -0.0183317 -0.0215962
internal_weight=13.6759 8.95235 7.35712 3.18519 4.72354 4.36486
internal_count=243 75 61 35 168 166
is_linear=0
shrinkage=0.03


Tree=318
num_leaves=7
num_cat=0
split_feature=117 105 93 20 3 67
split_gain=2.38264 1.25991 1.63736 1.01951 0.839364 0.00612895
threshold=282.31730651855474 24.701754570007328 15.78183174133301 2.9236656427383427 16.60587310791016 7.2375280857086191
decision_type=2 2 2 2 2 2
left_child=-1 3 4 -2 -3 -4
right_child=1 2 5 -5 -6 -7
leaf_value=-0.024688587485679789 -0.026214001071942345 -0.016604441402127794 -0.025731337197951953 0.01128658848014792 0.017685825227564456 -0.030862552531353189
leaf_weight=2.7288187039084741 1.6897428464144462 0.69624983053654155 0.54643568163737732 1.0628848578780887 8.3172307573258859 0.33976841159164906
leaf_count=136 13 15 15 9 49 6
internal_value=0.00073599 0.0062195 0.0112114 -0.0117337 0.0150371 -0.0276986
internal_weight=15.3811 12.6523 9.89968 2.75263 9.01348 0.886204
internal_count=243 107 85 22 64 21
is_linear=0
shrinkage=0.03


Tree=319
num_leaves=7
num_cat=0
split_feature=7 20 105 20 76 48
split_gain=4.45337 1.08873 0.0832029 0.0881325 0.460382 0.000313563
threshold=3.4627109766006474 -0.49895581603050226 25.912281036376957 1.0000000180025095e-35 1011.3947753906251 22.590025901794437
decision_type=2 2 2 2 2 2
left_child=2 -2 -1 -4 -5 -3
right_child=1 5 3 4 -6 -7
leaf_value=0.025727144445786703 0.025507876211755362 -0.025802822902963974 0.025827744706592801 -0.025115356275588627 0.02582177340701038 -0.024618661000948672
leaf_weight=2.3567148745059971 0.42236164212226857 0.21016862522810686 0.49935600161552407 0.2350884722545743 0.4979546070098877 4.7447935431264341
leaf_count=5 1 13 1 23 1 199
internal_value=-0.00345481 -0.0207278 0.0224241 0.0161076 0.00948613 -0.0246689
internal_weight=8.96644 5.37732 3.58911 1.2324 0.733043 4.95496
internal_count=243 213 30 25 24 212
is_linear=0
shrinkage=0.03


Tree=320
num_leaves=7
num_cat=0
split_feature=34 52 49 63 50 96
split_gain=1.76025 1.54823 1.40907 0.890662 1.13598 0.688135
threshold=0.83563998341560375 6.3818712234497079 8.8726692199707049 22.687826156616214 -0.4890777319669723 35.277252197265632
decision_type=2 2 2 2 2 2
left_child=1 -1 5 -3 -5 -2
right_child=2 3 -4 4 -6 -7
leaf_value=-0.024612285473936523 0.008338335829791434 0.021567724863727045 0.021655838591132369 0.017395375431416029 -0.02641889881195925 -0.025030020023617518
leaf_weight=1.0675076618790624 0.65173186967149366 4.6948982682079077 0.86758841574192036 1.2228621151298287 0.94348115101456631 3.7953891912475228
leaf_count=10 41 18 3 9 9 153
internal_value=4.19022e-05 0.00899649 -0.013317 0.0142255 -0.00168652 -0.0201398
internal_weight=13.2435 7.92875 5.31471 6.86124 2.16634 4.44712
internal_count=243 46 197 36 18 194
is_linear=0
shrinkage=0.03


Tree=321
num_leaves=7
num_cat=0
split_feature=105 52 115 105 34 3
split_gain=2.34581 1.03156 1.02501 1.08401 7.77977e-05 2.50015e-05
threshold=25.364035606384281 8.4949560165405291 -9.5418395996093732 26.679824829101566 0.77373233437538158 16.969863891601566
decision_type=2 2 2 2 2 2
left_child=4 2 -2 -4 -1 -6
right_child=1 -3 3 -5 5 -7
leaf_value=-0.024429165337479557 -0.025390676824980293 -0.019301274562989721 0.00012619743039863076 0.021519224330322214 -0.02493679345310286 -0.024637827167164141
leaf_weight=1.6187188830226671 0.67587740346789082 1.1988262720406044 3.5603257156908512 5.3126762248575687 0.430659659206867 0.60597651824355125
leaf_count=26 9 15 41 132 6 14
internal_value=0.000690958 0.0069293 0.0102225 0.0129352 -0.0245591 -0.024762
internal_weight=13.4031 10.7477 9.54888 8.873 2.65536 1.03664
internal_count=243 197 182 173 46 20
is_linear=0
shrinkage=0.03


Tree=322
num_leaves=7
num_cat=0
split_feature=115 63 114 45 17 49
split_gain=2.76687 1.58601 1.80847 0.602897 0.528804 0.116428
threshold=-8.5019531249999982 22.877683639526371 35.093444824218757 2.5474237203598027 26.492686271667484 7.4410636425018319
decision_type=2 2 2 2 2 2
left_child=4 2 3 -2 -1 -3
right_child=1 5 -4 -5 -6 -7
leaf_value=0.02718197431208743 -0.0034559382224812127 0.012708828211044628 0.025183333398304576 -0.025528195366845089 0.0070019818521181998 0.031087125521189633
leaf_weight=2.8327280431985864 1.4387275702320019 0.6311704823747275 0.88682007789611805 4.9309742012992501 1.9894534572958944 0.61011770367622375
leaf_count=19 31 16 4 157 14 2
internal_value=0.000705673 -0.0095942 -0.0149545 -0.0205427 0.0188565 0.0217421
internal_weight=13.32 8.49781 7.25652 6.3697 4.82218 1.24129
internal_count=243 210 192 188 33 18
is_linear=0
shrinkage=0.03


Tree=323
num_leaves=7
num_cat=0
split_feature=117 115 96 93 117 63
split_gain=2.28421 1.21938 1.01275 1.28747 0.868493 0.000364815
threshold=282.31730651855474 -8.3872070312499982 43.443576812744148 14.764350414276125 405.14833068847662 21.027215003967289
decision_type=2 2 2 2 2 2
left_child=5 -2 3 -3 -4 -1
right_child=1 2 4 -5 -6 -7
leaf_value=-0.026499996516680103 -0.02478975046501701 0.0053987265242932308 -0.026746858003191178 0.029137410981777686 0.013916223784519698 -0.024600385248280943
leaf_weight=0.094380343332887917 1.0507172411307681 6.339216626249252 1.1867828648537386 3.0433568488806486 0.78568045049905766 2.5317434836179018
leaf_count=3 24 41 24 13 5 133
internal_value=0.000749092 0.00612967 0.00899074 0.0130987 -0.0105498 -0.0246687
internal_weight=15.0319 12.4058 11.355 9.38257 1.97246 2.62612
internal_count=243 107 83 54 29 136
is_linear=0
shrinkage=0.03


Tree=324
num_leaves=7
num_cat=0
split_feature=7 20 105 20 76 48
split_gain=4.27663 1.03776 0.0791532 0.083901 0.439555 0.000295031
threshold=3.4627109766006474 -0.49895581603050226 25.912281036376957 1.0000000180025095e-35 1011.3947753906251 22.590025901794437
decision_type=2 2 2 2 2 2
left_child=2 -2 -1 -4 -5 -3
right_child=1 5 3 4 -6 -7
leaf_value=0.025650483838135067 0.025433354547408089 -0.02575802715437708 0.025747089835929798 -0.02506982748297518 0.025741357644626178 -0.024597093305143869
leaf_weight=2.2636954188346867 0.40384387969970692 0.20587687799707044 0.48031517863273598 0.22530869580805302 0.47895297408103943 4.5759828446898609
leaf_count=5 1 13 1 23 1 199
internal_value=-0.00352974 -0.020747 0.0223625 0.0160793 0.00948575 -0.0246471
internal_weight=8.63398 5.1857 3.44827 1.18458 0.704262 4.78186
internal_count=243 213 30 25 24 212
is_linear=0
shrinkage=0.03


Tree=325
num_leaves=7
num_cat=0
split_feature=105 45 0 95 2 66
split_gain=1.71691 1.53722 0.938629 1.16522 0.483213 0.43297
threshold=24.701754570007328 19.103755950927738 8.6262154579162615 0.40452200174331671 22.496143341064457 54.294759750366218
decision_type=2 2 2 2 2 2
left_child=2 4 3 -1 -2 -5
right_child=1 -3 -4 5 -6 -7
leaf_value=-0.026510764680462217 0.00020416556941238499 0.014845934215210604 0.022931961629859172 -0.002730231503010386 -0.025017513580202263 0.020946509102837244
leaf_weight=1.0456357598304751 0.83903582207858551 1.4826277010142801 2.9855654276907444 1.2381574288010599 3.6914656555745751 1.5848901309072969
leaf_count=7 13 11 10 9 185 8
internal_value=3.05214e-05 -0.0116693 0.0102946 0.000542008 -0.0203465 0.0105622
internal_weight=12.8674 6.01313 6.85425 3.86868 4.5305 2.82305
internal_count=243 209 34 24 198 17
is_linear=0
shrinkage=0.03


Tree=326
num_leaves=7
num_cat=0
split_feature=105 60 115 90 115 34
split_gain=2.24961 0.995124 1.01501 1.22971 0.343472 7.15913e-05
threshold=25.364035606384281 23.721998214721683 -9.5418395996093732 6.776581048965455 -4.5368957519531241 0.77373233437538158
decision_type=2 2 2 2 2 2
left_child=5 2 -2 -4 -3 -1
right_child=1 4 3 -5 -6 -7
leaf_value=-0.024411923642612802 -0.025340222032192539 -0.025507946830969248 0.0031058869611249209 0.026341804051819954 0.0030808461208625534 -0.024737235661686154
leaf_weight=1.5536528918892156 0.64998098462819776 1.0121649019420145 4.5418140348047018 3.73606326431036 0.60386659950017829 1.0011755116283891
leaf_count=26 9 13 86 82 7 20
internal_value=0.000717516 0.00683737 0.0107585 0.013593 -0.0148251 -0.0245394
internal_weight=13.0987 10.5439 8.92786 8.27788 1.61603 2.55483
internal_count=243 197 177 168 20 46
is_linear=0
shrinkage=0.03


Tree=327
num_leaves=7
num_cat=0
split_feature=115 35 113 18 5 45
split_gain=2.64963 0.919776 1.00166 1.68411 0.653886 0.53628
threshold=-7.0140075683593741 1.4487491250038149 8.9956212043762225 23.355095863342289 2.8910832405090336 0.94426462054252636
decision_type=2 2 2 2 2 2
left_child=1 2 3 -1 5 -2
right_child=4 -3 -4 -5 -6 -7
leaf_value=0.022462183782743003 0.015278286624757545 -0.010636997019553372 0.025050916275717525 -0.022334288662873219 0.021168925823240019 -0.024714883313713049
leaf_weight=1.665716088842599 0.32809810619801361 1.5267403298057614 3.9422467979602516 1.3819452077150343 0.35091402009129513 3.7591909300535917
leaf_count=28 4 14 26 7 2 162
internal_value=0.000663929 0.0104581 0.0150657 0.00214947 -0.0181305 -0.0215045
internal_weight=12.9549 8.51665 6.98991 3.04766 4.4382 4.08729
internal_count=243 75 61 35 168 166
is_linear=0
shrinkage=0.03


Tree=328
num_leaves=7
num_cat=0
split_feature=117 105 76 60 63 117
split_gain=2.19137 1.18129 1.24333 1.47786 0.000344703 9.58658e-05
threshold=282.31730651855474 23.043859481811527 1006.0073852539064 23.721998214721683 21.027215003967289 244.72568511962893
decision_type=2 2 2 2 2 2
left_child=4 -2 3 -3 -1 -6
right_child=1 2 -4 -5 5 -7
leaf_value=-0.026445970006967981 -0.025026715309243514 -0.0055676250158149167 0.029633957755911954 0.019339176684142628 -0.024488746828711494 -0.02496129446705175
leaf_weight=0.092715078964830666 1.0095594152808178 5.5626906673423928 2.1041082097217432 3.4887704700231552 1.9530212241224947 0.48167325882241119
leaf_count=3 14 61 9 23 103 30
internal_value=0.000768002 0.00604893 0.00886123 0.00403238 -0.0246506 -0.0245822
internal_weight=14.6925 12.1651 11.1556 9.05146 2.52741 2.43469
internal_count=243 107 93 84 136 133
is_linear=0
shrinkage=0.03


Tree=329
num_leaves=7
num_cat=0
split_feature=7 20 105 20 76 48
split_gain=4.11423 0.989505 0.0749106 0.0805373 0.425112 0.000282155
threshold=3.4627109766006474 -0.49895581603050226 25.912281036376957 1.0000000180025095e-35 1011.3947753906251 22.590025901794437
decision_type=2 2 2 2 2 2
left_child=2 -2 -1 -4 -5 -3
right_child=1 5 3 4 -6 -7
leaf_value=0.025574464819118167 0.025363159311803583 -0.025726259575490868 0.025698615010649586 -0.025045526518416697 0.025693191450946014 -0.024576835100615552
leaf_weight=2.171763122081757 0.38619545102119435 0.20096138631924976 0.46875217556953408 0.21788989240303636 0.4674525260925293 4.4123898041434586
leaf_count=5 1 13 1 23 1 199
internal_value=-0.00356455 -0.0207654 0.0222923 0.0161161 0.00956191 -0.0246269
internal_weight=8.3254 4.99955 3.32586 1.15409 0.685342 4.61335
internal_count=243 213 30 25 24 212
is_linear=0
shrinkage=0.03


Tree=330
num_leaves=7
num_cat=0
split_feature=34 7 50 50 77 105
split_gain=1.64188 1.48131 1.06602 1.67888 0.735093 0.574228
threshold=1.3386169075965884 3.5688160657882695 -0.4890777319669723 1.2576818466186526 26.762847900390629 24.958333015441898
decision_type=2 2 2 2 2 2
left_child=1 -1 5 -4 -2 -3
right_child=4 2 3 -5 -6 -7
leaf_value=-0.024855492064111421 -0.025010960114725225 0.027032844288160721 -0.026090394506414444 0.017857919932368949 0.017055367073606921 0.00631458667180472
leaf_weight=1.2062957487069059 2.6367010502144708 3.1762918382883063 1.4911377232056104 1.6457080319523809 0.43563608080148686 1.9389468990266321
leaf_count=20 162 10 17 7 8 19
internal_value=7.40866e-06 0.00619655 0.0107358 -0.00303345 -0.0190462 0.0191795
internal_weight=12.5307 9.45838 8.25208 3.13685 3.07234 5.11524
internal_count=243 73 53 24 170 29
is_linear=0
shrinkage=0.03


Tree=331
num_leaves=7
num_cat=0
split_feature=105 80 105 7 1 77
split_gain=2.16268 0.971847 1.44889 0.905287 0.721357 0.505834
threshold=25.364035606384281 0.27901849150657659 27.109649658203129 3.9021229743957524 1004.092742919922 19.626915931701664
decision_type=2 2 2 2 2 2
left_child=-1 5 3 -3 -4 -2
right_child=1 2 4 -5 -6 -7
leaf_value=-0.024521924688059433 -0.011417648671376394 0.018113221991419504 -0.012695720069048859 -0.015662190570673345 0.020891817510701845 0.035389809503893851
leaf_weight=2.4643018078058967 0.24534130841493507 0.8894912861287575 0.68717051856219757 3.6244378890842199 3.5409379955381155 1.357509061694145
leaf_count=46 2 18 9 45 94 29
internal_value=0.000734532 0.00675099 0.00281369 -0.00900658 0.015433 0.0282252
internal_weight=12.8092 10.3449 8.74204 4.51393 4.22811 1.60285
internal_count=243 197 166 63 103 31
is_linear=0
shrinkage=0.03


Tree=332
num_leaves=7
num_cat=0
split_feature=115 35 113 18 5 45
split_gain=2.53307 0.887763 0.956122 1.58908 0.635854 0.512884
threshold=-7.0140075683593741 1.4487491250038149 8.9956212043762225 23.355095863342289 2.8910832405090336 0.94426462054252636
decision_type=2 2 2 2 2 2
left_child=1 2 3 -1 5 -2
right_child=4 -3 -4 -5 -6 -7
leaf_value=0.022018964275133734 0.014820722092551678 -0.010543090856290852 0.024795057667697757 -0.022056976947124676 0.020867864596513623 -0.024692561941325696
leaf_weight=1.6324229231104239 0.32188627775758627 1.5044934027828274 3.8456683279946446 1.3408952206373213 0.34730840101838101 3.6270443866960704
leaf_count=28 4 14 26 7 2 162
internal_value=0.000659038 0.0103154 0.0149174 0.00214177 -0.018049 -0.0214717
internal_weight=12.6197 8.32348 6.81899 2.97332 4.29624 3.94893
internal_count=243 75 61 35 168 166
is_linear=0
shrinkage=0.03


Tree=333
num_leaves=7
num_cat=0
split_feature=117 105 96 96 0 111
split_gain=2.10363 1.12777 1.43933 1.01878 0.932064 0.35713
threshold=282.31730651855474 24.701754570007328 44.144395828247077 38.722625732421882 8.3133673667907733 -0.20459136366844174
decision_type=2 2 2 2 2 2
left_child=-1 4 3 -3 -2 -4
right_child=1 2 5 -5 -6 -7
leaf_value=-0.024630544429639797 0.010897147142529281 -0.016119402996754951 -0.026754717443487615 0.019142637968080852 -0.026203254824434495 0.0099676039360279065
leaf_weight=2.4364809012040505 1.0008211638778441 0.82114555221050789 1.0176012944430111 7.2309798412024975 1.5584299843758342 0.31124844774603744
leaf_count=136 9 9 25 47 13 4
internal_value=0.000773385 0.00595722 0.0107729 0.0155467 -0.0116948 -0.0181535
internal_weight=14.3767 11.9402 9.38098 8.05213 2.55925 1.32885
internal_count=243 107 85 56 22 29
is_linear=0
shrinkage=0.03


Tree=334
num_leaves=7
num_cat=0
split_feature=7 20 20 50 5 48
split_gain=3.96633 0.943292 0.0719996 0.0846254 0.404022 0.000263258
threshold=3.4627109766006474 -0.49895581603050226 0.46099582314491278 -1.0000000180025095e-35 1.278505325317383 22.590025901794437
decision_type=2 2 2 2 2 2
left_child=2 -2 -1 4 -4 -3
right_child=1 5 3 -5 -6 -7
leaf_value=0.025510632655942635 0.025296057385404566 -0.025684440370897843 -0.025023777320006265 0.025718630961424151 0.025558204702146786 -0.024557613927412049
leaf_weight=2.0936984121799473 0.36913591623306263 0.19514175271615375 0.21114508714526914 0.47353750467300371 0.43474158644676208 4.2626557757612318
leaf_count=5 1 13 23 1 1 199
internal_value=-0.00359913 -0.0207906 0.0222269 0.0160853 0.00902258 -0.0246069
internal_weight=8.04006 4.82693 3.21312 1.11942 0.645887 4.4578
internal_count=243 213 30 25 24 212
is_linear=0
shrinkage=0.03


Tree=335
num_leaves=7
num_cat=0
split_feature=51 78 63 93 45 19
split_gain=1.57025 1.51603 1.16633 1.14522 0.003109 0.00162717
threshold=47.647039413452156 14.092689990997316 22.782123565673832 13.344313621520998 28.322246551513675 -0.3671190589666366
decision_type=2 2 2 2 2 2
left_child=-1 2 3 -2 -3 -4
right_child=1 4 5 -5 -6 -7
leaf_value=-0.024790527959110752 -0.026205521558421419 -0.02478472345166062 -0.028121937217133301 0.015753564281962354 -0.028668938850593451 -0.02506541795666202
leaf_weight=1.9382205016445375 0.63513122312724224 1.0880283154547203 0.21712027490139008 7.482414023950696 0.22357201017439354 0.5638078670017429
leaf_count=60 33 41 1 84 3 21
internal_value=-3.56215e-05 0.0046637 0.00910188 0.0124706 -0.0254468 -0.0259152
internal_weight=12.1483 10.2101 8.89847 8.11755 1.3116 0.780928
internal_count=243 183 139 117 44 22
is_linear=0
shrinkage=0.03


Tree=336
num_leaves=7
num_cat=0
split_feature=105 80 105 7 1 77
split_gain=2.07925 0.935274 1.37056 0.851025 0.679341 0.481226
threshold=25.364035606384281 0.27901849150657659 27.109649658203129 3.9021229743957524 1004.092742919922 19.626915931701664
decision_type=2 2 2 2 2 2
left_child=-1 5 3 -3 -4 -2
right_child=1 2 4 -5 -6 -7
leaf_value=-0.024504863622016149 -0.011127244803348436 0.017771240029199976 -0.01241585917279904 -0.015342452833144744 0.020555539676127867 0.035130507333861485
leaf_weight=2.3728218991309413 0.23898565396666427 0.86979015916585734 0.6713187489658593 3.5470381211489439 3.4668448567390442 1.3223675945773719
leaf_count=46 2 18 9 45 94 29
internal_value=0.000769897 0.00669817 0.00280127 -0.00882149 0.0152067 0.0280501
internal_weight=12.4892 10.1163 8.55499 4.41683 4.13816 1.56135
internal_count=243 197 166 63 103 31
is_linear=0
shrinkage=0.03


Tree=337
num_leaves=7
num_cat=0
split_feature=115 63 114 45 17 49
split_gain=2.41928 1.41996 1.65703 0.561852 0.494859 0.102742
threshold=-8.5019531249999982 22.877683639526371 35.093444824218757 2.5474237203598027 26.492686271667484 7.4410636425018319
decision_type=2 2 2 2 2 2
left_child=4 2 3 -2 -1 -3
right_child=1 5 -4 -5 -6 -7
leaf_value=0.026854722538990957 -0.0033050955801622399 0.012468527075783681 0.024596621185894816 -0.02542144201405086 0.0065111768037436875 0.030335795269445558
leaf_weight=2.5853089019656181 1.3421635841950772 0.58513474790379383 0.84540539234876622 4.4997084527276456 1.843515080399811 0.57358652353286743
leaf_count=19 31 16 4 157 14 2
internal_value=0.000659581 -0.0093468 -0.0146593 -0.0203402 0.0183866 0.0213131
internal_weight=12.2748 7.846 6.68728 5.84187 4.42882 1.15872
internal_count=243 210 192 188 33 18
is_linear=0
shrinkage=0.03


Tree=338
num_leaves=7
num_cat=0
split_feature=117 115 96 93 117 63
split_gain=2.01199 1.09281 0.91225 1.16947 0.793753 0.000271492
threshold=282.31730651855474 -8.3872070312499982 43.443576812744148 14.764350414276125 405.14833068847662 21.027215003967289
decision_type=2 2 2 2 2 2
left_child=5 -2 3 -3 -4 -1
right_child=1 2 4 -5 -6 -7
leaf_value=-0.026253966295428022 -0.024732165218168314 0.0050645794925554058 -0.026568649094646103 0.028332636571518098 0.013568694732384545 -0.024544461372383461
leaf_weight=0.086831260472537308 0.96386305801570316 5.9929870804771763 1.1112002511508752 2.8775096125900745 0.73790319263935078 2.2537646431010216
leaf_count=3 24 41 24 13 5 133
internal_value=0.0007796 0.00586558 0.0086168 0.0126125 -0.0105514 -0.0246079
internal_weight=14.0241 11.6835 10.7196 8.8705 1.8491 2.3406
internal_count=243 107 83 54 29 136
is_linear=0
shrinkage=0.03


Tree=339
num_leaves=7
num_cat=0
split_feature=7 20 20 50 5 48
split_gain=3.81012 0.899044 0.0695066 0.0809992 0.385743 0.000235456
threshold=3.4627109766006474 -0.49895581603050226 0.46099582314491278 -1.0000000180025095e-35 1.278505325317383 22.590025901794437
decision_type=2 2 2 2 2 2
left_child=2 -2 -1 4 -4 -3
right_child=1 5 3 -5 -6 -7
leaf_value=0.025451410343562852 0.025232428555619222 -0.025622936502090025 -0.024981392837531782 0.02563413843798586 0.025481825887338046 -0.024538633610691713
leaf_weight=2.0184147357940678 0.35278588533401478 0.188510785344988 0.20280602015554927 0.45323008298873857 0.41591396927833557 4.1080122943967581
leaf_count=5 1 13 23 1 1 199
internal_value=-0.00364512 -0.020806 0.0221726 0.0159989 0.00894083 -0.0245862
internal_weight=7.73967 4.64931 3.09036 1.07195 0.61872 4.29652
internal_count=243 213 30 25 24 212
is_linear=0
shrinkage=0.03


Tree=340
num_leaves=7
num_cat=0
split_feature=34 52 49 63 50 96
split_gain=1.52704 1.29498 1.24312 0.76124 0.970101 0.614791
threshold=0.83563998341560375 6.3818712234497079 8.8726692199707049 22.687826156616214 -0.4890777319669723 35.277252197265632
decision_type=2 2 2 2 2 2
left_child=1 -1 5 -3 -5 -2
right_child=2 3 -4 4 -6 -7
leaf_value=-0.024542233402316899 0.0083240372800651233 0.020907738660507266 0.02095473293594087 0.01678499883321373 -0.026040105813549822 -0.024938116801881943
leaf_weight=0.91185389272868622 0.58690029918216202 4.2226183777675033 0.8008570298552512 1.0968092759139834 0.84115859493613232 3.382096910616383
leaf_count=10 41 18 3 9 9 153
internal_value=-2.22464e-05 0.00882476 -0.01314 0.0137635 -0.00180288 -0.0200196
internal_weight=11.8423 7.07244 4.76985 6.16059 1.93797 3.969
internal_count=243 46 197 36 18 194
is_linear=0
shrinkage=0.03


Tree=341
num_leaves=7
num_cat=0
split_feature=105 52 17 32 97 34
split_gain=1.99752 0.903077 0.933042 0.718642 0.175623 5.78786e-05
threshold=25.364035606384281 8.4949560165405291 28.1541862487793 26.868604660034183 2.9457172155380253 0.77373233437538158
decision_type=2 2 2 2 2 2
left_child=5 2 3 -2 -4 -1
right_child=1 -3 4 -5 -6 -7
leaf_value=-0.024364401524779016 0.0087495817259235012 -0.018927198477502495 0.029756307801647782 -0.017476576654096101 0.00059310574762792302 -0.024672706902579222
leaf_weight=1.3732168618589651 5.5074901543557626 1.1055573783814896 1.9520918326452377 1.133951887488365 0.20540122687816609 0.91197044029831875
leaf_count=26 89 15 72 16 5 20
internal_value=0.000795428 0.00662875 0.00983977 0.00427176 0.0269799 -0.0244874
internal_weight=12.1897 9.90449 8.79894 6.64144 2.15749 2.28519
internal_count=243 197 182 105 77 46
is_linear=0
shrinkage=0.03


Tree=342
num_leaves=7
num_cat=0
split_feature=115 30 92 5 20 45
split_gain=2.31072 0.842313 0.89467 0.608871 0.534181 0.4781
threshold=-7.0140075683593741 15.219958782196047 20.78845310211182 2.8910832405090336 1.7334954738616946 0.94426462054252636
decision_type=2 2 2 2 2 2
left_child=1 2 4 5 -1 -2
right_child=3 -3 -4 -5 -6 -7
leaf_value=0.017733667505769515 0.014101510240875003 0.022284467666506453 -0.026365596226805944 0.020614362489701443 -0.0043410206081025381 -0.024661803371234307
leaf_weight=2.2503322809934616 0.31284635514020953 3.0870142951607704 0.81839777436107386 0.33924513682723034 1.7568481415510175 3.3830040716566145
leaf_count=11 4 21 30 2 13 162
internal_value=0.000625142 0.0100467 0.00221789 -0.0178499 0.00805557 -0.0213806
internal_weight=11.9477 7.91259 4.82558 4.0351 4.00718 3.69585
internal_count=243 75 54 168 24 166
is_linear=0
shrinkage=0.03


Tree=343
num_leaves=7
num_cat=0
split_feature=117 105 76 60 63 117
split_gain=1.92071 1.04683 1.12358 1.33801 0.000236541 7.72463e-05
threshold=282.31730651855474 23.043859481811527 1006.0073852539064 23.721998214721683 21.027215003967289 244.72568511962893
decision_type=2 2 2 2 2 2
left_child=4 -2 3 -3 -1 -6
right_child=1 2 -4 -5 5 -7
leaf_value=-0.026151629305704697 -0.024928022973454894 -0.0056392607536115717 0.028751848328056065 0.018792849442672569 -0.024435615903263604 -0.024881788985553023
leaf_weight=0.083649942651392251 0.9212027695029964 5.2787361140362901 1.9853244340047229 3.2651732377707958 1.7275865266565236 0.43771598255261768
leaf_count=3 14 61 9 23 103 30
internal_value=0.000760497 0.0057388 0.00842184 0.00369781 -0.0245863 -0.0245258
internal_weight=13.6994 11.4504 10.5292 8.54391 2.24895 2.1653
internal_count=243 107 93 84 136 133
is_linear=0
shrinkage=0.03


Tree=344
num_leaves=7
num_cat=0
split_feature=7 20 20 17 5 48
split_gain=3.67371 0.856781 0.0665111 0.0781536 0.367998 0.000210838
threshold=3.4627109766006474 -0.49895581603050226 0.46099582314491278 26.312991142272953 1.278505325317383 22.590025901794437
decision_type=2 2 2 2 2 2
left_child=2 -2 -1 -4 -5 -3
right_child=1 5 3 4 -6 -7
leaf_value=0.025399841281850907 0.025171786848491147 -0.025564145041775913 0.025575091627824717 -0.024937301263934147 0.025409146725664845 -0.024520089903129559
leaf_weight=1.950955778360367 0.3370453119277953 0.1820752378553151 0.43887344002723672 0.19457659218460321 0.39778023958206177 3.963386298622936
leaf_count=5 1 13 1 23 1 199
internal_value=-0.00365988 -0.0208261 0.0221426 0.0159802 0.00887141 -0.0245659
internal_weight=7.46469 4.48251 2.98219 1.03123 0.592357 4.14546
internal_count=243 213 30 25 24 212
is_linear=0
shrinkage=0.03


Tree=345
num_leaves=7
num_cat=0
split_feature=105 45 51 120 2 37
split_gain=1.48539 1.36851 1.14959 0.713331 0.441462 0.000781348
threshold=24.701754570007328 19.103755950927738 47.647039413452156 42.831268310546882 22.496143341064457 1.9057828187942507
decision_type=2 2 2 2 2 2
left_child=2 4 -1 -4 -2 -6
right_child=1 -3 3 -5 5 -7
leaf_value=-0.024812534504392695 0.00067693324804576763 0.014399261416276957 0.00042496785611592387 0.023226857473395666 -0.025854691023767733 -0.024701842792315569
leaf_weight=0.74388355016708363 0.74176117125898589 1.3754628701135514 1.9331677034497259 3.4179736226797104 0.66149358684197102 2.6437542387284338
leaf_count=9 13 11 10 15 17 168
internal_value=-3.02025e-05 -0.0114524 0.0101317 0.0149894 -0.0202387 -0.0249326
internal_weight=11.5175 5.42247 6.09502 5.35114 4.04701 3.30525
internal_count=243 209 34 25 198 185
is_linear=0
shrinkage=0.03


Tree=346
num_leaves=7
num_cat=0
split_feature=105 80 105 7 1 77
split_gain=1.91645 0.885309 1.25668 0.779823 0.625001 0.44686
threshold=25.364035606384281 0.27901849150657659 27.109649658203129 3.9021229743957524 1004.092742919922 19.626915931701664
decision_type=2 2 2 2 2 2
left_child=-1 5 3 -3 -4 -2
right_child=1 2 4 -5 -6 -7
leaf_value=-0.024471413216880102 -0.010738170225962398 0.017303285684166867 -0.012069701973794988 -0.015011310615617302 0.020089519935190016 0.034700475981950751
leaf_weight=2.2014466859400281 0.23010050877928634 0.83652563765644838 0.65065649151802096 3.4196476507931948 3.314610549248755 1.2692772299051283
leaf_count=46 2 18 9 45 94 29
internal_value=0.00080338 0.00652729 0.00266096 -0.00866007 0.0148125 0.0277273
internal_weight=11.9223 9.72082 8.22144 4.25617 3.96527 1.49938
internal_count=243 197 166 63 103 31
is_linear=0
shrinkage=0.03


Tree=347
num_leaves=7
num_cat=0
split_feature=115 30 92 5 0 45
split_gain=2.2153 0.807577 0.862242 0.589071 0.517645 0.456461
threshold=-7.0140075683593741 15.219958782196047 20.78845310211182 2.8910832405090336 7.3852722644805917 0.94426462054252636
decision_type=2 2 2 2 2 2
left_child=1 2 4 5 -1 -2
right_child=3 -3 -4 -5 -6 -7
leaf_value=0.022575474173872057 0.013595393123221184 0.022065009992709998 -0.026314431026424834 0.020272749572641174 -0.00012877060129408164 -0.02464339983092903
leaf_weight=1.4023580029606821 0.30741914547979909 3.0130096301436424 0.79440553672611702 0.33466995134949673 2.5420444160699844 3.2637743172235787
leaf_count=8 4 21 30 2 16 162
internal_value=0.000638462 0.00992146 0.00220039 -0.0177851 0.0079433 -0.0213517
internal_weight=11.6577 7.75182 4.73881 3.90586 3.9444 3.57119
internal_count=243 75 54 168 24 166
is_linear=0
shrinkage=0.03


Tree=348
num_leaves=7
num_cat=0
split_feature=117 105 96 33 20 105
split_gain=1.84037 1.00902 1.30701 0.960759 0.847533 0.285258
threshold=282.31730651855474 24.701754570007328 44.144395828247077 22.225569725036625 2.9236656427383427 26.8070182800293
decision_type=2 2 2 2 2 2
left_child=-1 4 3 -3 -2 -4
right_child=1 2 5 -5 -6 -7
leaf_value=-0.024569383074781796 -0.025938956437242741 0.0042656282552834927 0.0065977491210712997 0.025560187778679008 0.010848064944298184 -0.026616298056515178
leaf_weight=2.1647994725499311 1.4582524597644799 3.806664075702427 0.3105855183675883 3.8208130039274693 0.91878232732415188 0.92829006584361196
leaf_count=136 13 34 6 22 9 23
internal_value=0.00076026 0.00563722 0.0102906 0.0149327 -0.0117199 -0.0182896
internal_weight=13.4082 11.2434 8.86635 7.62748 2.37703 1.23888
internal_count=243 107 85 56 22 29
is_linear=0
shrinkage=0.03


Tree=349
num_leaves=7
num_cat=0
split_feature=7 20 20 50 5 48
split_gain=3.52991 0.817137 0.065434 0.0760296 0.354132 0.000196504
threshold=3.4627109766006474 -0.49895581603050226 0.46099582314491278 -1.0000000180025095e-35 1.278505325317383 22.590025901794437
decision_type=2 2 2 2 2 2
left_child=2 -2 -1 4 -4 -3
right_child=1 5 3 -5 -6 -7
leaf_value=0.025345853732733771 0.025115003896845681 -0.02552459027909168 -0.024915240485662134 0.025498154203816726 0.025340535859282781 -0.024503223463457718
leaf_weight=1.8809616565704348 0.32216385006904591 0.17739224107936014 0.18882233882322919 0.41995882987976052 0.38046425580978394 3.8260105152148753
leaf_count=5 1 13 23 1 1 199
internal_value=-0.00373371 -0.0208496 0.0220609 0.0158149 0.00867158 -0.0245485
internal_weight=7.19577 4.32557 2.87021 0.989245 0.569287 4.0034
internal_count=243 213 30 25 24 212
is_linear=0
shrinkage=0.03


Tree=350
num_leaves=7
num_cat=0
split_feature=34 7 50 35 77 91
split_gain=1.42688 1.25635 0.904369 1.50337 0.653339 0.407845
threshold=1.3386169075965884 3.5688160657882695 -0.97608262300491322 0.79402476549148571 26.762847900390629 1007.2334899902345
decision_type=2 2 2 2 2 2
left_child=1 -1 5 -4 -2 -3
right_child=4 2 3 -5 -6 -7
leaf_value=-0.024779845802261488 -0.024964004411233372 0.0050489179219962935 -0.026136135372452959 0.015368467891658086 0.016598077767143598 0.025628220071498172
leaf_weight=1.0448896754533032 2.3345089792273952 1.2269113101065157 1.3233989235013726 1.9322299754712728 0.39850423811003555 2.9522325224243104
leaf_count=20 162 10 15 14 8 14
internal_value=-5.30269e-05 0.00602261 0.0103516 -0.00150297 -0.0189038 0.0195866
internal_weight=11.2127 8.47966 7.43477 3.25563 2.73301 4.17914
internal_count=243 73 53 29 170 24
is_linear=0
shrinkage=0.03


Tree=351
num_leaves=7
num_cat=0
split_feature=105 80 105 7 1 77
split_gain=1.83604 0.85893 1.18859 0.734945 0.596741 0.424481
threshold=25.364035606384281 0.27901849150657659 27.109649658203129 3.9021229743957524 1004.092742919922 19.626915931701664
decision_type=2 2 2 2 2 2
left_child=-1 5 3 -3 -4 -2
right_child=1 2 4 -5 -6 -7
leaf_value=-0.024454791244434382 -0.010336521315194682 0.016979103510929898 -0.01190361394877076 -0.014744371090700257 0.019779499493741758 0.034484758161640219
leaf_weight=2.1190619952976713 0.2247433215379705 0.81740156933665087 0.64098373055458102 3.3547727726399899 3.2365135876461864 1.2360151559114454
leaf_count=46 2 18 9 45 94 29
internal_value=0.000798034 0.00642473 0.00258412 -0.00852919 0.014542 0.0275888
internal_weight=11.6295 9.51043 8.04967 4.17217 3.8775 1.46076
internal_count=243 197 166 63 103 31
is_linear=0
shrinkage=0.03


Tree=352
num_leaves=7
num_cat=0
split_feature=115 35 113 18 5 45
split_gain=2.11346 0.783024 0.863263 1.43293 0.572446 0.435665
threshold=-7.0140075683593741 1.4487491250038149 8.9956212043762225 23.355095863342289 2.8910832405090336 0.94426462054252636
decision_type=2 2 2 2 2 2
left_child=1 2 3 -1 5 -2
right_child=4 -3 -4 -5 -6 -7
leaf_value=0.021621874301541572 0.01308434121821603 -0.010622220813527383 0.024223646668814838 -0.021981031581368216 0.019923808118339336 -0.024624609777840586
leaf_weight=1.4847566704265776 0.30228719487786371 1.3850336540490387 3.4835699326358736 1.2488795444369314 0.33220417797565449 3.1402954005170614
leaf_count=28 4 14 26 7 2 162
internal_value=0.000665345 0.00977662 0.014321 0.0017016 -0.0176843 -0.0213135
internal_weight=11.377 7.60224 6.21721 2.73364 3.77479 3.44258
internal_count=243 75 61 35 168 166
is_linear=0
shrinkage=0.03


Tree=353
num_leaves=7
num_cat=0
split_feature=117 115 96 93 117 63
split_gain=1.76024 0.978704 0.815263 1.0633 0.724041 0.000191479
threshold=282.31730651855474 -8.3872070312499982 43.443576812744148 14.764350414276125 405.14833068847662 21.027215003967289
decision_type=2 2 2 2 2 2
left_child=5 -2 3 -3 -4 -1
right_child=1 2 4 -5 -6 -7
leaf_value=-0.02600141902127507 -0.024687550963281506 0.0046923146065042274 -0.026400549346330033 0.027574484900628391 0.013126246757701623 -0.024492821029903793
leaf_weight=0.078694593161345749 0.88682730030268331 5.6751018110662681 1.0387882203795005 2.6959243156015873 0.6968909129500388 2.0038495843764395
leaf_count=3 24 41 24 13 5 133
internal_value=0.000739624 0.00553029 0.0081818 0.0120616 -0.0105302 -0.0245498
internal_weight=13.0761 10.9935 10.1067 8.37103 1.73568 2.08254
internal_count=243 107 83 54 29 136
is_linear=0
shrinkage=0.03


Tree=354
num_leaves=7
num_cat=0
split_feature=7 20 20 50 5 48
split_gain=3.39889 0.784236 0.0629585 0.073243 0.338191 0.000175479
threshold=3.4627109766006474 -0.49895581603050226 0.46099582314491278 -1.0000000180025095e-35 1.278505325317383 22.590025901794437
decision_type=2 2 2 2 2 2
left_child=2 -2 -1 4 -4 -3
right_child=1 5 3 -5 -6 -7
leaf_value=0.025299719786258074 0.025068788442091688 -0.025468449580587683 -0.024876637642043807 0.025437301791383649 0.025275166630620641 -0.024486023068267127
leaf_weight=1.8190436959266665 0.30995073914527882 0.17122583650052581 0.18133305502124142 0.40483048558235146 0.36378622055053711 3.6894232060294598
leaf_count=5 1 13 23 1 1 199
internal_value=-0.00373612 -0.0208435 0.0220307 0.0157709 0.00859225 -0.0245296
internal_weight=6.93959 4.1706 2.76899 0.94995 0.545119 3.86065
internal_count=243 213 30 25 24 212
is_linear=0
shrinkage=0.03


Tree=355
num_leaves=7
num_cat=0
split_feature=34 7 65 105 75 45
split_gain=1.37606 1.19432 0.86145 1.37884 0.629759 0.0049768
threshold=1.3386169075965884 3.5688160657882695 -1.6503635644912718 24.958333015441898 0.44292308390140539 28.322246551513675
decision_type=2 2 2 2 2 2
left_child=1 -1 -3 -4 -2 -6
right_child=4 2 3 -5 5 -7
leaf_value=-0.024749692256081306 0.016399118918791044 0.025754096391598608 0.011923610412420016 -0.025459906347146885 -0.024631584993899402 -0.030986039564043992
leaf_weight=1.0000820378772894 0.38834442780353251 2.2265678085386753 3.8636391013860703 1.1529419240541754 2.1395053204614674 0.11699247732758511
leaf_count=20 14 9 21 23 153 3
internal_value=-5.96782e-05 0.00598142 0.0102246 0.0033319 -0.0188881 -0.024961
internal_weight=10.8881 8.24323 7.24315 5.01658 2.64484 2.2565
internal_count=243 73 53 44 170 156
is_linear=0
shrinkage=0.03


Tree=356
num_leaves=7
num_cat=0
split_feature=105 80 105 7 1 19
split_gain=1.76275 0.828573 1.12189 0.69024 0.559351 0.404446
threshold=25.364035606384281 0.27901849150657659 27.109649658203129 3.9021229743957524 1004.092742919922 0.80850243568420421
decision_type=2 2 2 2 2 2
left_child=-1 5 3 -3 -4 -2
right_child=1 2 4 -5 -6 -7
leaf_value=-0.024438702849584406 -0.010061177818218484 0.016663529089683066 -0.011553537040347782 -0.014422004541741746 0.019440267673149214 0.034254755355150643
leaf_weight=2.0388584956526765 0.21907777711748888 0.79906753078103054 0.6280513443052772 3.2888744231313467 3.164879884570837 1.2037698207423089
leaf_count=46 2 18 9 45 94 29
internal_value=0.000824912 0.00636129 0.00255721 -0.00834573 0.0143082 0.0274314
internal_weight=11.3426 9.30372 7.88087 4.08794 3.79293 1.42285
internal_count=243 197 166 63 103 31
is_linear=0
shrinkage=0.03


Tree=357
num_leaves=7
num_cat=0
split_feature=115 63 114 45 17 49
split_gain=2.01092 1.25275 1.50622 0.50582 0.469845 0.0837888
threshold=-8.5019531249999982 22.877683639526371 35.093444824218757 2.5474237203598027 26.492686271667484 7.4410636425018319
decision_type=2 2 2 2 2 2
left_child=4 2 3 -2 -1 -3
right_child=1 5 -4 -5 -6 -7
leaf_value=0.026506068814074923 -0.0032674030588989746 0.012667065928563582 0.02416044836702699 -0.025345448161243275 0.0056882602276071151 0.029523105837792801
leaf_weight=2.2917817607522015 1.2193680633790789 0.53405666351318337 0.79478615522384632 3.9897756776772439 1.6991255823522804 0.52762192487716675
leaf_count=19 31 16 4 157 14 2
internal_value=0.00061943 -0.00899603 -0.014308 -0.0201774 0.0176429 0.021044
internal_weight=11.0565 7.06561 6.00393 5.20914 3.99091 1.06168
internal_count=243 210 192 188 33 18
is_linear=0
shrinkage=0.03


Tree=358
num_leaves=7
num_cat=0
split_feature=117 105 76 60 63 117
split_gain=1.68435 0.93754 1.04157 1.24379 0.000167326 5.97574e-05
threshold=282.31730651855474 23.043859481811527 1006.0073852539064 23.721998214721683 21.027215003967289 244.72568511962893
decision_type=2 2 2 2 2 2
left_child=4 -2 3 -3 -1 -6
right_child=1 2 -4 -5 5 -7
leaf_value=-0.0259125437388491 -0.0248752071863063 -0.0059057231930623602 0.028131606996922191 0.018370371021555133 -0.024390144168154174 -0.024803891626276855
leaf_weight=0.075762975960970702 0.84565026499330898 4.9891756093129498 1.8807038795202959 3.0671901311725378 1.5283590110484508 0.39545961562544096
leaf_count=3 14 61 9 23 103 30
internal_value=0.000759111 0.00544874 0.00802932 0.00333658 -0.0245297 -0.0244752
internal_weight=12.7823 10.7827 9.93707 8.05637 1.99958 1.92382
internal_count=243 107 93 84 136 133
is_linear=0
shrinkage=0.03


Tree=359
num_leaves=7
num_cat=0
split_feature=7 20 20 50 5 48
split_gain=3.26758 0.747431 0.0608269 0.0701808 0.323053 0.000157141
threshold=3.4627109766006474 -0.49895581603050226 0.46099582314491278 -1.0000000180025095e-35 1.278505325317383 22.590025901794437
decision_type=2 2 2 2 2 2
left_child=2 -2 -1 4 -4 -3
right_child=1 5 3 -5 -6 -7
leaf_value=0.025251005987586315 0.025016592126923958 -0.025415147311122346 -0.02483945096022748 0.025367135092764878 0.025213107454898319 -0.024469015364451421
leaf_weight=1.7543223202228548 0.29604515433311451 0.16533409408293698 0.1741772231180222 0.38720077276229836 0.34778764843940735 3.5565683129243553
leaf_count=5 1 13 23 1 1 199
internal_value=-0.00378044 -0.0208618 0.0219873 0.0156897 0.0085108 -0.024511
internal_weight=6.68144 4.01795 2.66349 0.909166 0.521965 3.7219
internal_count=243 213 30 25 24 212
is_linear=0
shrinkage=0.03


end of trees

feature_importances:
synoptic__trough_mean_latitude=239
spatial__gfs_10v_mean__depression_track__area_weighted_mean=157
synoptic__depression_mslp_anomaly_hpa=143
spatial__gfs_10v_mean__arabian_sea_gateway__area_weighted_mean=92
spatial__gfs_2d_mean__western_ghats__area_weighted_mean=68
spatial__gfs_wind_speed__domain__area_weighted_mean=67
spatial__gfs_tp_24h__central_india__area_weighted_mean=65
spatial__gfs_2t_mean__western_ghats__area_weighted_mean=62
spatial__gfs_pwat_mean__arabian_sea_gateway__area_weighted_mean=61
spatial__gfs_tp_24h__arabian_sea_gateway__area_weighted_mean=54
spatial__gfs_pwat_mean__himalayan_foothills__area_weighted_mean=54
synoptic__orographic_ghats_zonal_flux=51
spatial__gfs_10u_mean__central_india__area_weighted_mean=44
spatial__gfs_2t_mean__northwest_india__area_weighted_mean=40
spatial__gfs_prmsl_mean__northwest_india__area_weighted_mean=39
spatial__gfs_wind_speed__arabian_sea_gateway__area_weighted_mean=37
spatial__gfs_prmsl_mean__depression_track__area_weighted_mean=36
synoptic__nw_india_min_mslp_hpa=34
spatial__gfs_2t_mean__central_india__area_weighted_mean=33
synoptic__mfc_domain_mean_mm_day=33
spatial__gfs_2d_mean__arabian_sea_gateway__area_weighted_mean=32
spatial__gfs_10u_mean__arabian_sea_gateway__area_weighted_mean=32
spatial__gfs_10u_mean__western_ghats__area_weighted_mean=31
spatial__gfs_10v_mean__domain__area_weighted_mean=30
spatial__gfs_2t_mean__depression_track__area_weighted_mean=29
spatial__gfs_prmsl_mean__central_india__area_weighted_mean=28
spatial__gfs_2t_mean__himalayan_foothills__area_weighted_mean=27
synoptic__mfc_central_india_mean_mm_day=27
synoptic__depression_max_vorticity_s1=27
spatial__gfs_10v_mean__himalayan_foothills__area_weighted_mean=26
spatial__gfs_10u_mean__depression_track__area_weighted_mean=24
spatial__gfs_10v_mean__western_ghats__area_weighted_mean=24
synoptic__domain_mean_pwat_mm=24
spatial__gfs_tp_24h__domain__area_weighted_mean=23
synoptic__trough_min_pressure_hpa=21
spatial__gfs_2d_mean__depression_track__area_weighted_mean=20
spatial__gfs_10v_mean__central_india__area_weighted_mean=20
spatial__gfs_10u_mean__northwest_india__area_weighted_mean=18
spatial__gfs_pwat_mean__western_ghats__area_weighted_mean=17
spatial__gfs_tp_24h__northwest_india__area_weighted_mean=17
spatial__gfs_wind_speed__northwest_india__area_weighted_mean=17
spatial__gfs_wind_speed__himalayan_foothills__area_weighted_mean=17
spatial__gfs_2d_mean__himalayan_foothills__area_weighted_mean=15
spatial__gfs_pwat_mean__domain__area_weighted_mean=14
spatial__gfs_prmsl_mean__arabian_sea_gateway__area_weighted_mean=14
spatial__gfs_tp_24h__western_ghats__area_weighted_mean=14
spatial__gfs_wind_speed__western_ghats__area_weighted_mean=14
spatial__gfs_2d_mean__domain__area_weighted_mean=13
spatial__gfs_tp_24h__depression_track__area_weighted_mean=13
spatial__gfs_pwat_mean__depression_track__area_weighted_mean=13
spatial__gfs_10v_mean__northwest_india__area_weighted_mean=12
spatial__gfs_2t_mean__domain__area_weighted_mean=11
spatial__gfs_2d_mean__northwest_india__area_weighted_mean=11
spatial__gfs_2d_mean__central_india__area_weighted_mean=10
spatial__gfs_wind_speed__central_india__area_weighted_mean=10
spatial__gfs_tp_24h__himalayan_foothills__area_weighted_mean=9
spatial__gfs_2t_mean__arabian_sea_gateway__area_weighted_mean=8
spatial__gfs_prmsl_mean__himalayan_foothills__area_weighted_mean=8
spatial__gfs_10u_mean__himalayan_foothills__area_weighted_mean=7
spatial__gfs_prmsl_mean__domain__area_weighted_mean=6
synoptic__low_latitude_kinetic_energy=6
spatial__gfs_prmsl_mean__western_ghats__area_weighted_mean=4
synoptic__trough_pressure_gradient_hpa=2
spatial__gfs_wind_speed__depression_track__area_weighted_mean=1
spatial__gfs_pwat_mean__central_india__area_weighted_mean=1
spatial__gfs_pwat_mean__northwest_india__area_weighted_mean=1
synoptic__low_latitude_inflow_meridional_ms=1

parameters:
[boosting: gbdt]
[objective: multiclass]
[metric: multi_logloss]
[tree_learner: serial]
[device_type: cpu]
[data_sample_strategy: bagging]
[data: ]
[valid: ]
[num_iterations: 300]
[learning_rate: 0.03]
[num_leaves: 7]
[num_threads: 1]
[seed: 42]
[deterministic: 1]
[force_col_wise: 1]
[force_row_wise: 0]
[histogram_pool_size: -1]
[max_depth: 4]
[min_data_in_leaf: 8]
[min_sum_hessian_in_leaf: 0.001]
[bagging_fraction: 1]
[pos_bagging_fraction: 1]
[neg_bagging_fraction: 1]
[bagging_freq: 0]
[bagging_seed: 400]
[bagging_by_query: 0]
[feature_fraction: 1]
[feature_fraction_bynode: 1]
[feature_fraction_seed: 30056]
[extra_trees: 0]
[extra_seed: 12879]
[early_stopping_round: 0]
[early_stopping_min_delta: 0]
[first_metric_only: 0]
[max_delta_step: 0]
[lambda_l1: 0]
[lambda_l2: 0]
[linear_lambda: 0]
[min_gain_to_split: 0]
[drop_rate: 0.1]
[max_drop: 50]
[skip_drop: 0.5]
[xgboost_dart_mode: 0]
[uniform_drop: 0]
[drop_seed: 17869]
[top_rate: 0.2]
[other_rate: 0.1]
[min_data_per_group: 100]
[max_cat_threshold: 32]
[cat_l2: 10]
[cat_smooth: 10]
[max_cat_to_onehot: 4]
[top_k: 20]
[monotone_constraints: ]
[monotone_constraints_method: basic]
[monotone_penalty: 0]
[feature_contri: ]
[forcedsplits_filename: ]
[refit_decay_rate: 0.9]
[cegb_tradeoff: 1]
[cegb_penalty_split: 0]
[cegb_penalty_feature_lazy: ]
[cegb_penalty_feature_coupled: ]
[path_smooth: 0]
[interaction_constraints: ]
[verbosity: -1]
[saved_feature_importance_type: 0]
[use_quantized_grad: 0]
[num_grad_quant_bins: 4]
[quant_train_renew_leaf: 0]
[stochastic_rounding: 1]
[linear_tree: 0]
[max_bin: 255]
[max_bin_by_feature: ]
[min_data_in_bin: 3]
[bin_construct_sample_cnt: 200000]
[data_random_seed: 175]
[is_enable_sparse: 1]
[enable_bundle: 1]
[use_missing: 1]
[zero_as_missing: 0]
[feature_pre_filter: 1]
[pre_partition: 0]
[two_round: 0]
[header: 0]
[label_column: ]
[weight_column: ]
[group_column: ]
[ignore_column: ]
[categorical_feature: ]
[forcedbins_filename: ]
[precise_float_parser: 0]
[parser_config_file: ]
[objective_seed: 16083]
[num_class: 5]
[is_unbalance: 0]
[scale_pos_weight: 1]
[sigmoid: 1]
[boost_from_average: 1]
[reg_sqrt: 0]
[alpha: 0.9]
[fair_c: 1]
[poisson_max_delta_step: 0.7]
[tweedie_variance_power: 1.5]
[lambdarank_truncation_level: 30]
[lambdarank_norm: 1]
[label_gain: ]
[lambdarank_position_bias_regularization: 0]
[eval_at: ]
[multi_error_top_k: 1]
[auc_mu_weights: ]
[num_machines: 1]
[local_listen_port: 12400]
[time_out: 120]
[machine_list_filename: ]
[machines: ]
[gpu_platform_id: -1]
[gpu_device_id: -1]
[gpu_device_id_list: ]
[gpu_use_dp: 0]
[num_gpu: 1]

end of parameters

pandas_categorical:null
