tree
version=v4
num_class=5
num_tree_per_iteration=5
label_index=0
max_feature_idx=121
objective=multiclass num_class:5
feature_names=spatial__gfs_tp_24h__domain__area_weighted_mean spatial__gfs_prmsl_mean__domain__area_weighted_mean spatial__gfs_2t_mean__domain__area_weighted_mean spatial__gfs_2d_mean__domain__area_weighted_mean spatial__gfs_10u_mean__domain__area_weighted_mean spatial__gfs_10v_mean__domain__area_weighted_mean spatial__gfs_pwat_mean__domain__area_weighted_mean spatial__gfs_wind_speed__domain__area_weighted_mean spatial__era5_msl_mean__domain__area_weighted_mean spatial__era5_t2m_mean__domain__area_weighted_mean spatial__era5_d2m_mean__domain__area_weighted_mean spatial__era5_u10_mean__domain__area_weighted_mean spatial__era5_v10_mean__domain__area_weighted_mean spatial__era5_tcwv_mean__domain__area_weighted_mean spatial__era5_wind_speed__domain__area_weighted_mean spatial__gfs_tp_24h__depression_track__area_weighted_mean spatial__gfs_prmsl_mean__depression_track__area_weighted_mean spatial__gfs_2t_mean__depression_track__area_weighted_mean spatial__gfs_2d_mean__depression_track__area_weighted_mean spatial__gfs_10u_mean__depression_track__area_weighted_mean spatial__gfs_10v_mean__depression_track__area_weighted_mean spatial__gfs_pwat_mean__depression_track__area_weighted_mean spatial__gfs_wind_speed__depression_track__area_weighted_mean spatial__era5_msl_mean__depression_track__area_weighted_mean spatial__era5_t2m_mean__depression_track__area_weighted_mean spatial__era5_d2m_mean__depression_track__area_weighted_mean spatial__era5_u10_mean__depression_track__area_weighted_mean spatial__era5_v10_mean__depression_track__area_weighted_mean spatial__era5_tcwv_mean__depression_track__area_weighted_mean spatial__era5_wind_speed__depression_track__area_weighted_mean spatial__gfs_tp_24h__central_india__area_weighted_mean spatial__gfs_prmsl_mean__central_india__area_weighted_mean spatial__gfs_2t_mean__central_india__area_weighted_mean spatial__gfs_2d_mean__central_india__area_weighted_mean spatial__gfs_10u_mean__central_india__area_weighted_mean spatial__gfs_10v_mean__central_india__area_weighted_mean spatial__gfs_pwat_mean__central_india__area_weighted_mean spatial__gfs_wind_speed__central_india__area_weighted_mean spatial__era5_msl_mean__central_india__area_weighted_mean spatial__era5_t2m_mean__central_india__area_weighted_mean spatial__era5_d2m_mean__central_india__area_weighted_mean spatial__era5_u10_mean__central_india__area_weighted_mean spatial__era5_v10_mean__central_india__area_weighted_mean spatial__era5_tcwv_mean__central_india__area_weighted_mean spatial__era5_wind_speed__central_india__area_weighted_mean spatial__gfs_tp_24h__arabian_sea_gateway__area_weighted_mean spatial__gfs_prmsl_mean__arabian_sea_gateway__area_weighted_mean spatial__gfs_2t_mean__arabian_sea_gateway__area_weighted_mean spatial__gfs_2d_mean__arabian_sea_gateway__area_weighted_mean spatial__gfs_10u_mean__arabian_sea_gateway__area_weighted_mean spatial__gfs_10v_mean__arabian_sea_gateway__area_weighted_mean spatial__gfs_pwat_mean__arabian_sea_gateway__area_weighted_mean spatial__gfs_wind_speed__arabian_sea_gateway__area_weighted_mean spatial__era5_msl_mean__arabian_sea_gateway__area_weighted_mean spatial__era5_t2m_mean__arabian_sea_gateway__area_weighted_mean spatial__era5_d2m_mean__arabian_sea_gateway__area_weighted_mean spatial__era5_u10_mean__arabian_sea_gateway__area_weighted_mean spatial__era5_v10_mean__arabian_sea_gateway__area_weighted_mean spatial__era5_tcwv_mean__arabian_sea_gateway__area_weighted_mean spatial__era5_wind_speed__arabian_sea_gateway__area_weighted_mean spatial__gfs_tp_24h__western_ghats__area_weighted_mean spatial__gfs_prmsl_mean__western_ghats__area_weighted_mean spatial__gfs_2t_mean__western_ghats__area_weighted_mean spatial__gfs_2d_mean__western_ghats__area_weighted_mean spatial__gfs_10u_mean__western_ghats__area_weighted_mean spatial__gfs_10v_mean__western_ghats__area_weighted_mean spatial__gfs_pwat_mean__western_ghats__area_weighted_mean spatial__gfs_wind_speed__western_ghats__area_weighted_mean spatial__era5_msl_mean__western_ghats__area_weighted_mean spatial__era5_t2m_mean__western_ghats__area_weighted_mean spatial__era5_d2m_mean__western_ghats__area_weighted_mean spatial__era5_u10_mean__western_ghats__area_weighted_mean spatial__era5_v10_mean__western_ghats__area_weighted_mean spatial__era5_tcwv_mean__western_ghats__area_weighted_mean spatial__era5_wind_speed__western_ghats__area_weighted_mean spatial__gfs_tp_24h__northwest_india__area_weighted_mean spatial__gfs_prmsl_mean__northwest_india__area_weighted_mean spatial__gfs_2t_mean__northwest_india__area_weighted_mean spatial__gfs_2d_mean__northwest_india__area_weighted_mean spatial__gfs_10u_mean__northwest_india__area_weighted_mean spatial__gfs_10v_mean__northwest_india__area_weighted_mean spatial__gfs_pwat_mean__northwest_india__area_weighted_mean spatial__gfs_wind_speed__northwest_india__area_weighted_mean spatial__era5_msl_mean__northwest_india__area_weighted_mean spatial__era5_t2m_mean__northwest_india__area_weighted_mean spatial__era5_d2m_mean__northwest_india__area_weighted_mean spatial__era5_u10_mean__northwest_india__area_weighted_mean spatial__era5_v10_mean__northwest_india__area_weighted_mean spatial__era5_tcwv_mean__northwest_india__area_weighted_mean spatial__era5_wind_speed__northwest_india__area_weighted_mean spatial__gfs_tp_24h__himalayan_foothills__area_weighted_mean spatial__gfs_prmsl_mean__himalayan_foothills__area_weighted_mean spatial__gfs_2t_mean__himalayan_foothills__area_weighted_mean spatial__gfs_2d_mean__himalayan_foothills__area_weighted_mean spatial__gfs_10u_mean__himalayan_foothills__area_weighted_mean spatial__gfs_10v_mean__himalayan_foothills__area_weighted_mean spatial__gfs_pwat_mean__himalayan_foothills__area_weighted_mean spatial__gfs_wind_speed__himalayan_foothills__area_weighted_mean spatial__era5_msl_mean__himalayan_foothills__area_weighted_mean spatial__era5_t2m_mean__himalayan_foothills__area_weighted_mean spatial__era5_d2m_mean__himalayan_foothills__area_weighted_mean spatial__era5_u10_mean__himalayan_foothills__area_weighted_mean spatial__era5_v10_mean__himalayan_foothills__area_weighted_mean spatial__era5_tcwv_mean__himalayan_foothills__area_weighted_mean spatial__era5_wind_speed__himalayan_foothills__area_weighted_mean synoptic__trough_mean_latitude synoptic__trough_latitude_departure synoptic__trough_min_pressure_hpa synoptic__trough_pressure_gradient_hpa synoptic__low_latitude_inflow_speed_ms synoptic__low_latitude_inflow_zonal_ms synoptic__low_latitude_inflow_meridional_ms synoptic__low_latitude_kinetic_energy synoptic__mfc_domain_mean_mm_day synoptic__mfc_central_india_mean_mm_day synoptic__depression_mslp_anomaly_hpa synoptic__depression_max_vorticity_s1 synoptic__orographic_ghats_zonal_flux synoptic__nw_india_min_mslp_hpa synoptic__nw_india_mean_pwat_mm synoptic__domain_mean_pwat_mm synoptic__domain_mean_mslp_hpa
feature_infos=[3.2282333374023438:12.694256782531738] [1002.084716796875:1010.6459350585938] [21.686447143554688:25.529069900512695] [12.772555351257324:18.907783508300781] [0.56352674961090088:4.3488950729370117] [-0.18385539948940277:3.0834240913391113] [34.987998962402344:49.627986907958984] [2.7152714729309082:6.2646903991699219] [1002.94140625:1011.6243896484375] [21.496408462524414:24.936594009399414] [16.266036987304688:20.3721923828125] [0.37113204598426819:3.8681018352508545] [-0.34022682905197144:2.9015536308288574] [35.876377105712891:49.497585296630859] [2.2010347843170166:5.5476055145263672] [0.25412744283676147:28.132192611694336] [996.51458740234375:1008.2766723632812] [25.277027130126953:33.425937652587891] [16.291023254394531:23.787857055664062] [-2.5019423961639404:6.0874133110046387] [-1.185917854309082:4.5668506622314453] [37.920841217041016:65.937957763671875] [1.450981616973877:7.4015102386474609] [996.76507568359375:1008.7214965820312] [26.085939407348633:33.178115844726562] [21.698467254638672:25.175649642944336] [-1.9780937433242798:5.5732121467590332] [-0.80196529626846313:4.3178091049194336] [41.276485443115234:65.427352905273438] [1.1500331163406372:6.8011822700500488] [0.00096641085110604763:36.207637786865234] [995.99407958984375:1008.3447875976562] [23.482231140136719:36.031303405761719] [8.4880571365356445:23.190780639648438] [-2.4178779125213623:5.2685422897338867] [-1.5276252031326294:3.2384696006774902] [26.331077575683594:64.164222717285156] [1.1202441453933716:5.8448200225830078] [996.04925537109375:1008.9100341796875] [24.866170883178711:35.643848419189453] [17.521932601928711:24.922489166259766] [-2.07269287109375:4.386836051940918] [-1.4062339067459106:2.8980822563171387] [31.749588012695312:63.604595184326172] [0.79208433628082275:4.8718385696411133] [0.10889454185962677:43.787563323974609] [1007.1273193359375:1012.9016723632812] [25.494184494018555:28.332916259765625] [21.751306533813477:24.012323379516602] [1.7042062282562256:10.75844669342041] [-4.9759106636047363:3.942854642868042] [40.369907379150391:59.876808166503906] [3.0804069042205811:10.860490798950195] [1006.9066772460938:1012.8709106445312] [25.699386596679688:28.135847091674805] [22.590810775756836:24.448522567749023] [1.4894028902053833:9.6368675231933594] [-5.5968923568725586:4.171898365020752] [40.084766387939453:58.916877746582031] [2.9055640697479248:9.7328910827636719] [0.72853600978851318:60.035896301269531] [1004.0906982421875:1011.5809326171875] [24.558618545532227:28.700813293457031] [20.439393997192383:23.421422958374023] [-0.1461091935634613:9.3299875259399414] [-4.042363166809082:3.7996838092803955] [36.675163269042969:61.421199798583984] [2.3825650215148926:9.5218715667724609] [1004.4478759765625:1011.7028198242188] [24.853298187255859:28.606027603149414] [21.401067733764648:23.983644485473633] [-0.16872933506965637:8.1140604019165039] [-3.9967286586761475:3.2759222984313965] [36.213199615478516:61.003604888916016] [2.0398716926574707:8.5903282165527344] [0.043901346623897552:25.804695129394531] [996.93212890625:1011.5736694335938] [17.21612548828125:28.021234512329102] [-4.844489574432373:16.106668472290039] [-2.0331683158874512:2.6163277626037598] [-0.8655666708946228:2.1624805927276611] [9.8658208847045898:47.2642822265625] [1.2824089527130127:3.5049088001251221] [998.75714111328125:1013.9383544921875] [15.770271301269531:26.121692657470703] [5.4724287986755371:19.054702758789062] [-1.6307257413864136:1.7364360094070435] [-0.84005719423294067:1.4150964021682739] [12.329233169555664:48.158935546875] [0.64386111497879028:2.4425055980682373] [0.43324849009513855:27.965587615966797] [999.6007080078125:1012.4772338867188] [16.60816764831543:24.957004547119141] [2.5920112133026123:16.65472412109375] [-3.2996478080749512:1.6302660703659058] [-0.99642986059188843:1.6924659013748169] [17.533649444580078:47.507144927978516] [0.95535808801651001:4.0132975578308105] [1001.0028686523438:1014.0609741210938] [17.674644470214844:23.618852615356445] [12.828264236450195:18.852333068847656] [-2.7044200897216797:1.3067784309387207] [-0.52144372463226318:1.1397387981414795] [22.840642929077148:48.673049926757812] [0.68065118789672852:3.0211708545684814] [19.008771896362305:28.732456207275391] [-3.4912281036376953:6.2324562072753906] [991.77642822265625:1006.63720703125] [0.95745849609375:15.76123046875] [2.9060485363006592:9.7318830490112305] [1.4923858642578125:9.6359786987304688] [-5.5933289527893066:4.1706137657165527] [5.0556082725524902:50.613018035888672] [1.3793272972106934:13.105937004089355] [-5.6010904312133789:51.142578125] [-13.45367431640625:-2.7545166015625] [3.3675511076580733e-05:0.00024245289387181401] [-8.6897611618041992:460.30902099609375] [989.7203369140625:1007.315185546875] [12.223402976989746:47.642333984375] [34.672355651855469:48.429336547851562] [1002.949951171875:1011.8134765625]
tree_sizes=845 842 846 844 647 871 875 867 873 876 877 877 872 876 888 875 870 872 874 887 871 875 869 878 882 873 876 875 871 885 877 877 871 874 888 871 875 873 872 885 874 872 874 873 887 870 875 873 878 879 878 876 873 872 885 870 879 866 880 883 871 878 873 886 887 869 880 871 881 888 869 881 870 877 887 868 882 873 882 889 867 875 872 881 887 873 876 872 871 893 875 876 877 884 886 877 876 874 878 885 878 880 869 873 884 875 880 878 878 888 874 883 871 882 890 876 875 874 873 888 880 881 870 875 889 881 880 872 874 888 880 881 867 873 890 879 877 873 873 890 876 881 870 873 890 882 879 878 869 891 879 880 876 883 893 885 875 868 882 892 877 884 873 882 893 884 880 877 882 890 881 881 874 875 892 886 879 876 880 896 882 881 878 873 892 884 879 872 872 892 877 884 874 875 891 886 887 880 876 893 878 886 874 881 893 872 884 875 875 896 878 885 880 874 893 889 879 877 871 893 878 885 875 891 889 879 883 874 875 893 877 883 880 887 892 872 884 874 876 891 877 886 876 872 895 873 884 881 870 894 875 882 875 872 892 875 882 884 877 894 875 880 881 887 901 872 886 886 876 892 878 886 874 874 896 875 881 882 889 891 877 891 879 878 894 877 885 881 874 895 878 891 874 877 892 879 881 876 888 895 879 884 884 879 897 879 880 878 891 893 878 885 887 875 890 878 883 876 876 894 877 877 881 880 889 879 893 878 889 896 874 895 885 879 895 891 885 880 890 896 878 889 880 880 898 880 881 888 889 895 883 890 882 884 892 890 896 882 880 893 882 886 878 888 890 893 879 879 879 896 889 878 880 886 893 878 890 885 876 895 880 897 880 878 895 892 884 884 883 898 892 886 884 882 894 892 883 877 884 894 883 889 884 887 893 883 888 883 884 892 893 882 887 886 895 885 881 880 886 892 884 887 880 882 891 893 890 887 883 892 888 884 882 888 897

Tree=0
num_leaves=7
num_cat=0
split_feature=106 102 51 49 95 35
split_gain=62.317 28.3489 19.7011 16.0911 2.41933 11.6198
threshold=0.6535087823867799 0.32897843420505529 51.521396636962898 8.8726692199707049 1.1475200057029726 0.027416908182203773
decision_type=2 2 2 2 2 2
left_child=1 2 -1 4 -2 -6
right_child=3 -3 -4 -5 5 -7
leaf_value=-1.6241373374734218 -1.6394378837355674 -1.4987785432910734 -1.5384763447680232 -1.5449521591568929 -1.4894378837355675 -1.6394378837355674
leaf_weight=5.6053362190723401 28.997923947870731 4.8778676688671103 4.2473949491977692 1.815400294959544 0.57176470756530706 2.4843129888176918
leaf_count=9 189 9 10 5 1 20
internal_value=-1.60944 -1.55793 -1.58721 -1.63184 -1.63676 -1.61137
internal_weight=48.6 14.7306 9.85273 33.8694 32.054 3.05608
internal_count=243 28 19 215 210 21
is_linear=0
shrinkage=1


Tree=1
num_leaves=7
num_cat=0
split_feature=106 67 105 16 10 96
split_gain=75.5578 24.6675 18.4899 39.6234 3.28839 2.60025
threshold=4.5614035129547128 6.9457876682281503 25.35526275634766 1002.9345703125001 19.652681350708011 40.312570571899421
decision_type=2 2 2 2 2 2
left_child=2 4 -1 5 -2 -4
right_child=1 -3 3 -5 -6 -7
leaf_value=-1.6378549949091346 -1.4894379217549916 -1.616072786636118 -1.5811383269957613 -1.4894379217549918 -1.5672729758846942 -1.6333368440966776
leaf_weight=30.499288007616997 5.600264444947241 2.0662470608949661 0.99372509121894648 2.5748342275619507 0.53519770503044117 6.3304412066936493
leaf_count=69 87 11 8 40 5 23
internal_value=-1.60944 -1.52642 -1.62629 -1.59067 -1.49623 -1.62625
internal_weight=48.6 8.20171 40.3983 9.899 6.13546 7.32417
internal_count=243 103 140 71 92 31
is_linear=0
shrinkage=1


Tree=2
num_leaves=7
num_cat=0
split_feature=115 91 42 51 86 5
split_gain=130.388 20.1956 5.35976 1.48264 5.21486 0.0373594
threshold=-8.9243469238281232 1009.681365966797 1.1087167263031008 44.911840438842781 -0.37434321641921992 1.7778661847114565
decision_type=2 2 2 2 2 2
left_child=1 2 5 4 -2 -1
right_child=3 -3 -4 -5 -6 -7
leaf_value=-1.4942456125152135 -1.5648277992649782 -1.6027472734714412 -1.5442948362376894 -1.6394379205285585 -1.6394379205285585 -1.4894379205285586
leaf_weight=2.0083708316087705 1.1166619658470152 2.2707226872444144 2.1891839355230331 32.296657741069794 3.4418292194604865 5.2765713632106781
leaf_count=8 7 5 10 180 14 19
internal_value=-1.60944 -1.52239 -1.50313 -1.63718 -1.62116 -1.49076
internal_weight=48.6 11.7448 9.47413 36.8551 4.55849 7.28494
internal_count=243 42 37 201 21 27
is_linear=0
shrinkage=1


Tree=3
num_leaves=7
num_cat=0
split_feature=67 115 19 11 117 7
split_gain=66.3061 37.768 21.4211 7.92355 6.75103 10.9361
threshold=6.9457876682281503 -8.3700561523437482 -0.3671190589666366 2.9098131656646733 284.23692321777349 4.2606041431427011
decision_type=2 2 2 2 2 2
left_child=4 3 -3 -2 -1 -6
right_child=1 2 -4 -5 5 -7
leaf_value=-1.6394379180756924 -1.5638683480877089 -1.6394379180756924 -1.5004808627511876 -1.6394379180756924 -1.5224843893998783 -1.6233026782820206
leaf_weight=26.928980305790901 1.8087636381387699 1.1435294151306141 7.8693371862173072 4.0330778062343597 1.1687333583831776 5.6475760340690613
leaf_count=158 7 2 33 15 7 21
internal_value=-1.60944 -1.55662 -1.51811 -1.61604 -1.63269 -1.60602
internal_weight=48.6 14.8547 9.01287 5.84184 33.7453 6.81631
internal_count=243 57 35 22 186 28
is_linear=0
shrinkage=1


Tree=4
num_leaves=5
num_cat=0
split_feature=38 92 31 1
split_gain=136.939 32.9248 21.366 7.10543e-15
threshold=1006.3922729492189 18.836357116699222 1005.8462829589845 1005.0713195800782
decision_type=2 2 2 2
left_child=3 -2 -3 -1
right_child=1 2 -4 -5
leaf_value=-1.6394379180756924 -1.4916746375301462 -1.4894379180756925 -1.6394379180756924 -1.6394379180756924
leaf_weight=12.654029384255407 8.6337411105632764 1.2149999141693104 2.8815425187349319 23.215684816241264
leaf_count=60 9 1 29 144
internal_value=-1.60944 -1.52491 -1.59495 -1.63944
internal_weight=48.6 12.7303 4.09654 35.8697
internal_count=243 39 30 204
is_linear=0
shrinkage=1


Tree=5
num_leaves=7
num_cat=0
split_feature=106 112 50 49 95 35
split_gain=57.4886 31.7808 19.7118 15.0287 2.37094 10.2621
threshold=0.6535087823867799 18.260092735290531 -0.41409730911254877 8.8726692199707049 1.1475200057029726 0.027416908182203773
decision_type=2 2 2 2 2 2
left_child=1 -1 -3 4 -2 -6
right_child=3 2 -4 -5 5 -7
leaf_value=-0.029855806721406145 -0.029774516886005395 0.10404953277161628 0.024535958519087072 0.059842562829258136 0.10666068157881968 -0.029792776786465094
leaf_weight=3.5918474197387686 28.330821122974161 7.0008591115474692 4.6829482316970816 1.8990746811032284 0.62315899133682195 2.4315124116837978
leaf_count=3 189 12 13 5 1 20
internal_value=4.80395e-06 0.0481877 0.07218 -0.0221083 -0.027067 -0.001956
internal_weight=48.5602 15.2757 11.6838 33.2846 31.3855 3.05467
internal_count=243 28 25 215 210 21
is_linear=0
shrinkage=0.03


Tree=6
num_leaves=7
num_cat=0
split_feature=105 23 62 59 95 106
split_gain=68.1673 60.0125 13.6534 7.7533 1.66751 0.552069
threshold=25.35526275634766 1003.1507263183595 26.135748863220218 7.7825052738189706 0.88200238347053539 2.1096491813659672
decision_type=2 2 2 2 2 2
left_child=5 2 4 -4 -2 -1
right_child=1 -3 3 -5 -6 -7
leaf_value=-0.029779650037075722 -0.025432441471282628 0.10728870214618035 0.10886852606404884 -0.015531818483518482 0.0046067580644137138 -0.01783986202866147
leaf_weight=25.800546348094944 6.4778928756713885 7.9643426164984694 1.3825877904891961 0.66913043707609166 2.2376623228192329 4.0296790003776541
leaf_count=52 23 114 20 3 14 17
internal_value=-1.00811e-06 0.0448531 -0.00132929 0.0682976 -0.0177201 -0.0281667
internal_weight=48.5618 18.7316 10.7673 2.05172 8.71556 29.8302
internal_count=243 174 60 23 37 69
is_linear=0
shrinkage=0.03


Tree=7
num_leaves=7
num_cat=0
split_feature=115 91 94 58 86 21
split_gain=117.898 16.4787 3.98628 1.47428 4.9184 0.677208
threshold=-8.9243469238281232 1009.681365966797 -2.4397450685501094 43.699926376342781 -0.44938762485980982 59.734416961669929
decision_type=2 2 2 2 2 2
left_child=1 2 -1 4 -2 -4
right_child=3 -3 5 -5 -6 -7
leaf_value=0.051112842309243178 0.042086202064786034 0.0065398729511790066 0.087084738357101149 -0.029779743513056473 -0.029771783771795825 0.10789788665287527
leaf_weight=1.5285259783267964 1.150703892111778 2.2780585885047904 1.7670723870396594 31.570565473288298 3.3617396019399157 6.9045447707176208
leaf_count=5 7 5 9 180 14 23
internal_value=1.58102e-06 0.0794903 0.0957828 -0.0274872 -0.0114475 0.103657
internal_weight=48.5612 12.4782 10.2001 36.083 4.51244 8.67162
internal_count=243 42 37 201 21 32
is_linear=0
shrinkage=0.03


Tree=8
num_leaves=7
num_cat=0
split_feature=117 115 106 86 105 68
split_gain=61.2247 40.383 24.104 12.1855 5.55777 1.41095
threshold=302.60017395019537 -9.1766662597656232 0.23903508484363559 -1.2323481440544126 26.289474487304691 1005.924285888672
decision_type=2 2 2 2 2 2
left_child=3 -2 -3 -1 -4 -5
right_child=1 2 4 5 -6 -7
leaf_value=0.097201305106766361 -0.02177294939432723 -0.029779490544361825 0.10978788320827554 -0.00014640078280440448 0.064245223915723515 -0.029791196211123486
leaf_weight=0.71270705014467495 5.612102426588538 1.6768135428428639 6.4851927459239942 1.5215317234396959 3.8392959162592888 28.712783399969339
leaf_count=3 19 3 20 4 23 171
internal_value=3.92238e-06 0.0446549 0.0757182 -0.0254091 0.0928523 -0.0282993
internal_weight=48.5604 17.6134 12.0013 30.947 10.3245 30.2343
internal_count=243 65 46 178 43 175
is_linear=0
shrinkage=0.03


Tree=9
num_leaves=7
num_cat=0
split_feature=38 92 31 108 20 105
split_gain=123.72 26.536 18.7121 2.66151e-05 1.50677e-05 2.09398e-05
threshold=1006.3922729492189 18.836357116699222 1005.8462829589845 3.4987487792968754 2.6790698766708378 23.00657939910889
decision_type=2 2 2 2 2 2
left_child=3 -2 -3 -1 -5 -6
right_child=1 2 -4 4 5 -7
leaf_value=-0.02997460340287228 0.1049384857573664 0.1069791797852267 -0.0298021720351054 -0.029778022592774688 -0.029651643239688583 -0.029763514215150229
leaf_weight=0.57030981779098411 9.3888754397630674 1.3214116096496571 2.8235309422016144 27.422946114093065 2.1829274892806998 4.8548987433314323
leaf_count=1 9 1 29 158 7 38
internal_value=-9.29905e-06 0.0770271 0.0138039 -0.0297713 -0.029768 -0.0297288
internal_weight=48.5649 13.5338 4.14494 35.0311 34.4608 7.03783
internal_count=243 39 30 204 203 45
is_linear=0
shrinkage=0.03


Tree=10
num_leaves=7
num_cat=0
split_feature=106 117 50 49 95 35
split_gain=53.0696 31.3213 18.3992 14.0836 2.33563 9.17936
threshold=0.6535087823867799 191.28865051269534 -0.41409730911254877 8.8726692199707049 1.1475200057029726 0.027416908182203773
decision_type=2 2 2 2 2 2
left_child=1 -1 -3 4 -2 -6
right_child=3 2 -4 -5 5 -7
leaf_value=-0.029742184958756756 -0.029555044675094049 0.099267540504686086 0.023308671017652428 0.055796534014880397 0.096334650079405046 -0.029552561002320912
leaf_weight=3.8101410269737235 27.657695211470131 7.2054046392440787 4.7699580192565909 1.976988449692725 0.66848236322402899 2.3677693121135235
leaf_count=4 189 11 13 5 1 20
internal_value=8.90105e-06 0.0451758 0.069012 -0.0218142 -0.0268131 -0.00183635
internal_weight=48.4564 15.7855 11.9754 32.6709 30.6939 3.03625
internal_count=243 28 24 215 210 21
is_linear=0
shrinkage=0.03


Tree=11
num_leaves=7
num_cat=0
split_feature=105 23 3 59 106 71
split_gain=63.3872 51.0083 19.0143 2.04862 0.551125 1.17148
threshold=25.35526275634766 1003.1507263183595 16.674314498901371 7.6695384979248056 2.1096491813659672 4.8489534854888925
decision_type=2 2 2 2 2 2
left_child=4 2 -2 -4 -1 -6
right_child=1 -3 3 -5 5 -7
leaf_value=-0.029557624183635361 0.098397559445085506 0.096876849008285748 -0.0013156113580784768 -0.029746643027530904 0.0043832721705400019 -0.029644382862061676
leaf_weight=25.179992139339451 1.4835031479597116 8.5468787103891355 4.0608700290322286 5.2040657103061676 1.4137082770466798 2.5584848523139954
leaf_count=52 20 114 24 16 8 9
internal_value=-1.79628e-06 0.0421772 -0.0013186 -0.0172852 -0.0279193 -0.0175339
internal_weight=48.4475 19.2953 10.7484 9.26494 29.1522 3.97219
internal_count=243 174 60 40 69 17
is_linear=0
shrinkage=0.03


Tree=12
num_leaves=7
num_cat=0
split_feature=115 91 94 58 38 115
split_gain=107.221 13.7576 3.22772 1.46919 5.13095 1.07678
threshold=-8.9243469238281232 1009.681365966797 -2.4397450685501094 43.699926376342781 1000.9388732910157 -6.8014831542968741
decision_type=2 2 2 2 2 2
left_child=1 2 -1 4 -2 -6
right_child=3 -3 -4 -5 5 -7
leaf_value=0.047661585337504246 0.10918123493910464 0.0062936042528115741 0.093967290021763031 -0.029564935805865084 0.003926215883150814 -0.029584586738141773
leaf_weight=1.5864901244640339 0.29767158627509971 2.2900970578193656 9.2760509923100454 30.836435630917549 1.2215168364346021 2.9401155374944214
leaf_count=5 1 5 32 180 8 12
internal_value=6.39278e-06 0.0731164 0.0872043 -0.0272374 -0.0111421 -0.0197485
internal_weight=48.4484 13.1526 10.8625 35.2957 4.4593 4.16163
internal_count=243 42 37 201 21 20
is_linear=0
shrinkage=0.03


Tree=13
num_leaves=7
num_cat=0
split_feature=117 115 106 86 90 68
split_gain=56.9761 35.2983 20.7185 11.2181 4.7283 1.38253
threshold=302.60017395019537 -9.1766662597656232 0.23903508484363559 -1.2323481440544126 7.5913219451904306 1005.924285888672
decision_type=2 2 2 2 2 2
left_child=3 -2 -3 -1 -4 -5
right_child=1 2 4 5 -6 -7
leaf_value=0.088863608468578867 -0.021397170200841923 -0.029603471602297409 0.097188675512567574 -0.00024227545410473336 0.053902410567992415 -0.029575347497559551
leaf_weight=0.75739138573408382 5.493888575583699 1.6450019478797901 7.7816596254706365 1.5247332826256776 3.2072217464447021 28.044382251799107
leaf_count=3 19 3 24 4 19 171
internal_value=8.82304e-06 0.0420854 0.069691 -0.0251426 0.0845551 -0.0280628
internal_weight=48.4543 18.1278 12.6339 30.3265 10.9889 29.5691
internal_count=243 65 46 178 43 175
is_linear=0
shrinkage=0.03


Tree=14
num_leaves=7
num_cat=0
split_feature=38 92 31 76 116 34
split_gain=112.569 21.7612 16.5236 5.92254e-05 3.93617e-05 3.05747e-05
threshold=1006.3922729492189 18.836357116699222 1005.8462829589845 1009.8089599609376 0.00018625272787176075 0.60854896903038036
decision_type=2 2 2 2 2 2
left_child=3 -2 -3 4 5 -1
right_child=1 2 -4 -5 -6 -7
leaf_value=-0.02949656743526129 0.094670631204268649 0.096371223056366695 -0.029583964555426837 -0.029725671253317223 -0.029446242347211736 -0.02956973539428322
leaf_weight=6.672437775880101 10.076455891132353 1.4201645851135243 2.7573899812996387 1.6512580513954151 3.4856876954436293 22.38015516474843
leaf_count=17 9 1 29 4 14 169
internal_value=-2.23255e-05 0.0708034 0.0132346 -0.0295504 -0.0295415 -0.0295529
internal_weight=48.4435 14.254 4.17755 34.1895 32.5383 29.0526
internal_count=243 39 30 204 200 186
is_linear=0
shrinkage=0.03


Tree=15
num_leaves=7
num_cat=0
split_feature=106 117 50 49 95 35
split_gain=49.1322 27.7965 15.358 13.224 2.2992 8.32411
threshold=0.6535087823867799 191.28865051269534 -0.41409730911254877 8.8726692199707049 1.1475200057029726 0.027416908182203773
decision_type=2 2 2 2 2 2
left_child=1 -1 -3 4 -2 -6
right_child=3 2 -4 -5 5 -7
leaf_value=-0.029517119770115358 -0.029342650391895344 0.090347381632005036 0.022151859466585606 0.052175895819627151 0.088333635941104202 -0.029326970686554953
leaf_weight=3.7165918648242977 26.982289694249634 7.6673796772956857 4.8534671366214726 2.0506922379136077 0.70712220668792669 2.3055727444589138
leaf_count=4 189 11 13 5 1 20
internal_value=1.34609e-05 0.0425275 0.0639127 -0.0215283 -0.0265673 -0.00171036
internal_weight=48.2831 16.2374 12.5208 32.0457 29.995 3.01269
internal_count=243 28 24 215 210 21
is_linear=0
shrinkage=0.03


Tree=16
num_leaves=7
num_cat=0
split_feature=105 23 3 15 106 63
split_gain=59.1619 43.902 16.976 3.90365 0.549724 1.14355
threshold=25.35526275634766 1003.1507263183595 16.674314498901371 5.2789390087127694 2.1096491813659672 22.357994079589847
decision_type=2 2 2 2 2 2
left_child=4 2 -2 -4 -1 -6
right_child=1 -3 3 -5 5 -7
leaf_value=-0.029345509888293816 0.08960739222012705 0.088433261798448806 0.11389343422812999 -0.019912334048833805 0.004258951443807708 -0.029463434053701044
leaf_weight=24.564579501748089 1.5773828551173235 9.0680591538548452 0.20063796639442344 8.9302030913531762 1.4193411841988557 2.497595340013504
leaf_count=52 20 114 3 37 9 8
internal_value=-2.27047e-06 0.0398605 -0.00127236 -0.0169721 -0.0276812 -0.0172438
internal_weight=48.2578 19.7763 10.7082 9.13084 28.4815 3.91694
internal_count=243 174 60 40 69 17
is_linear=0
shrinkage=0.03


Tree=17
num_leaves=7
num_cat=0
split_feature=115 5 35 58 86 11
split_gain=98.1198 9.97549 3.02731 1.46125 4.50484 0.115209
threshold=-8.9243469238281232 1.4510505795478823 1.1880936026573183 43.699926376342781 -0.44938762485980982 2.4815289974212651
decision_type=2 2 2 2 2 2
left_child=1 -1 5 4 -2 -3
right_child=3 2 -4 -5 -6 -7
leaf_value=0.015863764004235646 0.038837848222587332 0.095394222965510617 0.054010824879226531 -0.029356855058488923 -0.029367824808840565 0.087458775186006116
leaf_weight=2.6836695075035086 1.1960152909159658 2.2861056327819806 2.9021990522742263 30.099050525575876 3.2123094722628585 5.8861731886863708
leaf_count=6 7 7 11 180 14 18
internal_value=1.45173e-05 0.0677564 0.0803315 -0.0269943 -0.0108631 0.0896786
internal_weight=48.2655 13.7581 11.0745 34.5074 4.40832 8.17228
internal_count=243 42 36 201 21 25
is_linear=0
shrinkage=0.03


Tree=18
num_leaves=7
num_cat=0
split_feature=67 115 19 11 117 7
split_gain=53.1128 24.4762 13.2578 7.17149 6.21031 8.20968
threshold=6.9457876682281503 -8.3700561523437482 -0.3671190589666366 2.9098131656646733 284.23692321777349 4.2606041431427011
decision_type=2 2 2 2 2 2
left_child=4 3 -3 -2 -1 -6
right_child=1 2 -4 -5 5 -7
leaf_value=-0.029361043716287075 0.041975877748879051 -0.02933496866822545 0.082354431235722281 -0.029532598990376312 0.069014467753133926 -0.013409613770182788
leaf_weight=25.107863776385788 1.8835070580244089 1.0634061098098779 9.5153425484895653 3.8266187757253647 1.3539750725030888 5.5276769623160362
leaf_count=158 7 2 33 15 7 21
internal_value=1.27236e-05 0.0441091 0.0711271 -0.00594525 -0.0224409 0.00280744
internal_weight=48.2784 16.2889 10.5787 5.71013 31.9895 6.88165
internal_count=243 57 35 22 186 28
is_linear=0
shrinkage=0.03


Tree=19
num_leaves=7
num_cat=0
split_feature=38 18 31 76 34 105
split_gain=103.061 14.4583 14.1097 0.000111671 7.83804e-05 7.35036e-05
threshold=1006.3922729492189 22.917345046997074 1005.8462829589845 1009.8089599609376 0.60854896903038036 22.622806549072269
decision_type=2 2 2 2 2 2
left_child=3 -2 -3 4 -1 -6
right_child=1 2 -4 -5 5 -7
leaf_value=-0.029238931214078546 0.083195018110250804 0.087804716352496842 -0.029373760735578149 -0.029580647011624418 -0.029099854139401426 -0.029362054010184133
leaf_weight=7.2361849360168007 10.990502234548329 1.5082892179489129 2.3907957784831524 1.6251932382583607 1.0033570826053644 23.48502304777503
leaf_count=20 14 1 24 4 4 176
internal_value=-3.84616e-05 0.065587 0.0159546 -0.0293381 -0.0293257 -0.0293513
internal_weight=48.2393 14.8896 3.89908 33.3498 31.7246 24.4884
internal_count=243 39 25 204 200 180
is_linear=0
shrinkage=0.03


Tree=20
num_leaves=7
num_cat=0
split_feature=106 7 50 45 95 35
split_gain=45.7117 24.9688 12.9325 12.5149 2.2489 7.56388
threshold=0.6535087823867799 3.5688160657882695 -0.41409730911254877 19.103755950927738 1.1475200057029726 0.027416908182203773
decision_type=2 2 2 2 2 2
left_child=1 -1 -3 4 -2 -6
right_child=3 2 -4 -5 5 -7
leaf_value=-0.029317032087218444 -0.029167551870779053 0.083044232027642412 0.021318249840381592 0.0489759309464066 0.081189039451237163 -0.029140294708114294
leaf_weight=3.6284570395946529 26.303852256387479 8.0760025382041931 4.9134084880351994 2.128589052706956 0.74409192800521795 2.2512749210000038
leaf_count=4 184 11 13 10 1 20
internal_value=1.8213e-05 0.04026 0.0596956 -0.0212602 -0.0263628 -0.00173291
internal_weight=48.0457 16.6179 12.9894 31.4278 29.2992 2.99537
internal_count=243 28 24 215 205 21
is_linear=0
shrinkage=0.03


Tree=21
num_leaves=7
num_cat=0
split_feature=105 23 3 15 105 10
split_gain=55.3846 38.3439 15.2874 3.50195 0.720203 0.0436327
threshold=25.35526275634766 1003.1507263183595 16.674314498901371 5.2789390087127694 24.800438880920414 19.586682319641117
decision_type=2 2 2 2 2 2
left_child=4 2 -2 -4 -1 -3
right_child=1 5 3 -5 -6 -7
leaf_value=-0.029147257329739544 0.082398501421480363 0.081009876161015348 0.10264343822435221 -0.01960815213846839 -0.013708491532818706 0.088719820582567291
leaf_weight=24.762054026126865 1.6603150367736841 8.8065694272518122 0.21607042104005714 8.7853531390428525 3.0548833832144728 0.71419624984264451
leaf_count=54 20 105 3 37 15 9
internal_value=-2.50422e-06 0.03783 -0.00124547 -0.0166736 -0.0274518 0.0815882
internal_weight=47.9994 20.1825 10.6617 9.00142 27.8169 9.52077
internal_count=243 174 60 40 69 114
is_linear=0
shrinkage=0.03


Tree=22
num_leaves=7
num_cat=0
split_feature=115 5 42 58 86 34
split_gain=90.2461 8.55562 2.65788 1.44997 4.26027 0.117148
threshold=-8.9243469238281232 1.4510505795478823 0.96930530667305004 43.699926376342781 -0.44938762485980982 1.0800744891166689
decision_type=2 2 2 2 2 2
left_child=1 -1 5 4 -2 -3
right_child=3 2 -4 -5 -6 -7
leaf_value=0.015206570571020704 0.036805732238138232 0.088006211740444151 0.050153525599264767 -0.029156542186835319 -0.029164055691844576 0.080495811902359951
leaf_weight=2.7127172648906699 1.2256740927696226 2.7522337734699232 3.013366036117076 29.363324079662561 3.1332071870565406 5.8256542533636093
leaf_count=6 7 8 11 180 14 17
internal_value=2.37017e-05 0.0631668 0.074391 -0.0267598 -0.010614 0.0829055
internal_weight=48.0262 14.304 11.5913 33.7222 4.35888 8.57789
internal_count=243 42 36 201 21 25
is_linear=0
shrinkage=0.03


Tree=23
num_leaves=7
num_cat=0
split_feature=117 115 106 86 105 62
split_gain=49.7901 28.1484 16.0172 9.75697 3.8522 1.37352
threshold=302.60017395019537 -9.1766662597656232 0.23903508484363559 -1.2323481440544126 26.289474487304691 25.148100852966312
decision_type=2 2 2 2 2 2
left_child=3 -2 -3 -1 -4 -5
right_child=1 2 4 5 -6 -7
leaf_value=0.076745239234577003 -0.020807831547873475 -0.029254918595124711 0.085185074649094444 0.00011296883375457733 0.049980005110458733 -0.029196193631627475
leaf_weight=0.82991053164005535 5.3049013987183598 1.5784473419189442 7.6800678074359876 1.5208986885845686 4.3998799994587898 26.732792560011148
leaf_count=3 19 3 20 5 23 170
internal_value=1.9565e-05 0.0378401 0.0606188 -0.0246404 0.0723623 -0.0276185
internal_weight=48.0469 18.9633 13.6584 29.0836 12.0799 28.2537
internal_count=243 65 46 178 43 175
is_linear=0
shrinkage=0.03


Tree=24
num_leaves=7
num_cat=0
split_feature=38 6 79 47 76 34
split_gain=94.822 10.975 17.8988 0.000504528 0.000147229 0.000140005
threshold=1006.3922729492189 39.013589859008796 -0.85992479324340809 27.278496742248539 1009.8089599609376 0.60854896903038036
decision_type=2 2 2 2 2 2
left_child=4 -2 -3 -4 5 -1
right_child=1 2 3 -5 -6 -7
leaf_value=-0.029002857358467828 0.081174119099779576 0.075292715775377772 -0.029171502306512477 -0.03011196108783 -0.029416246418437715 -0.029155238310994053
leaf_weight=7.0205846168100861 9.4881821870803815 3.3400970734655848 1.9220641367137434 0.70049550384283055 1.5945816636085499 23.900562338531017
leaf_count=20 6 5 17 11 4 180
internal_value=-5.9066e-05 0.0611305 0.0292357 -0.0294227 -0.0291351 -0.0291206
internal_weight=47.9666 15.4508 5.96266 2.62256 32.5157 30.9211
internal_count=243 39 33 28 204 200
is_linear=0
shrinkage=0.03


Tree=25
num_leaves=7
num_cat=0
split_feature=106 7 49 50 95 35
split_gain=42.5981 22.5562 11.893 11.1131 2.198 6.90823
threshold=0.6535087823867799 3.5688160657882695 8.8726692199707049 -0.41409730911254877 1.1475200057029726 0.027416908182203773
decision_type=2 2 2 2 2 2
left_child=1 -1 4 -3 -2 -6
right_child=2 3 -4 -5 5 -7
leaf_value=-0.029124745519388876 -0.028949736191622288 0.076986336309476072 0.046780771228365832 0.020453545327727276 0.075213830074868621 -0.028932651494467186
leaf_weight=3.5408910512924221 25.665563769638545 8.4324510097503662 2.1661944091320029 4.9764109253883335 0.77642667293548528 2.1901790127158165
leaf_count=4 189 11 5 13 1 20
internal_value=2.50583e-05 0.0382213 -0.0209961 0.0560054 -0.0261238 -0.0016752
internal_weight=47.7481 16.9498 30.7984 13.4089 28.6322 2.96661
internal_count=243 28 215 24 210 21
is_linear=0
shrinkage=0.03


Tree=26
num_leaves=7
num_cat=0
split_feature=105 23 96 15 105 64
split_gain=51.8552 33.8435 14.4196 4.10077 0.715923 0.0643506
threshold=25.35526275634766 1003.1507263183595 38.904619216918952 5.2789390087127694 24.800438880920414 5.5954647064208993
decision_type=2 2 2 2 2 2
left_child=4 2 5 -4 -1 -2
right_child=1 -3 3 -5 -6 -7
leaf_value=-0.028945881471589566 0.07425976264389085 0.075802932764681225 0.089886791492476248 -0.020416927546498556 -0.013456405943960713 0.086293842058366474
leaf_weight=24.114477425813678 1.0560272485017801 9.9205492436885816 0.31442509591579337 8.6027860529720765 3.0221303924918166 0.64367661625146855
leaf_count=54 12 114 4 36 15 8
internal_value=-1.8716e-06 0.0359632 -0.00126347 -0.0165276 -0.0272209 0.0788171
internal_weight=47.6741 20.5375 10.6169 8.91721 27.1366 1.6997
internal_count=243 174 60 40 69 20
is_linear=0
shrinkage=0.03


Tree=27
num_leaves=7
num_cat=0
split_feature=115 41 58 86 107 99
split_gain=83.2102 7.58772 1.44404 4.04784 1.27647 0.330639
threshold=-8.9243469238281232 0.46308177709579473 43.699926376342781 -0.44938762485980982 993.61267089843761 21.098967552185062
decision_type=2 2 2 2 2 2
left_child=1 -1 3 -2 -3 -6
right_child=2 4 -4 -5 5 -7
leaf_value=0.022710006709084189 0.035125523213965004 0.046570977901073243 -0.028961629491960583 -0.028956125036442768 0.080366930918627705 0.068811450561045831
leaf_weight=3.8222364783287039 1.2509818561375139 1.5513408333063115 28.623437277972698 3.0503609105944625 5.8137912750244123 3.6137701869010925
leaf_count=9 7 5 180 14 16 12
internal_value=3.32981e-05 0.0591141 -0.0265261 -0.0103189 0.0717879 0.0759375
internal_weight=47.7259 14.8011 32.9248 4.30134 10.9789 9.42756
internal_count=243 42 201 21 33 28
is_linear=0
shrinkage=0.03


Tree=28
num_leaves=7
num_cat=0
split_feature=117 115 106 86 96 46
split_gain=46.5994 25.1022 14.1987 9.12884 3.55021 1.40912
threshold=302.60017395019537 -9.1766662597656232 0.23903508484363559 -1.2323481440544126 43.443576812744148 1007.4243469238282
decision_type=2 2 2 2 2 2
left_child=3 -2 -3 -1 -4 -5
right_child=1 2 4 5 -6 -7
leaf_value=0.071713068088426438 -0.020431686995405453 -0.029088805623185734 0.074424915270136754 0.0014979783247668437 0.031693102837941529 -0.028986999223061635
leaf_weight=0.8625993281602885 5.1878704242408302 1.5449505448341359 10.47143069654703 1.439807236194613 2.10088937729597 26.141280174255371
leaf_count=3 19 3 28 3 15 172
internal_value=2.59799e-05 0.0359998 0.0567375 -0.02439 0.0672842 -0.0273956
internal_weight=47.7488 19.3051 14.1173 28.4437 12.5723 27.5811
internal_count=243 65 46 178 43 175
is_linear=0
shrinkage=0.03


Tree=29
num_leaves=7
num_cat=0
split_feature=38 6 79 47 76 34
split_gain=87.6579 9.28391 16.0569 0.000472878 0.000182786 0.000205099
threshold=1006.3922729492189 39.013589859008796 -0.85992479324340809 27.278496742248539 1009.8089599609376 0.60854896903038036
decision_type=2 2 2 2 2 2
left_child=4 -2 -3 -4 5 -1
right_child=1 2 3 -5 -6 -7
leaf_value=-0.028779484545478452 0.075200715230065662 0.069909915631598082 -0.02894582672960265 -0.02986799512313932 -0.029256980276813706 -0.028966635240000985
leaf_weight=6.809288587421185 9.9003553390502912 3.4774837307631961 1.8668650425970557 0.68376193195581425 1.5638554096221913 23.315766096115112
leaf_count=20 6 5 17 11 4 180
internal_value=-8.26788e-05 0.0573291 0.0279773 -0.029193 -0.0289407 -0.0289243
internal_weight=47.6174 15.9285 6.02811 2.55063 31.6889 30.1251
internal_count=243 39 33 28 204 200
is_linear=0
shrinkage=0.03


Tree=30
num_leaves=7
num_cat=0
split_feature=106 7 45 115 95 35
split_gain=39.6955 20.4014 11.2579 9.94392 2.15209 6.34221
threshold=0.6535087823867799 3.5688160657882695 19.103755950927738 -9.5500793457031232 1.1475200057029726 0.027416908182203773
decision_type=2 2 2 2 2 2
left_child=1 -1 4 -3 -2 -6
right_child=2 3 -4 -5 5 -7
leaf_value=-0.028924063675527207 -0.028785067839713459 0.011881358138784295 0.043977239473272603 0.068561992812652753 0.070146943056647634 -0.028731770402904314
leaf_weight=3.449331313371661 24.973363265395172 3.8730484545230874 2.2396791167557231 9.9221638143062556 0.80432957410812322 2.1295166425406933
leaf_count=4 184 10 10 14 1 20
internal_value=2.96076e-05 0.0363322 -0.0207361 0.0526487 -0.0259296 -0.00162364
internal_weight=47.3914 17.2445 30.1469 13.7952 27.9072 2.93385
internal_count=243 28 215 24 205 21
is_linear=0
shrinkage=0.03


Tree=31
num_leaves=7
num_cat=0
split_feature=105 23 96 15 105 96
split_gain=48.7058 30.0009 13.1074 3.78273 0.715654 0.0542408
threshold=25.35526275634766 1003.1507263183595 38.904619216918952 5.2789390087127694 24.800438880920414 32.170452117919929
decision_type=2 2 2 2 2 2
left_child=4 2 5 -4 -1 -2
right_child=1 -3 3 -5 -6 -7
leaf_value=-0.028756724628754917 0.069239822775137405 0.070829823002454648 0.083653546536357981 -0.020104358705639459 -0.013160860237335575 0.080068164975383535
leaf_weight=23.487789526581768 1.0933765470981622 10.270237401127813 0.32853099703788657 8.4472526386380178 2.9845345914363852 0.67235707491636265
leaf_count=54 12 114 4 36 15 8
internal_value=-1.60856e-06 0.034338 -0.00121465 -0.0162201 -0.0269984 0.073363
internal_weight=47.2841 20.8118 10.5415 8.77578 26.4723 1.76573
internal_count=243 174 60 40 69 20
is_linear=0
shrinkage=0.03


Tree=32
num_leaves=7
num_cat=0
split_feature=115 30 114 58 16 87
split_gain=76.9712 6.83585 9.07126 1.43956 4.12644 0.0451489
threshold=-8.9243469238281232 14.487994194030763 12.949614048004152 43.699926376342781 1004.5821533203126 0.1318246200680733
decision_type=2 2 2 2 2 2
left_child=1 2 -1 4 -2 -3
right_child=3 5 -4 -5 -6 -7
leaf_value=0.070861631179923945 0.035957379175494054 0.076192346331493466 0.0016548923314892434 -0.028773326547321704 -0.029061408719611968 0.071762969775085325
leaf_weight=3.14614613354206 1.2425088696181763 3.7437909543514234 3.7200861424207687 27.885881919413805 2.9986279681324959 4.6355742812156677
leaf_count=10 8 10 10 180 13 12
internal_value=4.5841e-05 0.0555576 0.0333658 -0.0262968 -0.0100131 0.073742
internal_weight=47.3726 15.2456 6.86623 32.127 4.24114 8.37937
internal_count=243 42 20 201 21 22
is_linear=0
shrinkage=0.03


Tree=33
num_leaves=7
num_cat=0
split_feature=117 115 106 86 77 46
split_gain=43.6246 22.5821 12.6924 8.57084 3.16087 1.38168
threshold=302.60017395019537 -9.1766662597656232 0.23903508484363559 -1.2323481440544126 20.582427978515629 1007.4243469238282
decision_type=2 2 2 2 2 2
left_child=3 -2 -3 -1 -4 -5
right_child=1 2 4 5 -6 -7
leaf_value=0.067360182372166344 -0.02010019896926811 -0.028928072742743657 -0.031380404816036704 0.0013922957755560556 0.065241250179441476 -0.028793373468058339
leaf_weight=0.89175163209438579 5.0855033546686199 1.5113738775253285 0.31221407651901145 1.44204378128052 12.694200217723845 25.454975195229053
leaf_count=3 19 3 1 3 42 172
internal_value=3.35293e-05 0.0343028 0.0533598 -0.0241413 0.0629219 -0.027175
internal_weight=47.3921 19.6033 14.5178 27.7888 13.0064 26.897
internal_count=243 65 46 178 43 175
is_linear=0
shrinkage=0.03


Tree=34
num_leaves=7
num_cat=0
split_feature=38 6 79 47 76 34
split_gain=81.2845 7.96709 14.5097 0.000427199 0.000236059 0.000223272
threshold=1006.3922729492189 39.013589859008796 -0.85992479324340809 27.278496742248539 1009.8089599609376 0.60854896903038036
decision_type=2 2 2 2 2 2
left_child=4 -2 -3 -4 5 -1
right_child=1 2 3 -5 -6 -7
leaf_value=-0.028579332624171484 0.070135597951249837 0.065298348924545085 -0.028745341072936258 -0.029633153668936409 -0.029114282918004636 -0.028777389661124739
leaf_weight=6.6146549209952417 10.255995631217958 3.5972922518849382 1.8162533789873108 0.66689344495534886 1.5356428027153004 22.711330872029066
leaf_count=20 6 5 17 11 4 180
internal_value=-0.000107795 0.0540042 0.0267951 -0.0289838 -0.0287517 -0.0287327
internal_weight=47.1981 16.3364 6.08044 2.48315 30.8616 29.326
internal_count=243 39 33 28 204 200
is_linear=0
shrinkage=0.03


Tree=35
num_leaves=7
num_cat=0
split_feature=106 7 49 50 95 35
split_gain=37.0733 18.5416 10.7113 9.14312 2.09393 5.85095
threshold=0.6535087823867799 3.5688160657882695 8.8726692199707049 -0.41409730911254877 1.1475200057029726 0.027416908182203773
decision_type=2 2 2 2 2 2
left_child=1 -1 4 -3 -2 -6
right_child=2 3 -4 -5 5 -7
leaf_value=-0.028730643604413006 -0.028576304389124438 0.067993420286915879 0.042114267613717081 0.017889560914717943 0.065800521121577527 -0.028546446149528375
leaf_weight=3.3581893444061306 24.329161740839488 8.972285270690918 2.270785652101039 5.1647588014602634 0.82800245285034124 2.071830902248621
leaf_count=4 189 11 5 13 1 20
internal_value=3.62425e-05 0.0346362 -0.0204837 0.0496887 -0.0257041 -0.00160713
internal_weight=46.995 17.4952 29.4998 14.137 27.229 2.89983
internal_count=243 28 215 24 210 21
is_linear=0
shrinkage=0.03


Tree=36
num_leaves=7
num_cat=0
split_feature=105 23 96 15 105 10
split_gain=45.8697 26.8002 11.9815 3.50566 0.71403 0.0577699
threshold=25.35526275634766 1003.1507263183595 38.904619216918952 5.2789390087127694 24.800438880920414 19.586682319641117
decision_type=2 2 2 2 2 2
left_child=4 2 -2 -4 -1 -3
right_child=1 5 3 -5 -6 -7
leaf_value=-0.028574495895853314 0.068760887434735046 0.065977398381332014 0.078351213774476847 -0.019783110241761163 -0.01289315422522639 0.074411008112989105
leaf_weight=22.867361918091778 1.8218711987137819 9.7742190510034526 0.34110080450773139 8.2894580885767919 2.9505093544721595 0.79008860141038972
leaf_count=54 20 105 4 36 15 9
internal_value=4.5266e-06 0.0329108 -0.0011473 -0.0159046 -0.0267824 0.0666081
internal_weight=46.8346 21.0167 10.4524 8.63056 25.8179 10.5643
internal_count=243 174 60 40 69 114
is_linear=0
shrinkage=0.03


Tree=37
num_leaves=7
num_cat=0
split_feature=115 5 94 58 16 79
split_gain=71.3409 6.18914 2.10062 1.42935 3.89223 0.391318
threshold=-8.9243469238281232 1.4510505795478823 -2.4397450685501094 43.699926376342781 1004.5821533203126 -0.25601451098918909
decision_type=2 2 2 2 2 2
left_child=1 -1 -3 4 -2 -4
right_child=3 2 5 -5 -6 -7
leaf_value=0.012295202089708707 0.034046143148984749 0.031990712221694625 0.070566751325320962 -0.028587617832454552 -0.028853501845422597 0.058724869648258626
leaf_weight=2.8362645208835593 1.2714129388332391 1.8805111050605763 7.0029178261756879 27.137148588895798 2.9163645319640636 3.9158493876457214
leaf_count=6 8 5 18 180 13 13
internal_value=5.35596e-05 0.052391 0.0612761 -0.0260702 -0.00975711 0.0663198
internal_weight=46.9605 15.6355 12.7993 31.3249 4.18778 10.9188
internal_count=243 42 36 201 21 31
is_linear=0
shrinkage=0.03


Tree=38
num_leaves=7
num_cat=0
split_feature=117 115 106 86 105 62
split_gain=40.9643 20.396 11.3845 8.01264 2.99014 1.38253
threshold=302.60017395019537 -9.1766662597656232 0.23903508484363559 -1.2323481440544126 26.289474487304691 25.148100852966312
decision_type=2 2 2 2 2 2
left_child=3 -2 -3 -1 -4 -5
right_child=1 2 4 5 -6 -7
leaf_value=0.063063020811340645 -0.019748187342799442 -0.028743487969450723 0.069775389084045833 0.001341883715372989 0.040245090251037417 -0.028638252760583665
leaf_weight=0.92105582356453197 4.9775909855961826 1.4729701280593861 8.5595381259918195 1.4663650132715726 4.8259369581937781 24.75651078671217
leaf_count=3 19 3 20 5 23 170
internal_value=4.03941e-05 0.0328104 0.0504176 -0.023907 0.0591287 -0.0269618
internal_weight=46.98 19.836 14.8584 27.1439 13.3855 26.2229
internal_count=243 65 46 178 43 175
is_linear=0
shrinkage=0.03


Tree=39
num_leaves=7
num_cat=0
split_feature=38 6 79 47 76 34
split_gain=75.6099 6.90538 13.1774 0.000404128 0.000228869 0.000221904
threshold=1006.3922729492189 39.013589859008796 -0.85992479324340809 27.278496742248539 1009.8089599609376 0.60854896903038036
decision_type=2 2 2 2 2 2
left_child=4 -2 -3 -4 5 -1
right_child=1 2 3 -5 -6 -7
leaf_value=-0.028395411970979834 0.06578938509644372 0.061304811988731417 -0.028546950693335446 -0.029421686109571011 -0.028930872475013743 -0.028595641540070878
leaf_weight=6.4299029484391275 10.557789444923403 3.7003331705927858 1.7644287720322593 0.65062452107667912 1.498703509569167 22.112346824258566
leaf_count=20 6 5 17 11 4 180
internal_value=-0.000135465 0.0510957 0.025728 -0.0287826 -0.0285695 -0.0285505
internal_weight=46.7141 16.6732 6.11539 2.41505 30.041 28.5422
internal_count=243 39 33 28 204 200
is_linear=0
shrinkage=0.03


Tree=40
num_leaves=7
num_cat=0
split_feature=106 7 45 50 95 35
split_gain=34.7081 16.9698 10.2027 8.14811 2.04603 5.41457
threshold=0.6535087823867799 3.5688160657882695 19.103755950927738 -0.41409730911254877 1.1475200057029726 0.027416908182203773
decision_type=2 2 2 2 2 2
left_child=1 -1 4 -3 -2 -6
right_child=2 3 -4 -5 5 -7
leaf_value=-0.028556240761142646 -0.028429754798699986 0.064113554190487088 0.039932785541165063 0.017177870487312077 0.06203510659393046 -0.028359381085822609
leaf_weight=3.2711005508899715 23.657157871872194 9.199701189994812 2.3309198543429366 5.2163309156894657 0.84765315055847112 2.0118382014334202
leaf_count=4 184 11 10 13 1 20
internal_value=4.43401e-05 0.0331326 -0.0202429 0.0471302 -0.0255325 -0.0015633
internal_weight=46.5347 17.6871 28.8476 14.416 26.5166 2.85949
internal_count=243 28 215 24 205 21
is_linear=0
shrinkage=0.03


Tree=41
num_leaves=7
num_cat=0
split_feature=105 23 96 15 105 10
split_gain=43.1748 24.0873 11.0172 3.26895 0.712702 0.0556403
threshold=25.35526275634766 1003.1507263183595 38.904619216918952 5.2789390087127694 24.800438880920414 19.586682319641117
decision_type=2 2 2 2 2 2
left_child=4 2 -2 -4 -1 -3
right_child=1 5 3 -5 -6 -7
leaf_value=-0.028396500978753625 0.064848799445873462 0.062273930375808764 0.07392042545468247 -0.019486949923220958 -0.012622075677196859 0.070440486313441061
leaf_weight=22.238250613212589 1.8680072054266954 10.002441182732579 0.35176510363817115 8.1441646069288236 2.9157487824559203 0.81179025024175722
leaf_count=54 20 105 4 36 15 9
internal_value=4.719e-06 0.031566 -0.00111582 -0.0156195 -0.026568 0.062887
internal_weight=46.3322 21.1782 10.3639 8.49593 25.154 10.8142
internal_count=243 174 60 40 69 114
is_linear=0
shrinkage=0.03


Tree=42
num_leaves=7
num_cat=0
split_feature=115 30 114 58 16 27
split_gain=66.3649 5.66686 7.70001 1.42489 3.69979 0.047337
threshold=-8.9243469238281232 14.487994194030763 12.949614048004152 43.699926376342781 1004.5821533203126 2.7081421613693242
decision_type=2 2 2 2 2 2
left_child=1 2 -1 4 -2 -3
right_child=3 5 -4 -5 -6 -7
leaf_value=0.063014585345438481 0.032565594570784208 0.064018129728867751 0.00048678402335599577 -0.028413066075496804 -0.028652441277665582 0.068598555215650517
leaf_weight=3.3267507776617995 1.2942515276372457 5.692917197942732 3.7939143925905228 26.406403761357069 2.8341820165514946 3.1565679609775543
leaf_count=10 8 14 10 180 13 8
internal_value=6.71217e-05 0.0496217 0.0296996 -0.0258506 -0.00946077 0.0656519
internal_weight=46.505 15.9702 7.12067 30.5348 4.12843 8.84949
internal_count=243 42 20 201 21 22
is_linear=0
shrinkage=0.03


Tree=43
num_leaves=7
num_cat=0
split_feature=117 115 106 86 90 62
split_gain=38.5437 18.4632 10.3128 7.51423 2.8291 1.36514
threshold=302.60017395019537 -9.1766662597656232 0.23903508484363559 -1.2323481440544126 7.5913219451904306 25.148100852966312
decision_type=2 2 2 2 2 2
left_child=3 -2 -3 -1 -4 -5
right_child=1 2 4 5 -6 -7
leaf_value=0.059332517107652562 -0.019374741329888725 -0.028592432115723793 0.064407325437007695 0.0013920370283118742 0.034191358263244515 -0.028462000454243398
leaf_weight=0.94633940607309597 4.8645624704659012 1.4392741322517384 9.8148066848516446 1.4621784128248716 3.89575620740652 24.095453917980194
leaf_count=3 19 3 24 5 19 170
internal_value=4.99575e-05 0.0314746 0.0478021 -0.0236803 0.0558217 -0.026754
internal_weight=46.5184 20.0144 15.1498 26.504 13.7106 25.5576
internal_count=243 65 46 178 43 175
is_linear=0
shrinkage=0.03


Tree=44
num_leaves=7
num_cat=0
split_feature=38 6 79 47 108 108
split_gain=70.5255 6.0381 12.0184 0.000386049 0.000278541 0.000370551
threshold=1006.3922729492189 39.013589859008796 -0.85992479324340809 27.278496742248539 7.0646667480468759 5.1790771484375009
decision_type=2 2 2 2 2 2
left_child=4 -2 -3 -4 5 -1
right_child=1 2 3 -5 -6 -7
leaf_value=-0.028345777610365244 0.062024486316729889 0.057813612620307653 -0.028352830113363134 -0.029219171415870555 -0.028339597484126476 -0.028755840391988374
leaf_weight=4.0248524621129063 10.808256745338442 3.7874446660280237 1.7123204618692383 0.63443960994482029 21.293851960450411 3.9100285433232784
leaf_count=15 6 5 17 11 155 34
internal_value=-0.000167365 0.0485322 0.0247594 -0.028587 -0.0283961 -0.0285478
internal_weight=46.1712 16.9425 6.1342 2.34676 29.2287 7.93488
internal_count=243 39 33 28 204 49
is_linear=0
shrinkage=0.03


Tree=45
num_leaves=7
num_cat=0
split_feature=106 58 49 120 89 95
split_gain=32.5443 15.5642 9.70964 7.33603 2.57728 1.98765
threshold=0.6535087823867799 46.096906661987312 8.8726692199707049 42.399930953979499 1.2640436291694643 1.1475200057029726
decision_type=2 2 2 2 2 2
left_child=1 -1 5 -3 -5 -2
right_child=2 3 -4 4 -6 -7
leaf_value=-0.029089790104583589 -0.028234272589360628 -0.00013347677696987683 0.038297235732866877 0.037093438256388847 0.065653330296252879 -0.001537491233210264
leaf_weight=3.119899898767474 23.023342650383718 2.6872104406356803 2.355779066681861 4.6145103871822339 7.4106413125991821 2.8170607425272456
leaf_count=6 189 5 5 8 9 21
internal_value=5.2722e-05 0.0317731 -0.0200083 0.0446796 0.0546938 -0.0253239
internal_weight=46.0284 17.8323 28.1962 14.7124 12.0252 25.8404
internal_count=243 28 215 22 17 210
is_linear=0
shrinkage=0.03


Tree=46
num_leaves=7
num_cat=0
split_feature=105 23 96 15 105 10
split_gain=40.7315 21.7804 10.1515 3.04318 0.71201 0.055364
threshold=25.35526275634766 1003.1507263183595 38.904619216918952 5.2789390087127694 24.800438880920414 19.586682319641117
decision_type=2 2 2 2 2 2
left_child=4 2 -2 -4 -1 -3
right_child=1 5 3 -5 -6 -7
leaf_value=-0.028227275886715156 0.061391337642269089 0.059067335335724086 0.069772199977923222 -0.019175697151861289 -0.01235250327247212 0.067126719743415747
leaf_weight=21.619929552078251 1.9067095890641237 10.185116738080975 0.36184863001107981 7.9934411644935608 2.8817429244518271 0.82961054146289903
leaf_count=54 20 105 4 36 15 9
internal_value=9.84974e-06 0.0303768 -0.00106971 -0.0153236 -0.0263602 0.0596744
internal_weight=45.7784 21.2767 10.262 8.35529 24.5017 11.0147
internal_count=243 174 60 40 69 114
is_linear=0
shrinkage=0.03


Tree=47
num_leaves=7
num_cat=0
split_feature=115 30 70 58 86 27
split_gain=61.9001 5.12207 7.32272 1.41795 3.59995 0.0422713
threshold=-8.9243469238281232 14.487994194030763 23.04548263549805 43.699926376342781 -0.44938762485980982 2.7081421613693242
decision_type=2 2 2 2 2 2
left_child=1 2 -1 4 -2 -3
right_child=3 5 -4 -5 -6 -7
leaf_value=-0.0061578598553621517 0.032306027284777397 0.060688369642055769 0.054849366655527622 -0.028244250209510813 -0.028369327692924082 0.064968644585835081
leaf_weight=3.1341429799795177 1.2869397141039369 5.8071087300777418 4.0704623386263847 25.678558625280857 2.7836150005459812 3.2324566245079041
leaf_count=8 7 14 12 180 14 8
internal_value=8.10976e-05 0.0471797 0.02831 -0.0256366 -0.00918631 0.062219
internal_weight=45.9933 16.2442 7.20461 29.7491 4.07055 9.03957
internal_count=243 42 20 201 21 22
is_linear=0
shrinkage=0.03


Tree=48
num_leaves=7
num_cat=0
split_feature=117 115 106 86 96 46
split_gain=36.2575 16.7648 9.37996 7.06356 2.67684 1.37022
threshold=302.60017395019537 -9.1766662597656232 0.23903508484363559 -1.2323481440544126 43.443576812744148 1007.4243469238282
decision_type=2 2 2 2 2 2
left_child=3 -2 -3 -1 -4 -5
right_child=1 2 4 5 -6 -7
leaf_value=0.056054729296972444 -0.019013135232538128 -0.028446794117276662 0.058669830730485976 0.0022163109215171295 0.023271604924280872 -0.028271356537129606
leaf_weight=0.96791867911815899 4.7558077350258854 1.4056901335716236 11.690974757075308 1.4061819612979913 2.3010849654674521 23.482025891542435
leaf_count=3 19 3 28 3 15 172
internal_value=5.54554e-05 0.0302203 0.0454268 -0.0234566 0.0528484 -0.0265488
internal_weight=46.0097 20.1536 15.3977 25.8561 13.9921 24.8882
internal_count=243 65 46 178 43 175
is_linear=0
shrinkage=0.03


Tree=49
num_leaves=7
num_cat=0
split_feature=38 6 101 61 72 63
split_gain=65.9469 5.3157 11.0073 0.000354462 0.000315827 0.00025095
threshold=1006.3922729492189 39.013589859008796 -0.84724965691566456 1008.8778381347657 2.6878297328948979 22.687826156616214
decision_type=2 2 2 2 2 2
left_child=4 -2 -3 -4 5 -1
right_child=1 2 3 -5 -6 -7
leaf_value=-0.028247784228439439 0.058735261103729244 0.054763847018227625 -0.028159116896504358 -0.028980385332748698 -0.028546405585345359 -0.02802176901475258
leaf_weight=20.18436752632261 11.010103583335878 3.8583697155117997 1.607935063540934 0.67008806020021427 2.5794286690652362 5.66149142012
leaf_count=161 6 5 16 12 11 32
internal_value=-0.000200981 0.046265 0.0238905 -0.0284007 -0.0282299 -0.0281983
internal_weight=45.5718 17.1465 6.13639 2.27802 28.4253 25.8459
internal_count=243 39 33 28 204 193
is_linear=0
shrinkage=0.03


Tree=50
num_leaves=7
num_cat=0
split_feature=106 7 45 115 95 35
split_gain=30.4859 14.4689 9.26153 6.91513 1.9585 4.91446
threshold=0.6535087823867799 3.5688160657882695 19.103755950927738 -9.5500793457031232 1.1475200057029726 0.027416908182203773
decision_type=2 2 2 2 2 2
left_child=1 -1 4 -3 -2 -6
right_child=2 3 -4 -5 5 -7
leaf_value=-0.028267433724275478 -0.028101362606514191 0.0090935099618325958 0.036444722001447737 0.055251897128666655 0.057830416929341773 -0.028122291192489903
leaf_weight=3.1187750101089504 22.357604227960117 3.9982886612415323 2.4081773422658435 10.842015624046322 0.86756753921508734 1.9317085295915601
leaf_count=4 184 10 10 14 1 20
internal_value=5.65541e-05 0.0304715 -0.0197593 0.0428159 -0.0251395 -0.00148334
internal_weight=45.5241 17.9591 27.5651 14.8403 25.1569 2.79928
internal_count=243 28 215 24 205 21
is_linear=0
shrinkage=0.03


Tree=51
num_leaves=7
num_cat=0
split_feature=105 23 96 15 105 117
split_gain=38.4784 19.7678 9.36535 2.8354 0.712434 0.0565595
threshold=25.35526275634766 1003.1507263183595 38.904619216918952 5.2789390087127694 24.800438880920414 284.23692321777349
decision_type=2 2 2 2 2 2
left_child=4 2 -2 -4 -1 -3
right_child=1 5 3 -5 -6 -7
leaf_value=-0.02806422965512366 0.058309303468606966 0.056260211353553087 0.066054782819343627 -0.018849749023120935 -0.012070699495967127 0.06479092988534664
leaf_weight=21.015747338533405 1.9378289952874208 10.422386460006233 0.37073747813701441 7.8377465270459652 2.8461564108729354 0.74980446696281511
leaf_count=54 20 106 4 36 15 8
internal_value=1.20234e-05 0.0293027 -0.00101092 -0.015015 -0.0261566 0.0568327
internal_weight=45.1804 21.3185 10.1463 8.20848 23.8619 11.1722
internal_count=243 174 60 40 69 114
is_linear=0
shrinkage=0.03


Tree=52
num_leaves=7
num_cat=0
split_feature=115 30 117 58 16 27
split_gain=57.7639 4.68017 6.95047 1.41434 3.44184 0.0354634
threshold=-8.9243469238281232 14.487994194030763 287.07450866699224 43.699926376342781 1004.5821533203126 2.7081421613693242
decision_type=2 2 2 2 2 2
left_child=1 2 -1 4 -2 -3
right_child=3 5 -4 -5 -6 -7
leaf_value=0.051896192545903823 0.030846373846043693 0.057761282587663866 -0.0074748993676164114 -0.028079639657056128 -0.028342544139998649 0.061645433237217405
leaf_weight=4.2261081263422993 1.3174977675080324 5.8984089493751508 3.059270828962326 24.95581791177392 2.6885686330497265 3.298755943775177
leaf_count=11 8 14 9 180 13 8
internal_value=9.22635e-05 0.0449266 0.0269651 -0.0254235 -0.00887675 0.0591544
internal_weight=45.4444 16.4825 7.28538 28.9619 4.00607 9.19716
internal_count=243 42 20 201 21 22
is_linear=0
shrinkage=0.03


Tree=53
num_leaves=7
num_cat=0
split_feature=67 29 117 7 105 32
split_gain=34.2243 11.5132 4.9999 5.00852 4.51473 4.27384
threshold=6.9457876682281503 5.2676084041595468 284.23692321777349 4.2606041431427011 23.418859481811527 25.084286689758304
decision_type=2 2 2 2 2 2
left_child=2 4 -1 -4 -2 -3
right_child=1 5 3 -5 -6 -7
leaf_value=-0.028102212409229926 -0.0018109307089505774 0.034575009204842751 0.047971355642675267 -0.012796869125021161 0.052696993364169588 -0.028927070307239809
leaf_weight=20.874662470072511 1.5464422702789331 1.3818007558584202 1.5993999615311612 5.1549781896173954 11.824687417596577 3.0799761340022087
leaf_count=158 4 5 7 21 33 15
internal_value=6.90614e-05 0.0324684 -0.0208428 0.00159272 0.0463929 -0.00926064
internal_weight=45.4619 17.8329 27.629 6.75438 13.3711 4.46178
internal_count=243 57 186 28 37 20
is_linear=0
shrinkage=0.03


Tree=54
num_leaves=7
num_cat=0
split_feature=38 6 79 108 108 21
split_gain=61.7628 4.72573 10.187 0.000380893 0.000454245 0.000495211
threshold=1006.3922729492189 39.013589859008796 -0.85992479324340809 7.0646667480468759 5.1790771484375009 57.688680648803718
decision_type=2 2 2 2 2 2
left_child=3 -2 -3 4 -1 -6
right_child=1 2 -4 -5 5 -7
leaf_value=-0.028018105052755374 0.055840192288023768 0.052197309121336494 -0.028249916273291421 -0.027998890663686871 -0.027932849939161071 -0.028699847672328124
leaf_weight=3.8059685230255154 11.166074275970461 3.9116082563996324 2.2210686355829221 20.07847273349762 1.0551139861345293 2.6868843771517277
leaf_count=15 6 5 28 155 18 16
internal_value=-0.000232617 0.0442197 0.0230618 -0.0280672 -0.0282489 -0.0284836
internal_weight=44.9252 17.2988 6.13268 27.6264 7.54797 3.742
internal_count=243 39 33 204 49 34
is_linear=0
shrinkage=0.03


Tree=55
num_leaves=7
num_cat=0
split_feature=106 58 49 120 89 95
split_gain=28.6476 13.4424 8.82258 5.96941 2.06757 1.89151
threshold=0.6535087823867799 46.096906661987312 8.8726692199707049 42.399930953979499 1.2640436291694643 1.1475200057029726
decision_type=2 2 2 2 2 2
left_child=1 -1 5 -3 -5 -2
right_child=2 3 -4 4 -6 -7
leaf_value=-0.028842486425919526 -0.02791466994534161 5.8579346672608354e-05 0.035013183277415962 0.033940260284276519 0.059184886879077414 -0.0015523077004725788
leaf_weight=2.9845727086067226 21.731679778546102 2.658505678176879 2.4278107136487952 4.7074094712734205 7.6893975138664246 2.7607085667550555
leaf_count=6 189 5 5 8 9 21
internal_value=6.73332e-05 0.0293206 -0.019536 0.0408509 0.0495988 -0.0249432
internal_weight=44.9601 18.0399 26.9202 15.0553 12.3968 24.4924
internal_count=243 28 215 22 17 210
is_linear=0
shrinkage=0.03


Tree=56
num_leaves=7
num_cat=0
split_feature=105 23 96 118 106 117
split_gain=36.3884 18.0193 8.67498 2.66824 0.807014 0.0564732
threshold=25.35526275634766 1003.1507263183595 38.904619216918952 994.68554687500011 2.3750000000000004 284.23692321777349
decision_type=2 2 2 2 2 2
left_child=4 2 -2 -4 -1 -3
right_child=1 5 3 -5 -6 -7
leaf_value=-0.027923015760581545 0.055637576367744974 0.053746279126084269 0.021384615867184226 -0.022964636016098695 -0.010056676908019426 0.062205971925387377
leaf_weight=20.673646166920665 1.9611827656626726 10.527505502104756 1.4999985806643943 6.5628242790699005 2.5567757114768019 0.76156838983297426
leaf_count=55 20 106 12 28 14 8
internal_value=1.53696e-05 0.0283238 -0.000949772 -0.014714 -0.0259566 0.054317
internal_weight=44.5435 21.3131 10.024 8.06282 23.2304 11.2891
internal_count=243 174 60 40 69 114
is_linear=0
shrinkage=0.03


Tree=57
num_leaves=7
num_cat=0
split_feature=115 5 94 58 68 65
split_gain=54.0601 4.30941 1.63957 1.40314 3.48178 0.355771
threshold=-8.9243469238281232 1.4510505795478823 -2.4397450685501094 43.699926376342781 1009.2403564453126 0.70491960644721996
decision_type=2 2 2 2 2 2
left_child=1 -1 -3 4 -2 -4
right_child=3 2 5 -5 -6 -7
leaf_value=0.0098726031535359138 0.031975226088159912 0.02488893343127244 0.047748901187864137 -0.027921997252874 -0.028178647242213903 0.058434757596516021
leaf_weight=2.9293133020401028 1.2827034853398829 2.0070848762989053 4.624474056065079 24.24256469681859 2.6657057888805866 7.1235864460468292
leaf_count=6 7 5 14 180 14 17
internal_value=0.00011032 0.0429114 0.0499473 -0.0252209 -0.00863671 0.0542284
internal_weight=44.8754 16.6845 13.7551 28.191 3.94841 11.7481
internal_count=243 42 36 201 21 31
is_linear=0
shrinkage=0.03


Tree=58
num_leaves=7
num_cat=0
split_feature=117 106 115 86 105 62
split_gain=32.3617 14.2512 8.29768 6.38406 2.50213 1.34497
threshold=302.60017395019537 0.23903508484363559 -9.1766662597656232 -1.2323481440544126 26.289474487304691 25.148100852966312
decision_type=2 2 2 2 2 2
left_child=3 -2 -3 -1 -4 -5
right_child=1 2 4 5 -6 -7
leaf_value=0.051406912553750177 -0.028237009321233277 -0.010559702126153158 0.057560930036713018 0.0021128026060394664 0.031490516336316873 -0.027990788895012598
leaf_weight=0.99466142803430813 3.3680241554975536 2.5483312904834792 9.2034167647361702 1.4212278984487081 5.1770227998495111 22.203620046377182
leaf_count=3 10 12 20 5 23 170
internal_value=7.59236e-05 0.0281213 0.0393339 -0.0230452 0.0481755 -0.0261798
internal_weight=44.9163 20.2968 16.9288 24.6195 14.3804 23.6248
internal_count=243 65 55 178 43 175
is_linear=0
shrinkage=0.03


Tree=59
num_leaves=7
num_cat=0
split_feature=38 6 101 108 108 21
split_gain=57.9551 4.22585 9.4009 0.00039786 0.000486569 0.000528047
threshold=1006.3922729492189 39.013589859008796 -0.84724965691566456 7.0646667480468759 5.1790771484375009 57.688680648803718
decision_type=2 2 2 2 2 2
left_child=3 -2 -3 4 -1 -6
right_child=1 2 -4 -5 5 -7
leaf_value=-0.027857191059435817 0.05327615931750871 0.049775339111941132 -0.028086408807119038 -0.027840979554373847 -0.027766777648947423 -0.028570147353164446
leaf_weight=3.6939232684671905 11.27890455722809 3.9550341740250596 2.1566072665154916 19.495172649621964 1.0223213247954848 2.6323890760540962
leaf_count=15 6 5 28 155 18 16
internal_value=-0.000272928 0.0423902 0.0223004 -0.0279119 -0.0281 -0.0283454
internal_weight=44.2344 17.3905 6.11164 26.8438 7.34863 3.65471
internal_count=243 39 33 204 49 34
is_linear=0
shrinkage=0.03


Tree=60
num_leaves=7
num_cat=0
split_feature=106 7 45 58 115 95
split_gain=26.9029 12.4679 8.45056 6.522 3.32746 1.86583
threshold=0.6535087823867799 3.5688160657882695 19.103755950927738 46.096906661987312 -9.5500793457031232 1.1475200057029726
decision_type=2 2 2 2 2 2
left_child=1 -1 5 -3 -5 -2
right_child=2 3 -4 4 -6 -7
leaf_value=-0.027994674933412275 -0.027796391560975887 -0.030055244370790202 0.033549700429923092 0.018067691115539346 0.052850579181634903 -0.0014797204806583201
leaf_weight=2.9671100974082973 21.089300002902753 1.1302515864372242 2.4676370322704306 3.2130688726901999 10.779824316501616 2.7396450713276854
leaf_count=4 184 4 10 7 13 21
internal_value=7.36155e-05 0.0282328 -0.019298 0.0392645 0.0448637 -0.0247707
internal_weight=44.3868 18.0903 26.2966 15.1231 13.9929 23.8289
internal_count=243 28 215 24 20 205
is_linear=0
shrinkage=0.03


Tree=61
num_leaves=7
num_cat=0
split_feature=105 59 115 76 106 81
split_gain=34.394 16.941 14.8809 1.07727 0.808481 0.0243991
threshold=25.35526275634766 7.9545319080352792 -9.1766662597656232 1000.5486145019532 2.3750000000000004 33.687429428100593
decision_type=2 2 2 2 2 2
left_child=4 2 -2 -4 -1 -3
right_child=1 5 3 -5 -6 -7
leaf_value=-0.027770470241026659 -0.021925564665492087 -0.028536762179673793 0.087483171291024939 0.051262244865289561 -0.0097580816734115193 -0.023976828733604221
leaf_weight=20.072231620550159 2.8436835035681769 2.1992335617542258 0.78204999864101488 13.426353298127649 2.5247889235615721 2.0317423492670059
leaf_count=55 14 7 10 134 14 9
internal_value=1.83616e-05 0.027386 0.0407183 0.0532559 -0.0257579 -0.0263471
internal_weight=43.8801 21.2831 17.0521 14.2084 22.597 4.23098
internal_count=243 174 158 144 69 16
is_linear=0
shrinkage=0.03


Tree=62
num_leaves=7
num_cat=0
split_feature=115 30 70 58 68 27
split_gain=50.6125 4.12723 6.23553 1.39772 3.3099 0.0320949
threshold=-8.9243469238281232 14.487994194030763 23.04548263549805 43.699926376342781 1009.2403564453126 2.7081421613693242
decision_type=2 2 2 2 2 2
left_child=1 2 -1 4 -2 -3
right_child=3 5 -4 -5 -6 -7
leaf_value=-0.0073039417187089443 0.030679202440504157 0.052941916407758902 0.048168951804443666 -0.027770563949813136 -0.027998784988688914 0.056592700110927291
leaf_weight=3.1952577233314541 1.3008810132741957 6.0172159969806653 4.2486099526286125 23.538143012672663 2.5831872932612896 3.3872250318527222
leaf_count=8 7 14 12 180 14 8
internal_value=0.000123889 0.0410467 0.0243574 -0.0250193 -0.00834592 0.0542568
internal_weight=44.2705 16.8483 7.44387 27.4222 3.88407 9.40444
internal_count=243 42 20 201 21 22
is_linear=0
shrinkage=0.03


Tree=63
num_leaves=7
num_cat=0
split_feature=117 106 93 115 101 35
split_gain=30.6873 12.4509 12.7709 4.53606 0.0257872 0.000707468
threshold=282.14941406250006 0.23903508484363559 15.78183174133301 -9.1766662597656232 -0.60742077231407154 1.4487491250038149
decision_type=2 2 2 2 2 2
left_child=5 -2 3 -3 -4 -1
right_child=1 2 4 -5 -6 -7
leaf_value=-0.027732136688492927 -0.028083634118489877 -0.0039800505478175124 -0.028202913063880189 0.045431851120730615 -0.034462517216745522 -0.028350727447038999
leaf_weight=17.88343054801226 3.7233397513628033 1.8623217046260894 1.7268785722553732 16.368864975869656 0.90154136717319389 1.8346631377935398
leaf_count=142 11 9 10 44 9 18
internal_value=8.93574e-05 0.0224513 0.0314715 0.0403844 -0.0303499 -0.0277897
internal_weight=44.301 24.5829 20.8596 18.2312 2.62842 19.7181
internal_count=243 83 72 53 19 160
is_linear=0
shrinkage=0.03


Tree=64
num_leaves=7
num_cat=0
split_feature=38 6 79 108 116 36
split_gain=54.4699 3.80023 8.74131 0.000451759 0.000526897 0.00041635
threshold=1006.3922729492189 39.013589859008796 -0.85992479324340809 7.0646667480468759 0.00010743514940259048 56.086168289184577
decision_type=2 2 2 2 2 2
left_child=3 -2 -3 4 -1 -6
right_child=1 2 -4 -5 5 -7
leaf_value=-0.02770257146954273 0.05099089005171601 0.047706460609856456 -0.027943306145323282 -0.027685722939948681 -0.027910277451820103 -0.02855089183748492
leaf_weight=3.5040673762559917 11.351432085037233 3.9841941446065912 2.0988703630864602 18.90688893571496 1.9051766879856589 1.753431051969528
leaf_count=21 6 5 28 155 18 10
internal_value=-0.000310696 0.0407377 0.0216046 -0.0277626 -0.0279655 -0.0282173
internal_weight=43.5041 17.4345 6.08306 26.0696 7.16268 3.65861
internal_count=243 39 33 204 49 28
is_linear=0
shrinkage=0.03


Tree=65
num_leaves=7
num_cat=0
split_feature=106 7 45 58 115 95
split_gain=25.2392 11.5625 8.10689 5.99061 3.0261 1.8298
threshold=0.6535087823867799 3.5688160657882695 19.103755950927738 46.096906661987312 -9.5500793457031232 1.1475200057029726
decision_type=2 2 2 2 2 2
left_child=1 -1 5 -3 -5 -2
right_child=2 3 -4 4 -6 -7
leaf_value=-0.027850719681982147 -0.027647433575057959 -0.029788733167695848 0.03234971288593224 0.017432294299887772 0.050500034904589611 -0.0014750853916642331
leaf_weight=2.8838185369968441 20.456518694758422 1.0991377532482136 2.4941919036209574 3.2305891811847678 10.87470969557762 2.7243146523833266
leaf_count=4 184 4 10 7 13 21
internal_value=8.06386e-05 0.0272238 -0.0190419 0.0376698 0.0429264 -0.0245715
internal_weight=43.7633 18.0883 25.675 15.2044 14.1053 23.1808
internal_count=243 28 215 24 20 205
is_linear=0
shrinkage=0.03


Tree=66
num_leaves=7
num_cat=0
split_feature=105 59 115 76 106 68
split_gain=32.5898 15.7793 13.6373 0.913282 0.806744 0.0250022
threshold=25.35526275634766 7.9545319080352792 -9.1766662597656232 1000.5486145019532 2.3750000000000004 1005.9718017578126
decision_type=2 2 2 2 2 2
left_child=4 2 -2 -4 -1 -3
right_child=1 5 3 -5 -6 -7
leaf_value=-0.027624694764407133 -0.021595834336779345 -0.028345630032106446 0.082036031356291284 0.04923803481748603 -0.0095185345408168292 -0.023667374802134697
leaf_weight=19.485091015696529 2.773235142230992 2.1564658582210532 0.80998720228672105 13.489001523703335 2.4987743943929663 1.9650022909045217
leaf_count=55 14 7 10 134 14 9
internal_value=2.41455e-05 0.0265691 0.0392878 0.0510959 -0.0255667 -0.0261152
internal_weight=43.1776 21.1937 17.0722 14.299 21.9839 4.12147
internal_count=243 174 158 144 69 16
is_linear=0
shrinkage=0.03


Tree=67
num_leaves=7
num_cat=0
split_feature=115 41 58 86 107 1
split_gain=47.4191 3.86374 1.39053 3.20011 0.925381 0.258159
threshold=-8.9243469238281232 0.46308177709579473 43.699926376342781 -0.44938762485980982 993.61267089843761 1006.751434326172
decision_type=2 2 2 2 2 2
left_child=1 -1 3 -2 -3 -6
right_child=2 4 -4 -5 5 -7
leaf_value=0.014325435788531155 0.030000624636287745 0.027601452835772412 -0.027621829317231495 -0.027866070043647721 0.04774791189305138 0.057724447732208417
leaf_weight=4.1846198141574886 1.3073542192578318 1.8000463098287571 22.835097678005695 2.5141571573913124 7.6104362532496435 3.3672031760215759
leaf_count=9 7 5 180 14 20 8
internal_value=0.00013291 0.0393451 -0.0248188 -0.00806964 0.0475388 0.050808
internal_weight=43.6189 16.9623 26.6566 3.82151 12.7777 10.9776
internal_count=243 42 201 21 33 28
is_linear=0
shrinkage=0.03


Tree=68
num_leaves=7
num_cat=0
split_feature=117 106 93 15 101 35
split_gain=29.1303 11.6137 11.7991 4.50335 0.0236286 0.000647961
threshold=282.14941406250006 0.23903508484363559 15.78183174133301 6.3445372581481942 -0.60742077231407154 1.4487491250038149
decision_type=2 2 2 2 2 2
left_child=5 -2 3 -3 -4 -1
right_child=1 2 4 -5 -6 -7
leaf_value=-0.027585620845338221 -0.027920752280101834 -0.0075843922781205055 -0.028011258876670785 0.043472157284287834 -0.0340784062082213 -0.028186042716706512
leaf_weight=17.3497390113771 3.6145710200071361 1.7148023024201453 1.6709157228469851 16.663612805306911 0.88300634175538917 1.7839575633406628
leaf_count=142 11 6 10 47 9 18
internal_value=0.000107462 0.0217372 0.030312 0.0387083 -0.0301089 -0.0276416
internal_weight=43.6806 24.5469 20.9323 18.3784 2.55392 19.1337
internal_count=243 83 72 53 19 160
is_linear=0
shrinkage=0.03


Tree=69
num_leaves=7
num_cat=0
split_feature=38 6 79 108 116 36
split_gain=51.2652 3.4341 8.09396 0.000477684 0.000573848 0.000359204
threshold=1006.3922729492189 39.013589859008796 -0.85992479324340809 7.0646667480468759 0.00010743514940259048 56.086168289184577
decision_type=2 2 2 2 2 2
left_child=3 -2 -3 4 -1 -6
right_child=1 2 -4 -5 5 -7
leaf_value=-0.02755011205965837 0.048946007212757478 0.045709876823130033 -0.027780471040574958 -0.02753782615815667 -0.027806596278466204 -0.028408284633280555
leaf_weight=3.3942647539079216 11.386365652084352 4.004843272268773 2.0337175130844098 18.33466375246644 1.8654759153723719 1.7129381299018858
leaf_count=21 6 5 28 155 18 10
internal_value=-0.000352495 0.0392472 0.0209592 -0.0276182 -0.0278296 -0.0280946
internal_weight=42.7323 17.4249 6.03856 25.3073 6.97268 3.57841
internal_count=243 39 33 204 49 28
is_linear=0
shrinkage=0.03


Tree=70
num_leaves=7
num_cat=0
split_feature=106 7 49 58 115 95
split_gain=23.7047 10.7108 7.75746 5.57475 2.76225 1.79344
threshold=0.6535087823867799 3.5688160657882695 8.8726692199707049 46.096906661987312 -9.5500793457031232 1.1475200057029726
decision_type=2 2 2 2 2 2
left_child=1 -1 5 -3 -5 -2
right_child=2 3 -4 4 -6 -7
leaf_value=-0.027692898146300136 -0.027480594527096978 -0.029599480498151094 0.031363858974183312 0.01687297871028182 0.04838531071087674 -0.0014497108913473584
leaf_weight=2.7963912189006832 19.854992821812637 1.0778707265853871 2.4975422993302336 3.246702939271926 10.936326086521147 2.7067882381379595
leaf_count=4 189 4 5 7 13 21
internal_value=7.82991e-05 0.0262827 -0.0188041 0.0361731 0.0411717 -0.0243576
internal_weight=43.1166 18.0573 25.0593 15.2609 14.183 22.5618
internal_count=243 28 215 24 20 210
is_linear=0
shrinkage=0.03


Tree=71
num_leaves=7
num_cat=0
split_feature=105 59 115 106 14 68
split_gain=30.8558 14.7605 12.5398 0.808732 0.785136 0.0255226
threshold=25.35526275634766 7.9545319080352792 -9.1766662597656232 2.3750000000000004 4.6010847091674814 1005.9718017578126
decision_type=2 2 2 2 2 2
left_child=3 2 -2 -1 -4 -3
right_child=1 5 4 -5 -6 -7
leaf_value=-0.027482487938533067 -0.021264586506341828 -0.028193285251879207 0.047309487029719155 -0.0092225613477249536 0.075942085036142401 -0.023408995370334779
leaf_weight=18.903054744005207 2.7056075856089636 2.1030146330595008 13.427008606493471 2.4679855257272711 0.92104156687855798 1.919492036104202
leaf_count=55 14 7 133 14 11 9
internal_value=2.70615e-05 0.0257833 0.0379764 -0.0253738 0.0491475 -0.0259103
internal_weight=42.4472 21.0762 17.0537 21.371 14.3481 4.02251
internal_count=243 174 158 69 144 16
is_linear=0
shrinkage=0.03


Tree=72
num_leaves=7
num_cat=0
split_feature=115 30 117 58 68 19
split_gain=44.5577 3.7573 5.779 1.38427 3.08037 0.0303074
threshold=-8.9243469238281232 14.487994194030763 287.07450866699224 43.699926376342781 1009.2403564453126 3.3219373226165776
decision_type=2 2 2 2 2 2
left_child=1 2 -1 4 -2 -3
right_child=3 5 -4 -5 -6 -7
leaf_value=0.043954584792444643 0.029194135794488419 0.052405869875772296 -0.0093752020084989559 -0.02748182929946285 -0.027735839645529028 0.048957995625140124
leaf_weight=4.4454227760434177 1.3166694007813959 3.8704460561275464 3.1068443804979324 22.154771693050861 2.4415927976369858 5.6351968050003052
leaf_count=11 7 9 9 180 14 13
internal_value=0.000159578 0.0378119 0.0220158 -0.024626 -0.00779099 0.0503619
internal_weight=42.9709 17.0579 7.55227 25.913 3.75826 9.50564
internal_count=243 42 20 201 21 22
is_linear=0
shrinkage=0.03


Tree=73
num_leaves=7
num_cat=0
split_feature=117 115 96 106 28 90
split_gain=27.6258 10.8633 7.42501 7.27612 5.67629 0.854256
threshold=282.14941406250006 -9.1766662597656232 43.443576812744148 0.23903508484363559 61.993469238281257 6.7130537033081064
decision_type=2 2 2 2 2 2
left_child=-1 5 3 -3 -4 -2
right_child=1 2 4 -5 -6 -7
leaf_value=-0.027496687449180782 -0.02794466077831417 -0.027833406254542788 -0.029827281341757873 0.047281525036020226 0.040301963766137074 -0.0017331952918121498
leaf_weight=18.549864526838064 3.2059927619993713 1.2663324773311639 2.7368219979107371 13.902905855327843 1.6741649955511091 1.7190911620855329
leaf_count=160 15 3 17 35 6 7
internal_value=0.000123439 0.0210311 0.0310489 0.0410109 -0.00321013 -0.0187956
internal_weight=43.0552 24.5053 19.5802 15.1692 4.41099 4.92508
internal_count=243 83 61 38 23 22
is_linear=0
shrinkage=0.03


Tree=74
num_leaves=7
num_cat=0
split_feature=38 6 50 95 108 116
split_gain=48.3141 3.11702 7.19467 0.00230299 0.000513529 0.000575085
threshold=1006.3922729492189 39.013589859008796 -1.3636656403541563 0.77799722552299511 7.0646667480468759 0.00010743514940259048
decision_type=2 2 2 2 2 2
left_child=4 -2 3 -3 5 -1
right_child=1 2 -4 -5 -6 -7
leaf_value=-0.027417012607938152 0.04710661819519759 -0.027385720891476163 0.04274645014788498 -0.029813365756959278 -0.02739463481332911 -0.027969440987953207
leaf_weight=3.2950348332524326 11.386523604393007 1.4267984554171569 4.0899921394884569 0.46674053743481625 17.771123107522726 3.4947924502193928
leaf_count=21 6 17 8 8 155 28
internal_value=-0.000398192 0.0378942 0.0203632 -0.0279841 -0.0274794 -0.0277014
internal_weight=41.931 17.3701 5.98353 1.89354 24.561 6.78983
internal_count=243 39 33 25 204 49
is_linear=0
shrinkage=0.03


Tree=75
num_leaves=7
num_cat=0
split_feature=106 7 45 58 115 95
split_gain=22.3356 9.97203 7.36478 5.15155 2.44711 1.76677
threshold=0.6535087823867799 3.5688160657882695 19.103755950927738 46.096906661987312 -8.7547607421874982 1.1475200057029726
decision_type=2 2 2 2 2 2
left_child=1 -1 5 -3 -5 -2
right_child=2 3 -4 4 -6 -7
leaf_value=-0.027545632674731278 -0.027371959163425771 -0.029347876386209535 0.029778372986032618 0.021194213651301631 0.048019332946069269 -0.0014003855667687167
leaf_weight=2.7119291126728085 19.223917849361904 1.0467934608459462 2.5398105084896079 4.4583070874214163 9.762955427169798 2.6868459954857817
leaf_count=4 184 4 10 9 11 21
internal_value=8.3677e-05 0.025466 -0.0185815 0.034882 0.0396098 -0.0241871
internal_weight=42.4306 17.98 24.4506 15.2681 14.2213 21.9108
internal_count=243 28 215 24 20 205
is_linear=0
shrinkage=0.03


Tree=76
num_leaves=7
num_cat=0
split_feature=105 59 115 106 76 68
split_gain=29.2353 13.8054 11.5681 0.811912 0.697899 0.0264125
threshold=25.35526275634766 7.9545319080352792 -9.1766662597656232 2.3750000000000004 1000.5486145019532 1005.9718017578126
decision_type=2 2 2 2 2 2
left_child=3 2 -2 -1 -4 -3
right_child=1 5 4 -5 -6 -7
leaf_value=-0.027346265820397113 -0.020949685610898515 -0.028049285317342288 0.073696882456259175 -0.0089104927246863586 0.045717082661162589 -0.023117633146562386
leaf_weight=18.329849630594257 2.6399395689368292 2.0508775860071178 0.85299048572778779 2.4356321468949309 13.505310028791426 1.8672725409269331
leaf_count=55 14 7 10 14 134 9
internal_value=3.19567e-05 0.0250659 0.0367673 -0.0251839 0.0473793 -0.025699
internal_weight=41.6819 20.9164 16.9982 20.7655 14.3583 3.91815
internal_count=243 174 158 69 144 16
is_linear=0
shrinkage=0.03


Tree=77
num_leaves=7
num_cat=0
split_feature=115 30 114 48 79 19
split_gain=41.8136 3.53823 5.5972 1.55734 1.12519 0.0272222
threshold=-8.9243469238281232 14.487994194030763 12.949614048004152 23.918604850769047 -1.2191934585571287 3.3219373226165776
decision_type=2 2 2 2 2 2
left_child=1 2 -1 4 -2 -3
right_child=3 5 -4 -5 -6 -7
leaf_value=0.048170980405201222 0.002020961042949999 0.050463545269131466 -0.0034273323541679848 0.013469468679931556 -0.02739794365731069 0.04720009349563082
leaf_weight=3.6026278957724598 1.2328174374997676 3.8872918188571912 3.9850146621465683 0.93931823968887229 22.991136133670807 5.6353565752506256
leaf_count=10 7 9 10 3 191 13
internal_value=0.000172064 0.0363547 0.0210716 -0.0244311 -0.0259007 0.0485323
internal_weight=42.2736 17.1103 7.58764 25.1633 24.224 9.52265
internal_count=243 42 20 201 198 22
is_linear=0
shrinkage=0.03


Tree=78
num_leaves=7
num_cat=0
split_feature=117 106 93 77 101 79
split_gain=26.2409 10.2127 10.3067 4.00664 0.0214557 0.000999077
threshold=282.14941406250006 0.23903508484363559 15.78183174133301 20.582427978515629 -0.60742077231407154 -1.5419752001762388
decision_type=2 2 2 2 2 2
left_child=5 -2 3 -3 -4 -1
right_child=1 2 4 -5 -6 -7
leaf_value=-0.030935303726817739 -0.02763896905333519 -0.030563280940388515 -0.027691622539520792 0.038834646381636161 -0.0335876621480646 -0.027343611208353803
leaf_weight=0.069974079728129079 3.4201590567827251 0.78175173699856415 1.5753271989524367 17.729882530868053 0.85802225023507972 17.904168881475925
leaf_count=1 11 3 10 50 9 159
internal_value=0.000140284 0.0204254 0.028274 0.035904 -0.0297706 -0.0273576
internal_weight=42.3393 24.3651 20.945 18.5116 2.43335 17.9741
internal_count=243 83 72 53 19 160
is_linear=0
shrinkage=0.03


Tree=79
num_leaves=7
num_cat=0
split_feature=38 6 50 95 108 116
split_gain=45.5572 2.85243 6.69054 0.00207288 0.000544299 0.000585487
threshold=1006.3922729492189 39.013589859008796 -1.3636656403541563 0.77799722552299511 7.0646667480468759 0.00010743514940259048
decision_type=2 2 2 2 2 2
left_child=4 -2 3 -3 5 -1
right_child=1 2 -4 -5 -6 -7
leaf_value=-0.02728472992010118 0.045445117368707967 -0.027242049857948657 0.041116460596916767 -0.029577482302462044 -0.0272563258843731 -0.027849888181193487
leaf_weight=3.1938143782317665 11.354619383811952 1.3807049766182906 4.0919318385422212 0.45468336343765248 17.211173284798861 3.4124449789524078
leaf_count=21 6 17 8 8 155 28
internal_value=-0.000440293 0.0366392 0.0197702 -0.0278206 -0.0273452 -0.0275767
internal_weight=41.0994 17.2819 5.92732 1.83539 23.8174 6.60626
internal_count=243 39 33 25 204 49
is_linear=0
shrinkage=0.03


Tree=80
num_leaves=7
num_cat=0
split_feature=106 7 49 58 115 95
split_gain=21.0256 9.29232 7.10399 4.76486 2.28761 1.7316
threshold=0.6535087823867799 3.5688160657882695 8.8726692199707049 46.096906661987312 -8.7547607421874982 1.1475200057029726
decision_type=2 2 2 2 2 2
left_child=1 -1 5 -3 -5 -2
right_child=2 3 -4 4 -6 -7
leaf_value=-0.02740194572550176 -0.027218127083236589 -0.029103580095478546 0.029132064202985385 0.020426187705361237 0.04631687451845018 -0.0013844501116362588
leaf_weight=2.628223434090617 18.651545496657498 1.0155698806047428 2.5357148125767699 4.4848880171775809 9.7453259825706464 2.6693730764091006
leaf_count=4 189 4 5 9 11 21
internal_value=9.39815e-05 0.0246955 -0.0183381 0.0336766 0.038157 -0.0239838
internal_weight=41.7306 17.874 23.8566 15.2458 14.2302 21.3209
internal_count=243 28 215 24 20 210
is_linear=0
shrinkage=0.03


Tree=81
num_leaves=7
num_cat=0
split_feature=105 59 115 106 99 81
split_gain=27.73 12.9606 10.6706 0.812525 0.631851 0.0270678
threshold=25.35526275634766 7.9545319080352792 -9.1766662597656232 2.3750000000000004 22.8691520690918 33.687429428100593
decision_type=2 2 2 2 2 2
left_child=3 2 -2 -1 -4 -3
right_child=1 5 4 -5 -6 -7
leaf_value=-0.027216731895026477 -0.02060244254178745 -0.027921065317070476 0.047278081359596706 -0.0086473250180936906 0.019339339745048305 -0.022867178664383533
leaf_weight=17.767821833491329 2.5702754706144377 1.9851782917976373 13.565271385014055 2.4081488028168669 0.76986867189407426 1.8357487842440603
leaf_count=55 14 7 138 14 6 9
internal_value=3.57443e-05 0.024407 0.0356853 -0.0250003 0.0457776 -0.0254929
internal_weight=40.9023 20.7263 16.9054 20.176 14.3351 3.82093
internal_count=243 174 158 69 144 16
is_linear=0
shrinkage=0.03


Tree=82
num_leaves=7
num_cat=0
split_feature=115 30 70 48 79 26
split_gain=39.35 3.3639 5.40344 1.51369 1.10642 0.0261304
threshold=-8.9243469238281232 14.487994194030763 23.04548263549805 23.918604850769047 -1.2191934585571287 2.9714537858963017
decision_type=2 2 2 2 2 2
left_child=1 2 -1 4 -2 -3
right_child=3 5 -4 -5 -6 -7
leaf_value=-0.0090330263225476565 0.0019811964178600796 0.048845564660670616 0.042082098146982085 0.013012006850394026 -0.027263548757235145 0.045648363453893712
leaf_weight=3.2555684968829182 1.2285228036344111 3.8944045901298505 4.3460139483213425 0.94385704398155112 22.273753648623824 5.6216668486595154
leaf_count=8 7 9 12 3 191 13
internal_value=0.000187179 0.0350706 0.0201908 -0.0242388 -0.0257349 0.0469568
internal_weight=41.5638 17.1177 7.60158 24.4461 23.5023 9.51607
internal_count=243 42 20 201 198 22
is_linear=0
shrinkage=0.03


Tree=83
num_leaves=7
num_cat=0
split_feature=117 106 96 11 34 79
split_gain=24.9364 9.55534 9.58245 4.82419 1.66658 0.000847481
threshold=282.14941406250006 0.23903508484363559 44.144395828247077 2.895560741424561 -1.0000000180025095e-35 -1.5419752001762388
decision_type=2 2 2 2 2 2
left_child=5 -2 3 -3 -4 -1
right_child=1 2 4 -5 -6 -7
leaf_value=-0.030572303918070545 -0.027494982371461221 0.046708392145218353 0.01784157511673819 0.012319294501772424 -0.030184636631322499 -0.027214051835289892
leaf_weight=0.067895635962488821 3.315419718623164 12.212845988571649 0.86658200621604953 5.2493887618184081 2.6055204942822447 17.350027672946453
leaf_count=1 11 31 2 19 20 159
internal_value=0.000156668 0.0198257 0.02732 0.0363706 -0.0181981 -0.0272271
internal_weight=41.6677 24.2498 20.9343 17.4622 3.4721 17.4179
internal_count=243 83 72 50 22 160
is_linear=0
shrinkage=0.03


Tree=84
num_leaves=7
num_cat=0
split_feature=38 6 50 95 108 116
split_gain=43.0184 2.61688 6.22633 0.00186402 0.000539916 0.000606782
threshold=1006.3922729492189 39.013589859008796 -1.3636656403541563 0.77799722552299511 7.0646667480468759 0.00010743514940259048
decision_type=2 2 2 2 2 2
left_child=4 -2 3 -3 5 -1
right_child=1 2 -4 -5 -6 -7
leaf_value=-0.027149372486897829 0.043939043092427708 -0.027099824092057041 0.039622963544785082 -0.029347307311553699 -0.027128394792767022 -0.027733161239807305
leaf_weight=3.0891354475170401 11.29332208633423 1.333890192210675 4.0845923610031587 0.44223606586456288 16.677176587283611 3.329352892935276
leaf_count=21 6 17 8 8 155 28
internal_value=-0.000489241 0.035498 0.0192326 -0.0276594 -0.0272184 -0.0274522
internal_weight=40.2497 17.154 5.86072 1.77613 23.0957 6.41849
internal_count=243 39 33 25 204 49
is_linear=0
shrinkage=0.03


Tree=85
num_leaves=7
num_cat=0
split_feature=106 7 45 58 115 95
split_gain=19.8226 8.69724 6.77736 4.41154 2.15304 1.7097
threshold=0.6535087823867799 3.5688160657882695 19.103755950927738 46.096906661987312 -8.7547607421874982 1.1475200057029726
decision_type=2 2 2 2 2 2
left_child=1 -1 5 -3 -5 -2
right_child=2 3 -4 4 -6 -7
leaf_value=-0.027280822063578541 -0.027123373954263542 -0.028859209521029123 0.027846047839110127 0.019704240164192206 0.044796070667760375 -0.0013001867120391675
leaf_weight=2.5506871789693859 18.04955864511431 0.98357066512107749 2.5684142857789984 4.5072833299636832 9.7038289904594404 2.6457512453198424
leaf_count=4 184 4 10 9 11 21
internal_value=9.87921e-05 0.0239801 -0.0181177 0.0325851 0.0368378 -0.0238221
internal_weight=41.0091 17.7454 23.2637 15.1947 14.2111 20.6953
internal_count=243 28 215 24 20 205
is_linear=0
shrinkage=0.03


Tree=86
num_leaves=7
num_cat=0
split_feature=105 59 115 106 99 81
split_gain=26.2815 12.2062 9.8757 0.812352 0.589377 0.0281259
threshold=25.35526275634766 7.9545319080352792 -9.1766662597656232 2.3750000000000004 22.8691520690918 33.687429428100593
decision_type=2 2 2 2 2 2
left_child=3 2 -2 -1 -4 -3
right_child=1 5 4 -5 -6 -7
leaf_value=-0.027090084450148388 -0.020265389218540149 -0.027807067365052018 0.045789451521465498 -0.0083951312757835923 0.0187739024345271 -0.022592481981241332
leaf_weight=17.207015514373783 2.5035029575228736 1.9429752081632607 13.499939180910586 2.3813973665237418 0.76814246922731477 1.7871874570846555
leaf_count=55 14 7 138 14 6 9
internal_value=3.25339e-05 0.0237753 0.0346921 -0.0248173 0.044335 -0.0253087
internal_weight=40.0902 20.5017 16.7716 19.5884 14.2681 3.73016
internal_count=243 174 158 69 144 16
is_linear=0
shrinkage=0.03


Tree=87
num_leaves=7
num_cat=0
split_feature=115 30 70 48 79 26
split_gain=37.0476 3.19264 5.08572 1.48584 1.09193 0.0249883
threshold=-8.9243469238281232 14.487994194030763 23.04548263549805 23.918604850769047 -1.2191934585571287 2.9714537858963017
decision_type=2 2 2 2 2 2
left_child=1 2 -1 4 -2 -3
right_child=3 5 -4 -5 -6 -7
leaf_value=-0.0090198038481329162 0.0020253576323041151 0.047331591281120591 0.040561683865042109 0.012817371348859326 -0.02713488005911871 0.044201668366356729
leaf_weight=3.2480826452374485 1.2211528234183848 3.8932550549507123 4.3627746552228928 0.9449838250875463 21.571020364761353 5.5945360362529755
leaf_count=8 7 9 12 3 191 13
internal_value=0.000207774 0.0338756 0.0194018 -0.0240442 -0.0255725 0.045486
internal_weight=40.8358 17.0986 7.61086 23.7372 22.7922 9.48779
internal_count=243 42 20 201 198 22
is_linear=0
shrinkage=0.03


Tree=88
num_leaves=7
num_cat=0
split_feature=117 115 96 106 28 26
split_gain=23.7169 8.98062 6.1613 5.76133 5.6882 1.06449
threshold=282.14941406250006 -9.1766662597656232 43.443576812744148 0.23903508484363559 62.238977432250984 3.1561366319656377
decision_type=2 2 2 2 2 2
left_child=-1 5 3 -3 -4 -2
right_child=1 2 4 -5 -6 -7
leaf_value=-0.027101546001708676 -0.027660732065649594 -0.02736288729748193 -0.029853291421280147 0.042574724159749083 0.041528742412244975 0.0033916587910680245
leaf_weight=16.869205221533775 3.2284632213413742 1.1471054255962396 2.711149636656045 13.975370828062294 1.5962534993886945 1.4352590441703794
leaf_count=160 15 3 18 35 5 7
internal_value=0.000179378 0.0192802 0.0282536 0.0372697 -0.00340027 -0.0181044
internal_weight=40.9628 24.0936 19.4299 15.1225 4.3074 4.66372
internal_count=243 83 61 38 23 22
is_linear=0
shrinkage=0.03


Tree=89
num_leaves=7
num_cat=0
split_feature=38 6 79 108 116 61
split_gain=40.6595 2.40862 6.28743 0.000571454 0.000638308 0.000536725
threshold=1006.3922729492189 39.013589859008796 -0.85992479324340809 7.0646667480468759 0.00010743514940259048 1008.8778381347657
decision_type=2 2 2 2 2 2
left_child=3 -2 -3 4 -1 -4
right_child=1 2 5 -5 -6 -7
leaf_value=-0.027024081186269894 0.042569211395963688 0.039961671797052678 -0.026990201523931785 -0.027002631528820716 -0.027631289972606773 -0.028099903585008298
leaf_weight=2.9889134522527483 11.205231904983522 3.9610313698649415 1.2542851343750934 16.141968283802271 3.2548317722976208 0.57076946645975102
leaf_count=21 6 5 16 155 28 12
internal_value=-0.000538083 0.0344526 0.0187342 -0.0270969 -0.0273406 -0.0273373
internal_weight=39.377 16.9913 5.78609 22.3857 6.24375 1.82505
internal_count=243 39 33 204 49 28
is_linear=0
shrinkage=0.03


Tree=90
num_leaves=7
num_cat=0
split_feature=106 117 49 65 95 35
split_gain=18.6787 8.14137 6.44467 3.87578 1.67891 3.92086
threshold=0.6535087823867799 191.28865051269534 8.8726692199707049 0.39752513170242315 1.1475200057029726 0.027416908182203773
decision_type=2 2 2 2 2 2
left_child=1 -1 4 -3 -2 -6
right_child=2 3 -4 -5 5 -7
leaf_value=-0.027162972407693532 -0.026974852539458655 0.044523871511684146 0.026864695796801175 0.01376587608449548 0.049853509044445535 -0.027562830889653816
leaf_weight=2.4732607007026699 17.480300977826126 8.7414351701736432 2.5666844323277465 6.3768424838781348 0.89214742183685247 1.7315542101860044
leaf_count=4 189 10 5 14 1 20
internal_value=9.88283e-05 0.0232955 -0.0179009 0.0315502 -0.0236161 -0.00123865
internal_weight=40.2622 17.5915 22.6707 15.1183 20.104 2.6237
internal_count=243 28 215 24 210 21
is_linear=0
shrinkage=0.03


Tree=91
num_leaves=7
num_cat=0
split_feature=105 59 115 106 99 81
split_gain=24.9596 11.4991 9.15045 0.81352 0.554592 0.0289175
threshold=25.35526275634766 7.9545319080352792 -9.1766662597656232 2.3750000000000004 22.8691520690918 33.687429428100593
decision_type=2 2 2 2 2 2
left_child=3 2 -2 -1 -4 -3
right_child=1 5 4 -5 -6 -7
leaf_value=-0.026970290544790904 -0.019914925181368785 -0.02767638296535883 0.044458892496256439 -0.0081270628474632567 0.018215839072814835 -0.022319145070277761
leaf_weight=16.66326799988747 2.4350116923451468 1.893559962511062 13.402938611805437 2.3532667979598036 0.76617883145809251 1.7401929348707197
leaf_count=55 14 7 138 14 6 9
internal_value=3.97022e-05 0.0232286 0.0338075 -0.0246385 0.0430398 -0.0251108
internal_weight=39.2544 20.2379 16.6041 19.0165 14.1691 3.63375
internal_count=243 174 158 69 144 16
is_linear=0
shrinkage=0.03


Tree=92
num_leaves=7
num_cat=0
split_feature=115 30 114 29 79 26
split_gain=34.8449 3.05271 4.89541 1.49934 1.07646 0.0222949
threshold=-8.9243469238281232 14.487994194030763 12.949614048004152 5.2676084041595468 -1.2191934585571287 2.9714537858963017
decision_type=2 2 2 2 2 2
left_child=1 2 -1 4 -2 -3
right_child=3 5 -4 -5 -6 -7
leaf_value=0.043856970328582691 0.0020600977398261989 0.045872672861432838 -0.0043119184573846324 0.013730387586110523 -0.027000108112698987 0.042909821704984509
leaf_weight=3.6209071427583721 1.2138445898890555 3.8831077516078931 3.9927917644381523 0.91762945428490539 20.898026050999761 5.5565768778324127
leaf_count=10 7 9 10 5 189 13
internal_value=0.000224454 0.0327293 0.0185961 -0.0238455 -0.0254048 0.0441286
internal_weight=40.0829 17.0534 7.6137 23.0295 22.1119 9.43968
internal_count=243 42 20 201 196 22
is_linear=0
shrinkage=0.03


Tree=93
num_leaves=7
num_cat=0
split_feature=117 106 96 11 34 101
split_gain=22.5734 8.42369 8.38202 4.25083 1.61803 0.000586643
threshold=282.14941406250006 0.23903508484363559 44.144395828247077 2.895560741424561 -1.0000000180025095e-35 -0.21977628022432324
decision_type=2 2 2 2 2 2
left_child=5 -2 3 -3 -4 -1
right_child=1 2 4 -5 -6 -7
leaf_value=-0.027144879353916317 -0.027226375158425627 0.043751035289385544 0.017891722966851296 0.011334554423667105 -0.029894689022294085 -0.026783695575499315
leaf_weight=8.9183231499046105 3.1121946126222637 12.201858650892978 0.8560728728771213 5.1889302358031264 2.4999987334012976 7.4100084342062464
leaf_count=76 11 31 2 19 20 84
internal_value=0.000197826 0.0187981 0.0257021 0.0340789 -0.0177052 -0.026981
internal_weight=40.1874 23.8591 20.7469 17.3908 3.35607 16.3283
internal_count=243 83 72 50 22 160
is_linear=0
shrinkage=0.03


Tree=94
num_leaves=7
num_cat=0
split_feature=38 6 50 95 108 116
split_gain=38.4698 2.21651 5.474 0.00187993 0.000618551 0.000671747
threshold=1006.3922729492189 39.013589859008796 -1.3636656403541563 0.77799722552299511 7.0646667480468759 0.00010743514940259048
decision_type=2 2 2 2 2 2
left_child=4 -2 3 -3 5 -1
right_child=1 2 -4 -5 -6 -7
leaf_value=-0.026905610006015053 0.04131921617365189 -0.026829352548298564 0.037214062212272261 -0.029140217256426165 -0.026879843671770178 -0.0275372690497987
leaf_weight=2.8913993258029249 11.092837810516359 1.241991605609656 4.0294753238558751 0.42534303665161122 15.610388450324534 3.1836420893669128
leaf_count=21 6 17 8 8 155 28
internal_value=-0.000584388 0.0335078 0.0182974 -0.0274189 -0.0269798 -0.0272366
internal_weight=38.4751 16.7896 5.69681 1.66733 21.6854 6.07504
internal_count=243 39 33 25 204 49
is_linear=0
shrinkage=0.03


Tree=95
num_leaves=7
num_cat=0
split_feature=106 117 45 57 95 35
split_gain=17.6308 7.60829 6.17027 3.6811 1.63683 3.67334
threshold=0.6535087823867799 191.28865051269534 19.103755950927738 -0.76885566115379322 1.1475200057029726 0.027416908182203773
decision_type=2 2 2 2 2 2
left_child=1 -1 4 -3 -2 -6
right_child=2 3 -4 -5 5 -7
leaf_value=-0.027034370856114855 -0.026891726191694078 0.043259838384538563 0.025781823676721171 0.013228781889418071 0.047937161985404333 -0.027405080245300816
leaf_weight=2.393738433718684 16.905733522027738 8.6777756810188293 2.5903997942805281 6.3700817078351948 0.89338082075118963 1.6731669306755064
leaf_count=4 184 10 10 14 1 20
internal_value=0.000103486 0.0226444 -0.0177162 0.030547 -0.0235027 -0.00117946
internal_weight=39.5043 17.4416 22.0627 15.0479 19.4723 2.56655
internal_count=243 28 215 24 205 21
is_linear=0
shrinkage=0.03


Tree=96
num_leaves=7
num_cat=0
split_feature=105 59 115 106 106 81
split_gain=23.6732 10.8585 8.4901 0.813729 0.528758 0.0300105
threshold=25.35526275634766 7.9545319080352792 -9.1766662597656232 2.3750000000000004 3.1732456684112553 33.687429428100593
decision_type=2 2 2 2 2 2
left_child=3 2 -2 -1 -4 -3
right_child=1 5 4 -5 -6 -7
leaf_value=-0.026853207087072301 -0.019566035140911448 -0.027568970043901068 0.020229930305857464 -0.0078771940524061355 0.043396334457519545 -0.022043210111331698
leaf_weight=16.123758181929592 2.3692804202437445 1.8521859347820275 0.951126769185067 2.3273921087384215 13.092831701040266 1.6932186186313627
leaf_count=55 14 7 8 14 136 9
internal_value=3.56664e-05 0.0226808 0.0329651 -0.0244596 0.0418274 -0.02493
internal_weight=38.4098 19.9586 16.4132 18.4512 14.044 3.5454
internal_count=243 174 158 69 144 16
is_linear=0
shrinkage=0.03


Tree=97
num_leaves=7
num_cat=0
split_feature=115 70 26 79 89 72
split_gain=32.9171 2.91994 1.62557 1.06294 0.600707 0.00163053
threshold=-8.9243469238281232 23.04548263549805 4.0565557479858407 -1.2191934585571287 1.3483381271362307 2.6878297328948979
decision_type=2 2 2 2 2 2
left_child=1 -1 3 -2 -3 -5
right_child=2 4 -4 5 -6 -7
leaf_value=0.015378380475071616 0.0020836285159733185 0.047104095469882187 0.016974572699745651 -0.026829884277285516 0.03268495144136678 -0.027980915063464371
leaf_weight=6.2112141624093082 1.2067993842065394 6.3624849617481214 0.85229172930121322 19.118615038692955 4.3975850194692612 1.175755888223647
leaf_count=15 7 15 9 180 12 5
internal_value=0.00025646 0.0317567 -0.0236593 -0.02527 0.0412111 -0.0268966
internal_weight=39.3247 16.9713 22.3535 21.5012 10.7601 20.2944
internal_count=243 42 201 192 27 185
is_linear=0
shrinkage=0.03


Tree=98
num_leaves=7
num_cat=0
split_feature=117 106 96 11 90 101
split_gain=21.4548 7.91683 7.77051 3.99946 1.72364 0.000600207
threshold=282.14941406250006 0.23903508484363559 44.144395828247077 2.895560741424561 7.3686149120330819 -0.21977628022432324
decision_type=2 2 2 2 2 2
left_child=5 -2 3 -3 -4 -1
right_child=1 2 4 -5 -6 -7
leaf_value=-0.027032116613173163 -0.027102371875027519 0.042340769983275704 0.020797256238621203 0.010863549433217068 -0.029720989020367274 -0.026660562053014751
leaf_weight=8.6462844517081958 3.0168054252862957 12.167692597955471 0.80483695864677374 5.1792283207178107 2.4834022969007492 7.1475199013948432
leaf_count=76 11 31 3 19 19 84
internal_value=0.000211345 0.0182911 0.0249275 0.0329427 -0.017356 -0.026864
internal_weight=39.4458 23.652 20.6352 17.3469 3.28824 15.7938
internal_count=243 83 72 50 22 160
is_linear=0
shrinkage=0.03


Tree=99
num_leaves=7
num_cat=0
split_feature=38 6 50 95 108 116
split_gain=36.4181 2.05357 5.11442 0.00169567 0.000600613 0.000734553
threshold=1006.3922729492189 39.013589859008796 -1.3636656403541563 0.77799722552299511 7.0646667480468759 0.00013462694914778697
decision_type=2 2 2 2 2 2
left_child=4 -2 3 -3 5 -1
right_child=1 2 -4 -5 -6 -7
leaf_value=-0.026961849712666842 0.040176463633957001 -0.026702269826888971 0.036040444542612883 -0.028930826491666142 -0.026767902141753164 -0.027812638956010924
leaf_weight=4.7638977728784111 10.958692550659181 1.1975223794579513 3.998128265142439 0.41334520652890194 15.10953316092491 1.12994634732604
leaf_count=39 6 17 8 8 155 10
internal_value=-0.000635594 0.0326202 0.0178569 -0.0272741 -0.0268681 -0.027125
internal_weight=37.5711 16.5677 5.609 1.61087 21.0034 5.89384
internal_count=243 39 33 25 204 49
is_linear=0
shrinkage=0.03


Tree=100
num_leaves=7
num_cat=0
split_feature=106 58 49 13 95 35
split_gain=16.6554 7.24206 5.88676 2.92348 1.58843 3.44579
threshold=0.6535087823867799 46.096906661987312 8.8726692199707049 43.543039321899421 1.1475200057029726 0.027416908182203773
decision_type=2 2 2 2 2 2
left_child=1 -1 4 -3 -2 -6
right_child=2 3 -4 -5 5 -7
leaf_value=-0.027449962099641925 -0.026755254160440712 -3.3057646577134795e-05 0.024913493714411743 0.035584540459992348 0.046210754538387598 -0.027251652329993003
leaf_weight=2.3060410320758846 16.375610202550895 2.4875216335058203 2.585877612233161 12.476787716150282 0.89204299449920599 1.6150468103587625
leaf_count=6 189 5 5 17 1 20
internal_value=0.000105752 0.0220376 -0.0175373 0.0296638 -0.0233507 -0.00111313
internal_weight=38.7389 17.2704 21.4686 14.9643 18.8827 2.50709
internal_count=243 28 215 22 210 21
is_linear=0
shrinkage=0.03


Tree=101
num_leaves=7
num_cat=0
split_feature=105 59 115 106 99 81
split_gain=22.4694 10.2677 7.91549 0.815037 0.508495 0.0310047
threshold=25.35526275634766 7.9545319080352792 -9.1766662597656232 2.3750000000000004 22.8691520690918 33.687429428100593
decision_type=2 2 2 2 2 2
left_child=3 2 -2 -1 -4 -3
right_child=1 5 4 -5 -6 -7
leaf_value=-0.026741526222193297 -0.019241801702051555 -0.027461963034485948 0.042110392014423834 -0.0076118171395594264 0.016855355475568809 -0.021775296440480194
leaf_weight=15.600631043314936 2.3098384663462683 1.8102427870035165 13.138994038105009 2.3000084906816474 0.75896567851305086 1.6488416790962217
leaf_count=55 14 7 138 14 6 9
internal_value=3.53126e-05 0.0221702 0.0321842 -0.0242836 0.0407312 -0.0247513
internal_weight=37.5675 19.6669 16.2078 17.9006 13.898 3.45908
internal_count=243 174 158 69 144 16
is_linear=0
shrinkage=0.03


Tree=102
num_leaves=7
num_cat=0
split_feature=115 30 70 54 79 34
split_gain=31.0792 2.89812 4.5092 1.60787 1.046 0.0213416
threshold=-8.9243469238281232 14.487994194030763 23.04548263549805 27.98136138916016 -1.2191934585571287 1.7974103689193728
decision_type=2 2 2 2 2 2
left_child=1 2 -1 4 -2 -3
right_child=3 5 -4 -5 -6 -7
leaf_value=-0.0097177389022362944 0.0020887185085794839 0.043873893911298381 0.036972631031443479 0.017560441614891686 -0.02676083906538337 0.040896304702487035
leaf_weight=3.2490573823452022 1.2001062780618728 3.4295754730701429 4.3594020828604698 0.82657523825764556 19.665837503969669 5.8819128274917603
leaf_count=8 7 8 12 6 188 14
internal_value=0.000294459 0.0307697 0.0170343 -0.023476 -0.0251016 0.041993
internal_weight=38.6125 16.9199 7.60846 21.6925 20.8659 9.31149
internal_count=243 42 20 201 195 22
is_linear=0
shrinkage=0.03


Tree=103
num_leaves=7
num_cat=0
split_feature=117 115 96 28 106 48
split_gain=20.3931 7.47584 5.06617 5.00946 4.7073 1.08485
threshold=282.14941406250006 -9.1766662597656232 43.443576812744148 62.238977432250984 0.23903508484363559 23.394280433654789
decision_type=2 2 2 2 2 2
left_child=-1 5 4 -4 -3 -2
right_child=1 2 3 -5 -6 -7
leaf_value=-0.026751797749237374 -0.027387225050544473 -0.027015896609900718 -0.029423023738361566 0.038337137115077906 0.038791062880235025 0.0048115716965558674
leaf_weight=15.271383872255681 3.0404546409845379 1.0528087615966821 2.5526730604469767 1.5957934781908987 13.822989068925379 1.3643218129873274
leaf_count=160 15 3 18 5 35 7
internal_value=0.00022208 0.017804 0.0259583 -0.00335768 0.0341337 -0.0174141
internal_weight=38.7004 23.429 19.0243 4.14847 14.8758 4.40478
internal_count=243 83 61 23 38 22
is_linear=0
shrinkage=0.03


Tree=104
num_leaves=7
num_cat=0
split_feature=38 6 35 95 108 116
split_gain=34.5057 1.90781 4.81099 0.00135764 0.000611093 0.000795
threshold=1006.3922729492189 39.013589859008796 1.1322103142738345 0.75798758864402782 7.0646667480468759 0.00013462694914778697
decision_type=2 2 2 2 2 2
left_child=4 -2 3 -3 5 -1
right_child=1 2 -4 -5 -6 -7
leaf_value=-0.026850715013570194 0.039128282505636387 -0.026638434708488659 0.035046991033039425 -0.028677011441278571 -0.026658547371276538 -0.027744539577826691
leaf_weight=4.6152895707637098 10.805046081542971 1.1680915392935265 3.9546662569046021 0.39291787520050991 14.615655513480304 1.1112075783312318
leaf_count=39 6 17 8 8 155 10
internal_value=-0.000692464 0.0318 0.017444 -0.0271516 -0.0267615 -0.0270242
internal_weight=36.6629 16.3207 5.51568 1.56101 20.3422 5.7265
internal_count=243 39 33 25 204 49
is_linear=0
shrinkage=0.03


Tree=105
num_leaves=7
num_cat=0
split_feature=106 117 45 50 95 35
split_gain=15.7012 6.76157 5.63506 3.38885 1.54326 3.23963
threshold=0.6535087823867799 191.28865051269534 19.103755950927738 -0.51903694868087757 1.1475200057029726 0.027416908182203773
decision_type=2 2 2 2 2 2
left_child=1 -1 4 -3 -2 -6
right_child=2 3 -4 -5 5 -7
leaf_value=-0.026856960078737214 -0.026679261969649055 0.04116901697820205 0.02395528341216753 0.012171226901401882 0.044647414418024292 -0.027113210740858727
leaf_weight=2.2652068287134197 15.814933570101863 8.4986056089401245 2.600258767604827 6.3278178125619862 0.8883450031280512 1.561309292912483
leaf_count=4 184 10 10 14 1 20
internal_value=9.87804e-05 0.0214175 -0.0173646 0.028793 -0.0232472 -0.00108987
internal_weight=37.9565 17.0916 20.8648 14.8264 18.2646 2.44965
internal_count=243 28 215 24 205 21
is_linear=0
shrinkage=0.03


Tree=106
num_leaves=7
num_cat=0
split_feature=105 59 115 106 106 81
split_gain=21.3501 9.68872 7.37061 0.816341 0.49479 0.0319156
threshold=25.35526275634766 7.9545319080352792 -9.1766662597656232 2.3750000000000004 3.1732456684112553 33.687429428100593
decision_type=2 2 2 2 2 2
left_child=3 2 -2 -1 -4 -3
right_child=1 5 4 -5 -6 -7
leaf_value=-0.026634358204214604 -0.018896569088789034 -0.027340330739846219 0.018640733917940418 -0.0073505156289658067 0.041252319621018871 -0.021489508643602506
leaf_weight=15.089943222701551 2.2473586946725854 1.761341139674186 0.93460868299007493 2.2733795270323744 12.790296390652655 1.6025398075580595
leaf_count=55 14 7 8 14 136 9
internal_value=3.73006e-05 0.0217205 0.031466 -0.0241095 0.0397126 -0.024553
internal_weight=36.6995 19.3361 15.9723 17.3633 13.7249 3.36388
internal_count=243 174 158 69 144 16
is_linear=0
shrinkage=0.03


Tree=107
num_leaves=7
num_cat=0
split_feature=115 30 114 26 79 34
split_gain=29.3119 2.79223 4.34959 1.59266 1.03255 0.0215366
threshold=-8.9243469238281232 14.487994194030763 12.949614048004152 4.0565557479858407 -1.2191934585571287 1.7974103689193728
decision_type=2 2 2 2 2 2
left_child=1 2 -1 4 -2 -3
right_child=3 5 -4 -5 -6 -7
leaf_value=0.040309360910742387 0.0020925503285557285 0.042849379714304185 -0.0051883384749285937 0.017044344527097698 -0.026677313142254414 0.039845107576689263
leaf_weight=3.5955424085259464 1.1932966113090575 3.4066190123558027 3.9892459884285927 0.84580768272280593 18.988975886255503 5.810455709695816
leaf_count=10 7 8 10 9 185 14
internal_value=0.000318917 0.0298613 0.0163797 -0.0232861 -0.0249763 0.0409555
internal_weight=37.8299 16.8019 7.58479 21.0281 20.1823 9.21707
internal_count=243 42 20 201 192 22
is_linear=0
shrinkage=0.03


Tree=108
num_leaves=7
num_cat=0
split_feature=117 106 96 11 90 101
split_gain=19.4255 7.05955 6.77253 3.60557 1.65585 0.000626347
threshold=282.14941406250006 0.23903508484363559 44.144395828247077 2.895560741424561 7.3686149120330819 -0.21977628022432324
decision_type=2 2 2 2 2 2
left_child=5 -2 3 -3 -4 -1
right_child=1 2 4 -5 -6 -7
leaf_value=-0.026821485220650306 -0.026879567125093946 0.040019808498980014 0.020540548878093406 0.0099332782779898744 -0.029436971060184017 -0.026428678160488706
leaf_weight=8.1243210807442647 2.841897755861285 12.020577821880584 0.7989420741796488 5.1082835905253878 2.3562998436391354 6.638809183612465
leaf_count=76 11 31 3 19 19 84
internal_value=0.000240209 0.017403 0.0236072 0.0310472 -0.0167821 -0.0266448
internal_weight=37.8891 23.126 20.2841 17.1289 3.15524 14.7631
internal_count=243 83 72 50 22 160
is_linear=0
shrinkage=0.03


Tree=109
num_leaves=7
num_cat=0
split_feature=38 6 50 95 108 116
split_gain=32.7142 1.77333 4.52694 0.00155741 0.000635524 0.000821487
threshold=1006.3922729492189 39.013589859008796 -1.3636656403541563 0.77799722552299511 7.0646667480468759 0.00013462694914778697
decision_type=2 2 2 2 2 2
left_child=4 -2 3 -3 5 -1
right_child=1 2 -4 -5 -6 -7
leaf_value=-0.026749081948982005 0.038163327912425188 -0.026470010871003796 0.034109145086153675 -0.028660231714097963 -0.026550434317820216 -0.027667541944821666
leaf_weight=4.4746436811983612 10.63387167453766 1.1136767007410533 3.9128208048641664 0.39612313918769348 14.11995787732303 1.0899218171834943
leaf_count=39 6 17 8 8 155 10
internal_value=-0.000735407 0.0310438 0.0170823 -0.0270447 -0.0266574 -0.026929
internal_weight=35.741 16.0565 5.42262 1.5098 19.6845 5.56457
internal_count=243 39 33 25 204 49
is_linear=0
shrinkage=0.03


Tree=110
num_leaves=7
num_cat=0
split_feature=106 58 45 102 95 35
split_gain=14.8163 6.42011 5.37546 2.67091 1.49716 3.04665
threshold=0.6535087823867799 46.096906661987312 19.103755950927738 0.27504873275756841 1.1475200057029726 0.027416908182203773
decision_type=2 2 2 2 2 2
left_child=1 -1 4 -3 -2 -6
right_child=2 3 -4 -5 5 -7
leaf_value=-0.027233601910444605 -0.026576844075952021 0.014857577762442904 0.023019382550921532 0.04043231927007046 0.04322522746324204 -0.026973938348723497
leaf_weight=2.1771160960197475 15.285205086693173 7.1712071746587736 2.6071993336081496 7.5387001633644104 0.8824812769889826 1.5059355199337003
leaf_count=6 184 13 10 9 1 20
internal_value=9.0703e-05 0.0208481 -0.0171932 0.0279644 -0.0231253 -0.00103648
internal_weight=37.1678 16.887 20.2808 14.7099 17.6736 2.38842
internal_count=243 28 215 22 205 21
is_linear=0
shrinkage=0.03


Tree=111
num_leaves=7
num_cat=0
split_feature=105 59 115 69 81 39
split_gain=20.3057 10.2918 7.17299 1.94665 0.0361824 0.000999035
threshold=24.971490859985355 7.9545319080352792 -9.1766662597656232 25.395211219787601 35.988677978515632 26.737955093383793
decision_type=2 2 2 2 2 2
left_child=5 2 -2 -4 -3 -1
right_child=1 4 3 -5 -6 -7
leaf_value=-0.026969247253197017 -0.019187571815523843 -0.027243332631600656 0.0091648322378471633 0.041443521510677185 -0.021345800144888315 -0.026416781419269168
leaf_weight=4.0260656848549834 2.3632713407278088 2.3070207387208934 1.9393178075552011 12.648901887238024 1.5757627487182615 10.979639686644076
leaf_count=19 15 10 15 137 9 38
internal_value=4.26777e-05 0.0192066 0.0292979 0.0371525 -0.0248499 -0.026565
internal_weight=35.84 20.8343 16.9515 14.5882 3.88278 15.0057
internal_count=243 186 167 152 19 57
is_linear=0
shrinkage=0.03


Tree=112
num_leaves=7
num_cat=0
split_feature=115 30 70 54 45 34
split_gain=27.7516 2.67923 4.15548 1.58523 1.05092 0.0208968
threshold=-8.9243469238281232 14.487994194030763 23.04548263549805 27.98136138916016 1.2503336071968081 1.7974103689193728
decision_type=2 2 2 2 2 2
left_child=1 2 -1 4 -2 -3
right_child=3 5 -4 -5 -6 -7
leaf_value=-0.0099173905576672699 0.0021757024613365868 0.041896917130956488 0.035084288561866392 0.017814563340695314 -0.026606296671306102 0.038923457387963656
leaf_weight=3.2240226417779949 1.2174605876207412 3.3815327286720258 4.3229710683226585 0.81782336905598541 18.359632456675172 5.73434779047966
leaf_count=8 7 8 12 6 188 14
internal_value=0.00035909 0.0290809 0.0158599 -0.0231069 -0.0248164 0.0400265
internal_weight=37.0578 16.6629 7.54699 20.3949 19.5771 9.11588
internal_count=243 42 20 201 195 22
is_linear=0
shrinkage=0.03


Tree=113
num_leaves=7
num_cat=0
split_feature=117 106 96 11 69 101
split_gain=18.4758 6.65713 6.29292 3.41242 2.12882 0.000639429
threshold=282.14941406250006 0.23903508484363559 44.144395828247077 2.895560741424561 25.380999565124515 -0.21977628022432324
decision_type=2 2 2 2 2 2
left_child=5 -2 3 -3 -4 -1
right_child=1 2 4 -5 -6 -7
leaf_value=-0.026723140075921532 -0.026772630104401191 0.038891285005633235 0.032549698492780929 0.0095491097249599775 -0.029096757971381407 -0.026319217842182951
leaf_weight=7.8702983334660512 2.7539120167493847 11.925171226263052 0.63450738787651007 5.0895635373890391 2.4540873784571886 6.3920227345079184
leaf_count=76 11 31 2 19 20 84
internal_value=0.000251929 0.0169707 0.022963 0.0301143 -0.0164324 -0.0265421
internal_weight=37.1196 22.8572 20.1033 17.0147 3.08859 14.2623
internal_count=243 83 72 50 22 160
is_linear=0
shrinkage=0.03


Tree=114
num_leaves=7
num_cat=0
split_feature=38 6 35 95 108 116
split_gain=31.0295 1.65632 4.25147 0.00114097 0.000617012 0.000868074
threshold=1006.3922729492189 39.013589859008796 1.1322103142738345 0.75798758864402782 7.0646667480468759 0.00013462694914778697
decision_type=2 2 2 2 2 2
left_child=4 -2 3 -3 5 -1
right_child=1 2 -4 -5 -6 -7
leaf_value=-0.026641952837512823 0.037274972412747222 -0.026422727155299374 0.033196049410366649 -0.028348445876343914 -0.026452228537003263 -0.02759646030374447
leaf_weight=4.3256096169352558 10.447623848915098 1.0877028517425049 3.8616487346589565 0.37147519551217545 13.653169106692074 1.0695386379957197
leaf_count=39 6 17 8 8 155 10
internal_value=-0.000791554 0.0303362 0.0167118 -0.026913 -0.0265596 -0.0268312
internal_weight=34.8168 15.7685 5.32083 1.45918 19.0483 5.39515
internal_count=243 39 33 25 204 49
is_linear=0
shrinkage=0.03


Tree=115
num_leaves=7
num_cat=0
split_feature=106 117 49 57 95 35
split_gain=13.9679 6.05472 5.16545 3.15109 1.4474 2.86921
threshold=0.6535087823867799 191.28865051269534 8.8726692199707049 -0.76885566115379322 1.1475200057029726 0.027416908182203773
decision_type=2 2 2 2 2 2
left_child=1 -1 4 -3 -2 -6
right_child=2 3 -4 -5 5 -7
leaf_value=-0.026708186448120522 -0.026455480028736107 0.039380193223338127 0.022481078517404329 0.011167692943794551 0.041926137013754805 -0.026843710860690258
leaf_weight=2.1496928334236172 14.786259673535829 8.2766106724739075 2.5880184397101393 6.25636453926563 0.87463253736495916 1.4532823506742714
leaf_count=4 189 10 5 14 1 20
internal_value=8.38703e-05 0.0202839 -0.0170203 0.0272349 -0.0229938 -0.00100585
internal_weight=36.3849 16.6827 19.7022 14.533 17.1142 2.32791
internal_count=243 28 215 24 210 21
is_linear=0
shrinkage=0.03


Tree=116
num_leaves=7
num_cat=0
split_feature=105 59 115 69 24 81
split_gain=19.3434 9.75843 6.69557 1.8078 0.874612 0.0377319
threshold=24.971490859985355 7.9545319080352792 -8.9243469238281232 25.334353446960453 27.244830131530765 35.988677978515632
decision_type=2 2 2 2 2 2
left_child=-1 2 4 -4 -2 -3
right_child=1 5 3 -5 -6 -7
leaf_value=-0.026464156386768752 -0.027182843202415031 -0.027149584738957164 0.002338181575210852 0.040434917185180927 0.0081028091450164631 -0.02104451539619135
leaf_weight=14.501671783626078 1.732401281595233 2.253803044557571 1.229255780577662 12.733360201120375 0.99550266563892353 1.5293551757931707
leaf_count=57 10 10 9 140 8 9
internal_value=4.49602e-05 0.0188216 0.0286822 0.0370809 -0.0143059 -0.0246816
internal_weight=34.9753 20.4737 16.6905 13.9626 2.7279 3.78316
internal_count=243 186 167 149 18 19
is_linear=0
shrinkage=0.03


Tree=117
num_leaves=7
num_cat=0
split_feature=115 30 114 74 45 34
split_gain=26.239 2.57394 3.98931 1.57343 1.03743 0.0196216
threshold=-8.9243469238281232 14.487994194030763 12.949614048004152 7.5901935100555429 1.2503336071968081 1.7974103689193728
decision_type=2 2 2 2 2 2
left_child=1 2 -1 4 -2 -3
right_child=3 5 -4 -5 -6 -7
leaf_value=0.038399470833079437 0.0022141013283836206 0.04095017857084067 -0.0053856322257677001 0.017713840112378861 -0.026519234195597922 0.038052143455898239
leaf_weight=3.5566665828228023 1.2079162839800179 3.3493033051490766 3.9556639641523361 0.82181042805313964 17.739796001464128 5.6491113305091858
leaf_count=10 7 8 10 3 191 14
internal_value=0.00039062 0.028308 0.0153442 -0.0229249 -0.0246875 0.0391308
internal_weight=36.2803 16.5107 7.51233 19.7695 18.9477 8.99841
internal_count=243 42 20 201 198 22
is_linear=0
shrinkage=0.03


Tree=118
num_leaves=7
num_cat=0
split_feature=117 115 96 28 106 26
split_gain=17.5753 6.27673 4.19863 4.41724 3.87643 1.06753
threshold=282.14941406250006 -9.1766662597656232 43.443576812744148 62.238977432250984 0.23903508484363559 3.1561366319656377
decision_type=2 2 2 2 2 2
left_child=-1 5 4 -4 -3 -2
right_child=1 2 3 -5 -6 -7
leaf_value=-0.026443121011514772 -0.027142462758842103 -0.026685828434188614 -0.029023142784949107 0.035668441111882838 0.03573085282113711 0.0055040862920646607
leaf_weight=13.777176983654497 2.8315539844334152 0.95922949910164135 2.3861984182149167 1.5782394260168073 13.482007153332232 1.3224965780973432
leaf_count=160 15 3 18 5 35 7
internal_value=0.000255288 0.01656 0.0240776 -0.00326948 0.031585 -0.016749
internal_weight=36.3369 22.5597 18.4057 3.96444 14.4412 4.15405
internal_count=243 83 61 23 38 22
is_linear=0
shrinkage=0.03


Tree=119
num_leaves=7
num_cat=0
split_feature=38 6 50 95 108 116
split_gain=29.4643 1.55396 4.03477 0.00125329 0.000609199 0.000897451
threshold=1006.3922729492189 39.013589859008796 -1.3636656403541563 0.75798758864402782 7.0646667480468759 0.00013462694914778697
decision_type=2 2 2 2 2 2
left_child=4 -2 3 -3 5 -1
right_child=1 2 -4 -5 -6 -7
leaf_value=-0.026540833097540732 0.036469865694522791 -0.026275023626443 0.032444569458229544 -0.028244159974264254 -0.026355196551663688 -0.027521631803870808
leaf_weight=4.182111011818054 10.252051234245299 1.0084809232503165 3.8107272274792194 0.40882584452629078 13.190792646259068 1.0505611505359409
leaf_count=39 6 16 8 9 155 10
internal_value=-0.000828004 0.0296822 0.0163719 -0.026843 -0.0264638 -0.0267377
internal_weight=33.9036 15.4801 5.22803 1.41731 18.4235 5.23267
internal_count=243 39 33 25 204 49
is_linear=0
shrinkage=0.03


Tree=120
num_leaves=7
num_cat=0
split_feature=106 45 102 80 95 35
split_gain=13.1969 4.92517 3.48972 5.14258 1.40247 2.70554
threshold=0.6535087823867799 19.103755950927738 0.32897843420505529 0.31729689240455633 1.1475200057029726 0.027416908182203773
decision_type=2 2 2 2 2 2
left_child=2 4 3 -1 -2 -6
right_child=1 -3 -4 -5 5 -7
leaf_value=0.029196893697343552 -0.026386022065384686 0.021517614739178674 0.036290472264138139 -0.014582906944391903 0.040740687606820973 -0.026721368587347531
leaf_weight=5.0394424349069613 14.259548267349606 2.600075624883174 6.7772162854671469 4.6364350616931915 0.86501812934875433 1.4024955369532106
leaf_count=8 184 10 9 11 1 20
internal_value=8.23842e-05 -0.016863 0.0197818 0.00821872 -0.0229011 -0.000985735
internal_weight=35.5802 19.1271 16.4531 9.67588 16.5271 2.26751
internal_count=243 215 28 19 205 21
is_linear=0
shrinkage=0.03


Tree=121
num_leaves=7
num_cat=0
split_feature=105 59 115 69 81 39
split_gain=18.4633 9.23489 6.25804 1.76562 0.0388614 0.00097589
threshold=24.971490859985355 7.9545319080352792 -9.1766662597656232 25.395211219787601 35.988677978515632 26.737955093383793
decision_type=2 2 2 2 2 2
left_child=5 2 -2 -4 -3 -1
right_child=1 4 3 -5 -6 -7
leaf_value=-0.02678142919701889 -0.01852735969140816 -0.027034599004662662 0.0086609596850879371 0.039671193911021974 -0.020747263040787937 -0.026218358318823458
leaf_weight=3.8007532358169547 2.2348124235868481 2.1889109015464778 1.9100049957633043 12.254882529377936 1.4850069582462309 10.217209011316298
leaf_count=19 15 10 15 137 9 38
internal_value=4.83672e-05 0.0184978 0.0281288 0.0354897 -0.0244932 -0.026371
internal_weight=34.0916 20.0736 16.3997 14.1649 3.67392 14.018
internal_count=243 186 167 152 19 57
is_linear=0
shrinkage=0.03


Tree=122
num_leaves=7
num_cat=0
split_feature=115 30 70 65 79 34
split_gain=24.7858 2.48862 3.83909 1.88308 1.02643 0.0186754
threshold=-8.9243469238281232 14.487994194030763 23.04548263549805 3.5472728013992314 -1.2191934585571287 1.7974103689193728
decision_type=2 2 2 2 2 2
left_child=1 2 -1 4 -2 -3
right_child=3 5 -4 -5 -6 -7
leaf_value=-0.010073815811754348 0.0030016898324060066 0.040087120702794368 0.033408028800881499 0.025985661632542539 -0.02636816678231018 0.037242014328978543
leaf_weight=3.1945868954062488 1.1415333338081897 3.3148590326309186 4.2704179137945175 0.68829170987009902 17.321007261052728 5.557828426361084
leaf_count=8 7 8 12 3 191 14
internal_value=0.000421023 0.0275652 0.0148003 -0.0227359 -0.0245522 0.038305
internal_weight=35.4885 16.3377 7.465 19.1508 18.4625 8.87269
internal_count=243 42 20 201 198 22
is_linear=0
shrinkage=0.03


Tree=123
num_leaves=7
num_cat=0
split_feature=117 115 96 28 106 48
split_gain=16.7191 5.85004 3.90062 4.21811 3.64661 1.07143
threshold=282.14941406250006 -9.1766662597656232 43.443576812744148 62.238977432250984 0.23903508484363559 23.394280433654789
decision_type=2 2 2 2 2 2
left_child=-1 5 4 -4 -3 -2
right_child=1 2 3 -5 -6 -7
leaf_value=-0.02634664312202431 -0.027005125636898247 -0.026600140825245672 -0.028855742255746723 0.034783218161905209 0.034740393987008691 0.0060660899336742909
leaf_weight=13.296195773407815 2.7528647631406811 0.93331420421600597 2.3208901714533563 1.5724819153547285 13.329643744975327 1.2970881983637808
leaf_count=160 15 3 18 5 35 7
internal_value=0.000258924 0.0161892 0.0234616 -0.0031528 0.0307265 -0.0164133
internal_weight=35.5025 22.2063 18.1563 3.89337 14.263 4.04995
internal_count=243 83 61 23 38 22
is_linear=0
shrinkage=0.03


Tree=124
num_leaves=7
num_cat=0
split_feature=38 6 80 40 108 116
split_gain=27.9868 1.45846 3.80363 0.0021287 0.000597172 0.000896951
threshold=1006.3922729492189 39.013589859008796 0.61608591675758373 24.109668731689457 7.0646667480468759 0.00013462694914778697
decision_type=2 2 2 2 2 2
left_child=4 -2 3 -3 5 -1
right_child=1 2 -4 -5 -6 -7
leaf_value=-0.026445569197226401 0.035723770372675136 -0.028608104648052926 0.031497464433578537 -0.026199839557534681 -0.026261900733625665 -0.027437432730295374
leaf_weight=4.04582619853318 10.045362591743467 0.58142351359128841 3.7726479638367891 0.76489873230457306 12.73676044307649 1.0293153263628481
leaf_count=39 6 11 13 9 155 10
internal_value=-0.00087075 0.0290823 0.0160492 -0.0272399 -0.0263716 -0.0266467
internal_weight=32.9762 15.1643 5.11897 1.34632 17.8119 5.07514
internal_count=243 39 33 20 204 49
is_linear=0
shrinkage=0.03


Tree=125
num_leaves=7
num_cat=0
split_feature=106 49 102 80 95 35
split_gain=12.4538 4.70496 3.27686 4.78727 1.35227 2.55374
threshold=0.6535087823867799 8.8726692199707049 0.32897843420505529 0.31729689240455633 1.1475200057029726 0.027416908182203773
decision_type=2 2 2 2 2 2
left_child=2 4 3 -1 -2 -6
right_child=1 -3 -4 -5 5 -7
leaf_value=0.028266676214497334 -0.026269371350175402 0.020888026475238804 0.035403542906290913 -0.014251820225411042 0.039652217147969758 -0.026605541004553743
leaf_weight=5.0012688040733355 13.775449153035881 2.5794136077165595 6.6724496185779563 4.5528789162635803 0.85378694534301702 1.3534702025353906
leaf_count=8 189 5 9 11 1 20
internal_value=7.36445e-05 -0.0167087 0.0192715 0.00800516 -0.0227763 -0.000976443
internal_weight=34.7887 18.5621 16.2266 9.55415 15.9827 2.20726
internal_count=243 215 28 19 210 21
is_linear=0
shrinkage=0.03


Tree=126
num_leaves=7
num_cat=0
split_feature=105 59 115 69 24 81
split_gain=17.6184 8.73707 5.84971 1.63724 0.871261 0.0400121
threshold=24.971490859985355 7.9545319080352792 -8.9243469238281232 25.334353446960453 27.244830131530765 35.988677978515632
decision_type=2 2 2 2 2 2
left_child=-1 2 4 -4 -2 -3
right_child=1 5 3 -5 -6 -7
leaf_value=-0.026278908534319613 -0.026989038493525398 -0.026923235696781362 0.002182202651789077 0.038788295240336008 0.0089193698660867109 -0.020448408807361994
leaf_weight=13.542492434382437 1.6321788281202345 2.1249438971281047 1.2075587064027811 12.303706422448156 0.96927392482757557 1.4417829811573026
leaf_count=57 10 10 9 140 8 9
internal_value=5.70363e-05 0.0181802 0.027585 0.0355167 -0.0136099 -0.0243059
internal_weight=33.2219 19.6794 16.1127 13.5113 2.60145 3.56673
internal_count=243 186 167 149 18 19
is_linear=0
shrinkage=0.03


Tree=127
num_leaves=7
num_cat=0
split_feature=115 30 0 65 45 34
split_gain=23.371 2.42466 3.74001 1.84291 1.02656 0.0182227
threshold=-8.9243469238281232 14.487994194030763 7.3852722644805917 3.5472728013992314 1.2503336071968081 1.7974103689193728
decision_type=2 2 2 2 2 2
left_child=1 2 -1 4 -2 -3
right_child=3 5 -4 -5 -6 -7
leaf_value=0.043883063238241982 0.0027340317957388989 0.039294376455864755 -0.0010676892621077252 0.025494519876032469 -0.026319773599602844 0.03646390732156958
leaf_weight=2.5233367383480099 1.1714027598500312 3.2761931121349317 4.9023144543170929 0.6917320117354383 16.674151610583067 5.4566005170345306
leaf_count=6 7 8 14 3 191 14
internal_value=0.000437537 0.0268097 0.0142072 -0.0225503 -0.0244126 0.0375258
internal_weight=34.6957 16.1584 7.42565 18.5373 17.8456 8.73279
internal_count=243 42 20 201 198 22
is_linear=0
shrinkage=0.03


Tree=128
num_leaves=7
num_cat=0
split_feature=117 115 96 28 105 48
split_gain=15.9333 5.48966 3.66027 4.01159 1.94075 1.05536
threshold=282.14941406250006 -9.1766662597656232 43.443576812744148 62.238977432250984 23.00657939910889 23.394280433654789
decision_type=2 2 2 2 2 2
left_child=-1 5 4 -4 -3 -2
right_child=1 2 3 -5 -6 -7
leaf_value=-0.026254940704884516 -0.026888342997320253 -0.0040902471880745958 -0.028693795651555491 0.033822421498883336 0.033648374337039766 0.0061635824270286207
leaf_weight=12.831996757537125 2.6669353507459195 1.3573876619339014 2.256813263520598 1.5639834627509115 12.711419165134428 1.2900283485651014
leaf_count=160 15 4 18 5 34 7
internal_value=0.000278158 0.0158629 0.0229355 -0.00310376 0.0300073 -0.0161129
internal_weight=34.6786 21.8466 17.8896 3.8208 14.0688 3.95696
internal_count=243 83 61 23 38 22
is_linear=0
shrinkage=0.03


Tree=129
num_leaves=7
num_cat=0
split_feature=38 6 35 61 108 116
split_gain=26.588 1.37153 3.62236 0.000876605 0.00059411 0.000886454
threshold=1006.3922729492189 39.013589859008796 1.1322103142738345 1009.1747436523439 7.0646667480468759 0.00013462694914778697
decision_type=2 2 2 2 2 2
left_child=4 -2 3 -3 5 -1
right_child=1 2 -4 -5 -6 -7
leaf_value=-0.026356933544986971 0.035023873722942966 -0.026093442242336666 0.031084247257869891 -0.027746790596068389 -0.026171148669388068 -0.027354660110046999
leaf_weight=3.9153798203915384 9.8269411325454694 0.91132770292460807 3.6835955865681171 0.42238056100904942 12.292174333706496 1.0077211689203975
leaf_count=39 6 15 8 10 155 10
internal_value=-0.000913415 0.028508 0.015746 -0.0266171 -0.0262827 -0.0265612
internal_weight=32.0595 14.8442 5.0173 1.33371 17.2153 4.9231
internal_count=243 39 33 25 204 49
is_linear=0
shrinkage=0.03


Tree=130
num_leaves=7
num_cat=0
split_feature=106 45 102 80 95 35
split_gain=11.7776 4.49852 3.07343 4.47396 1.30825 2.41241
threshold=0.6535087823867799 19.103755950927738 0.32897843420505529 0.31729689240455633 1.1475200057029726 0.027416908182203773
decision_type=2 2 2 2 2 2
left_child=2 4 3 -1 -2 -6
right_child=1 -3 -4 -5 5 -7
leaf_value=0.027468205205662281 -0.026209115736136015 0.020081852368998131 0.034559795857772968 -0.013923719704074232 0.038653190331153942 -0.026494278338915392
leaf_weight=4.9535234272479993 13.282116429880263 2.5826655998826018 6.5699870884418479 4.4718625396490097 0.84114348888397161 1.3055835701525209
leaf_count=8 184 10 9 11 1 20
internal_value=7.44384e-05 -0.016563 0.018809 0.00782986 -0.0226971 -0.000967806
internal_weight=34.0069 18.0115 15.9954 9.42539 15.4288 2.14673
internal_count=243 215 28 19 205 21
is_linear=0
shrinkage=0.03


Tree=131
num_leaves=7
num_cat=0
split_feature=105 59 115 69 81 39
split_gain=16.8075 8.26567 5.51501 1.61844 0.0411726 0.000860329
threshold=24.971490859985355 7.9545319080352792 -9.1766662597656232 25.395211219787601 35.988677978515632 26.737955093383793
decision_type=2 2 2 2 2 2
left_child=5 2 -2 -4 -3 -1
right_child=1 4 3 -5 -6 -7
leaf_value=-0.0265872849287484 -0.017927841961619291 -0.026815379276941196 0.0081736551395847311 0.038158859392377661 -0.020148399033902163 -0.026041035369966718
leaf_weight=3.5685075074434272 2.1225377172231665 2.061262726783752 1.8776506036520029 11.807815998792647 1.3998115435242651 9.5112878531217557
leaf_count=19 15 10 15 137 9 38
internal_value=5.65499e-05 0.0178727 0.0270665 0.0340449 -0.024119 -0.0261901
internal_weight=32.3489 19.2691 15.808 13.6855 3.46107 13.0798
internal_count=243 186 167 152 19 57
is_linear=0
shrinkage=0.03


Tree=132
num_leaves=7
num_cat=0
split_feature=115 30 70 26 79 34
split_gain=22.0294 2.37659 3.56959 1.83647 1.01442 0.017732
threshold=-8.9243469238281232 14.487994194030763 23.04548263549805 4.1979355812072763 -1.2191934585571287 1.7974103689193728
decision_type=2 2 2 2 2 2
left_child=1 2 -1 4 -2 -3
right_child=3 5 -4 -5 -6 -7
leaf_value=-0.010382341805634143 0.0034008816680069025 0.038560961529148736 0.031719675307513046 0.025241699896644602 -0.026210142591347137 0.03574740979896416
leaf_weight=3.181323066353797 1.1131192743778253 3.2346060276031476 4.2119760662317276 0.70084242336451907 16.126925738528374 5.3511784672737122
leaf_count=8 7 8 12 6 188 14
internal_value=0.000453427 0.0260712 0.0136033 -0.0223631 -0.0242983 0.0368074
internal_weight=33.92 15.9791 7.3933 17.9409 17.24 8.58578
internal_count=243 42 20 201 195 22
is_linear=0
shrinkage=0.03


Tree=133
num_leaves=7
num_cat=0
split_feature=117 115 96 28 105 26
split_gain=15.1696 5.13999 3.41316 3.83426 1.79956 1.06206
threshold=282.14941406250006 -9.1766662597656232 43.443576812744148 62.238977432250984 23.00657939910889 3.1561366319656377
decision_type=2 2 2 2 2 2
left_child=-1 5 4 -4 -3 -2
right_child=1 2 3 -5 -6 -7
leaf_value=-0.026165764174423529 -0.026810528301135096 -0.0037561511878109739 -0.028536606982583035 0.033028851786512804 0.032791307361756242 0.006666007383216258
leaf_weight=12.378267431631683 2.5945785902440579 1.3423717021942163 2.194795379415154 1.5558149889111517 12.536315277218817 1.2706122249364851
leaf_count=160 15 4 18 5 34 7
internal_value=0.000289786 0.015525 0.0223942 -0.00299824 0.0292564 -0.0158057
internal_weight=33.8728 21.4945 17.6293 3.75061 13.8787 3.86519
internal_count=243 83 61 23 38 22
is_linear=0
shrinkage=0.03


Tree=134
num_leaves=7
num_cat=0
split_feature=38 6 50 95 108 116
split_gain=25.2885 1.29196 3.43729 0.00111558 0.000561024 0.000848545
threshold=1006.3922729492189 39.013589859008796 -1.3636656403541563 0.77799722552299511 7.0646667480468759 0.00013462694914778697
decision_type=2 2 2 2 2 2
left_child=4 -2 3 -3 5 -1
right_child=1 2 -4 -5 -6 -7
leaf_value=-0.026267826042094853 0.03438727649555616 -0.026016001561510665 0.030461453020953311 -0.027998177414316473 -0.026086424297057511 -0.02725752886680061
leaf_weight=3.7837891727685991 9.6052775382995588 0.94015521928667911 3.6193144880235195 0.35092117823660374 11.870632726699112 0.98201186209917057
leaf_count=39 6 17 8 8 155 10
internal_value=-0.00094879 0.027988 0.0154703 -0.0265548 -0.0261968 -0.0264718
internal_weight=31.1521 14.5157 4.91039 1.29108 16.6364 4.7658
internal_count=243 39 33 25 204 49
is_linear=0
shrinkage=0.03


Tree=135
num_leaves=7
num_cat=0
split_feature=106 56 102 80 95 35
split_gain=11.1184 4.32737 2.89299 4.16659 1.27136 2.28024
threshold=0.6535087823867799 8.5856461524963397 0.32897843420505529 0.31729689240455633 1.1475200057029726 0.027416908182203773
decision_type=2 2 2 2 2 2
left_child=2 4 3 -1 -2 -6
right_child=1 -3 -4 -5 5 -7
leaf_value=0.026617135115599381 -0.026221103717809984 0.019218140268125464 0.033750987610493513 -0.01360394436849563 0.037731516184428257 -0.026388244742304171
leaf_weight=4.9077025502920133 12.77305042743683 2.6087315529584876 6.4626083970069876 4.3928538858890533 0.82721537351608221 1.2586684860289095
leaf_count=8 189 5 9 11 1 20
internal_value=6.61369e-05 -0.0164184 0.0183331 0.00761985 -0.0226749 -0.000959767
internal_weight=33.2308 17.4677 15.7632 9.30056 14.8589 2.08588
internal_count=243 215 28 19 210 21
is_linear=0
shrinkage=0.03


Tree=136
num_leaves=7
num_cat=0
split_feature=105 59 115 69 17 81
split_gain=16.0527 7.83274 5.15679 1.49433 0.8597 0.042386
threshold=24.971490859985355 7.9545319080352792 -8.9243469238281232 25.334353446960453 26.492686271667484 35.988677978515632
decision_type=2 2 2 2 2 2
left_child=-1 2 4 -4 -2 -3
right_child=1 5 3 -5 -6 -7
leaf_value=-0.026105686412014797 -0.026816549683351301 -0.026712323459979929 0.002047573284655655 0.037380679004600494 0.009491789248621393 -0.019846317483169316
leaf_weight=12.631549738347532 1.5396262556314497 2.0002373605966564 1.1852273792028416 11.827155411243437 0.94848781079053868 1.3589785769581793
leaf_count=57 10 10 9 140 8 9
internal_value=6.64419e-05 0.0175956 0.0265959 0.0341624 -0.0129755 -0.0239347
internal_weight=31.4913 18.8597 15.5005 13.0124 2.48811 3.35922
internal_count=243 186 167 149 18 19
is_linear=0
shrinkage=0.03


Tree=137
num_leaves=7
num_cat=0
split_feature=115 30 117 65 45 34
split_gain=20.7832 2.31927 4.13591 1.80526 1.01436 0.0163433
threshold=-8.9243469238281232 14.487994194030763 287.07450866699224 3.5472728013992314 1.2503336071968081 1.7974103689193728
decision_type=2 2 2 2 2 2
left_child=1 2 -1 4 -2 -3
right_child=3 5 -4 -5 -6 -7
leaf_value=0.031585487734368971 0.0032269520580515713 0.037822845210007047 -0.014296769576403683 0.025454512900295802 -0.026142796776663594 0.035098931095208105
leaf_weight=4.3815524429082862 1.1357248388230861 3.1872983574867231 2.9644809663295746 0.6877441480755796 15.538240907713769 5.244173139333725
leaf_count=11 7 8 9 3 191 14
internal_value=0.000470336 0.0253924 0.0130698 -0.0221777 -0.0241423 0.0361286
internal_weight=33.1392 15.7775 7.34603 17.3617 16.674 8.43147
internal_count=243 42 20 201 198 22
is_linear=0
shrinkage=0.03


Tree=138
num_leaves=7
num_cat=0
split_feature=117 115 96 28 105 20
split_gain=14.4572 4.82171 3.19907 3.64998 1.67236 1.0737
threshold=282.14941406250006 -9.1766662597656232 43.443576812744148 62.238977432250984 23.00657939910889 2.9236656427383427
decision_type=2 2 2 2 2 2
left_child=-1 5 4 -4 -3 -2
right_child=1 2 3 -5 -6 -7
leaf_value=-0.026081746036562894 -0.026714681849048863 -0.0034196087315853849 -0.028383409900165302 0.032175271517997227 0.032012890477697391 0.0073256352449801512
leaf_weight=11.938981425017117 2.5328810587525399 1.3276943862438226 2.132359996438026 1.5445552766323087 12.354742258787153 1.2433003187179563
leaf_count=160 16 4 18 5 34 6
internal_value=0.000308305 0.0152154 0.0218985 -0.00294463 0.0285746 -0.015507
internal_weight=33.0745 21.1355 17.3594 3.67692 13.6824 3.77618
internal_count=243 83 61 23 38 22
is_linear=0
shrinkage=0.03


Tree=139
num_leaves=7
num_cat=0
split_feature=38 6 80 40 108 116
split_gain=24.0475 1.21752 3.29838 0.00184584 0.000554328 0.000833271
threshold=1006.3922729492189 39.013589859008796 0.61608591675758373 24.109668731689457 7.0646667480468759 0.00013462694914778697
decision_type=2 2 2 2 2 2
left_child=4 -2 3 -3 5 -1
right_child=1 2 -4 -5 -6 -7
leaf_value=-0.026186113253101603 0.033782259947821629 -0.02827626219534141 0.029858423412806496 -0.02594470041770934 -0.026003276202050899 -0.027178755154524722
leaf_weight=3.6596843991428676 9.3726838827133161 0.54931640252470859 3.5645229071378708 0.6887578908354044 11.451733287423847 0.96095197834074486
leaf_count=39 6 11 13 9 155 10
internal_value=-0.00099425 0.0274886 0.0152061 -0.0269792 -0.0261152 -0.0263926
internal_weight=30.2477 14.1753 4.8026 1.23807 16.0724 4.62064
internal_count=243 39 33 20 204 49
is_linear=0
shrinkage=0.03


Tree=140
num_leaves=7
num_cat=0
split_feature=106 56 102 54 95 35
split_gain=10.5325 4.13061 2.71441 3.9939 1.22583 2.15728
threshold=0.6535087823867799 8.5856461524963397 0.32897843420505529 26.736135482788089 1.1475200057029726 0.027416908182203773
decision_type=2 2 2 2 2 2
left_child=2 4 3 -1 -2 -6
right_child=1 -3 -4 -5 5 -7
leaf_value=0.024408056071000918 -0.02614327179111154 0.018506473647089138 0.033003190990772154 -0.015681610071063484 0.036882030666060474 -0.026287499362430057
leaf_weight=5.298704117536543 12.318023176863791 2.6006337702274314 6.3511631786823264 3.8700268864631653 0.81220060586929266 1.2135445643216369
leaf_count=9 189 5 9 10 1 20
internal_value=7.39629e-05 -0.0162797 0.0179287 0.00748662 -0.0225867 -0.00096036
internal_weight=32.4643 16.9444 15.5199 9.16873 14.3438 2.02575
internal_count=243 215 28 19 210 21
is_linear=0
shrinkage=0.03


Tree=141
num_leaves=7
num_cat=0
split_feature=105 59 115 69 81 39
split_gain=15.3187 7.42241 4.86319 1.4954 0.0432493 0.000747659
threshold=24.971490859985355 7.9545319080352792 -9.1766662597656232 25.395211219787601 35.988677978515632 26.737955093383793
decision_type=2 2 2 2 2 2
left_child=5 2 -2 -4 -3 -1
right_child=1 4 3 -5 -6 -7
leaf_value=-0.026406201701791348 -0.017296664708411031 -0.026612242928330119 0.0077251662317627751 0.03685181383172071 -0.01957314715259478 -0.025879643390078855
leaf_weight=3.3439914509654072 2.0128399729728725 1.9389207959175103 1.8448630571365345 11.32458361238241 1.320651590824127 8.8493060544133169
leaf_count=19 15 10 15 137 9 38
internal_value=6.53029e-05 0.0173149 0.0261336 0.0327716 -0.0237603 -0.0260241
internal_weight=30.6352 18.4419 15.1823 13.1694 3.25957 12.1933
internal_count=243 186 167 152 19 57
is_linear=0
shrinkage=0.03


Tree=142
num_leaves=7
num_cat=0
split_feature=115 30 117 26 45 34
split_gain=19.5935 2.27466 3.91978 1.79801 1.0008 0.0159933
threshold=-8.9243469238281232 14.487994194030763 287.07450866699224 4.1979355812072763 1.2503336071968081 1.7974103689193728
decision_type=2 2 2 2 2 2
left_child=1 2 -1 4 -2 -3
right_child=3 5 -4 -5 -6 -7
leaf_value=0.030586879455415342 0.0032415370733110548 0.037183526216140211 -0.014212841165652586 0.025206929231187999 -0.026084243749562853 0.034465176475117765
leaf_weight=4.3593215122818938 1.1261026598513186 3.141296446323393 2.945330910384655 0.6962785255163898 14.974732723087071 5.1274044513702393
leaf_count=11 7 8 9 6 188 14
internal_value=0.000481756 0.0247216 0.012523 -0.0219921 -0.0240332 0.0354979
internal_weight=32.3705 15.5734 7.30465 16.7971 16.1008 8.2687
internal_count=243 42 20 201 195 22
is_linear=0
shrinkage=0.03


Tree=143
num_leaves=7
num_cat=0
split_feature=117 115 96 28 105 44
split_gain=13.7508 4.53686 2.98983 3.49267 1.55223 1.0582
threshold=282.14941406250006 -9.1766662597656232 43.443576812744148 62.238977432250984 23.00657939910889 3.6434682607650761
decision_type=2 2 2 2 2 2
left_child=-1 5 4 -4 -3 -2
right_child=1 2 3 -5 -6 -7
leaf_value=-0.025998261783835103 -0.026628401118807953 -0.0030815152801155891 -0.028237010507589397 0.031467847321173255 0.03124891565263475 0.0073842822951738739
leaf_weight=11.502593744546173 2.4598580636084111 1.3133538365364099 2.0736159645020957 1.5342893376946447 12.160091150552033 1.2373417913913725
leaf_count=160 15 4 18 5 34 7
internal_value=0.000317769 0.0148858 0.0214076 -0.00284706 0.0279025 -0.0152454
internal_weight=32.2811 20.7786 17.0814 3.60791 13.4734 3.6972
internal_count=243 83 61 23 38 22
is_linear=0
shrinkage=0.03


Tree=144
num_leaves=7
num_cat=0
split_feature=38 99 50 61 108 116
split_gain=22.8876 1.15299 2.87644 0.000815892 0.000529278 0.000795991
threshold=1006.3922729492189 19.322250366210941 -1.3636656403541563 1008.8778381347657 7.0646667480468759 0.00013462694914778697
decision_type=2 2 2 2 2 2
left_child=4 -2 3 -3 5 -1
right_child=1 2 -4 -5 -6 -7
leaf_value=-0.026105512924459 0.033074063198647488 -0.025862887790534247 0.028549327015507338 -0.027637228997326367 -0.025924692149350923 -0.027089026343321703
leaf_weight=3.5369792878627804 9.3004337735474092 0.82492079399526008 3.3857685253024101 0.32518061250448227 11.050715627148746 0.9367599170655011
leaf_count=39 8 15 8 8 155 10
internal_value=-0.00103043 0.0270262 0.0146255 -0.0263646 -0.0260361 -0.0263115
internal_weight=29.3608 13.8363 4.53587 1.1501 15.5245 4.47374
internal_count=243 39 31 23 204 49
is_linear=0
shrinkage=0.03


Tree=145
num_leaves=7
num_cat=0
split_feature=106 45 50 95 35 25
split_gain=9.97154 3.96346 2.59001 1.17328 2.04208 0.00168555
threshold=0.6535087823867799 19.103755950927738 -0.41409730911254877 1.1475200057029726 0.027416908182203773 25.0063591003418
decision_type=2 2 2 2 2 2
left_child=2 3 -1 5 -5 -2
right_child=1 -3 -4 4 -6 -7
leaf_value=0.02721299131056959 -0.025904121702572443 0.018347204895366481 0.0017826025581619111 0.036095092243613146 -0.026191906501555218 -0.02771542245006332
leaf_weight=9.456270828843115 11.450254693627357 2.5355001315474501 5.8246175646781948 0.79619872570037742 1.1695983689278362 0.48184316791594106
leaf_count=14 179 10 14 1 20 5
internal_value=7.49603e-05 -0.0161463 0.0175197 -0.0224393 -0.000964059 -0.0259773
internal_weight=31.7143 16.4334 15.2809 13.8979 1.9658 11.9321
internal_count=243 215 28 205 21 184
is_linear=0
shrinkage=0.03


Tree=146
num_leaves=7
num_cat=0
split_feature=105 59 115 69 24 78
split_gain=14.6295 7.03937 4.56462 1.37258 0.861087 0.0531066
threshold=24.971490859985355 7.9545319080352792 -8.9243469238281232 25.334353446960453 27.244830131530765 13.9612193107605
decision_type=2 2 2 2 2 2
left_child=-1 2 4 -4 -2 -3
right_child=1 5 3 -5 -6 -7
leaf_value=-0.025946040696003852 -0.026666437321050854 -0.026506899685654318 0.0019230474119619186 0.036151504684687356 0.010394037294297789 -0.018411118398385783
leaf_weight=11.771198190748693 1.4620981365442305 2.0221440643072124 1.1627073138952244 11.319164536893366 0.91883700340986241 1.1405662223696706
leaf_count=57 10 11 9 140 8 8
internal_value=6.66648e-05 0.0170537 0.0257019 0.0329631 -0.0123643 -0.0235873
internal_weight=29.7967 18.0255 14.8628 12.4819 2.38094 3.16271
internal_count=243 186 167 149 18 19
is_linear=0
shrinkage=0.03


Tree=147
num_leaves=7
num_cat=0
split_feature=115 70 65 79 89 72
split_gain=18.518 2.23138 1.76971 0.998618 0.523378 0.00062987
threshold=-8.9243469238281232 23.04548263549805 3.5472728013992314 -1.2191934585571287 1.3483381271362307 2.6878297328948979
decision_type=2 2 2 2 2 2
left_child=1 -1 3 -2 -3 -5
right_child=2 4 -4 5 -6 -7
leaf_value=0.009198013365760014 0.0041698566215193451 0.038600690960164892 0.025440615600404382 -0.025888766035668826 0.02436666768094805 -0.02671343726620096
leaf_weight=5.6760429516434696 1.0640924610197569 5.7951735556125623 0.68343564495444376 13.623490959405894 3.8824336528778076 0.88787482865154821
leaf_count=15 7 15 3 186 12 5
internal_value=0.000503552 0.0241316 -0.021809 -0.0238822 0.0328903 -0.0259392
internal_weight=31.6125 15.3537 16.2589 15.5755 9.67761 14.5114
internal_count=243 42 201 198 27 191
is_linear=0
shrinkage=0.03


Tree=148
num_leaves=7
num_cat=0
split_feature=117 115 96 28 18 26
split_gain=13.0958 4.26241 2.79376 3.34287 1.50343 1.22837
threshold=282.14941406250006 -9.1766662597656232 43.443576812744148 62.238977432250984 22.655771255493168 3.5127227306365971
decision_type=2 2 2 2 2 2
left_child=-1 5 4 -4 -3 -2
right_child=1 2 3 -5 -6 -7
leaf_value=-0.025920052300570564 -0.026521416460470477 -0.0063084455522193468 -0.028094486231006577 0.030797497926488664 0.030304809801309243 0.011499957396504012
leaf_weight=11.087368670850994 2.5164878591895135 1.100769698619845 2.0149291567504402 1.5232374668121336 12.156099602580069 1.0986081361770628
leaf_count=160 16 6 18 5 32 6
internal_value=0.0003256 0.014583 0.0209435 -0.00274054 0.0272647 -0.0149669
internal_weight=31.4975 20.4101 16.795 3.53817 13.2569 3.6151
internal_count=243 83 61 23 38 22
is_linear=0
shrinkage=0.03


Tree=149
num_leaves=7
num_cat=0
split_feature=38 6 80 40 108 116
split_gain=21.784 1.09953 2.99132 0.00161644 0.000519615 0.0007676
threshold=1006.3922729492189 39.013589859008796 0.61608591675758373 24.109668731689457 7.0646667480468759 0.00013462694914778697
decision_type=2 2 2 2 2 2
left_child=4 -2 3 -3 5 -1
right_child=1 2 -4 -5 -6 -7
leaf_value=-0.026031009200926221 0.032724139614981745 -0.028034297836535368 0.028803307161365234 -0.025791354316347621 -0.025847807018600469 -0.027009390310828982
leaf_weight=3.4228440821170834 8.9075337648391706 0.52645213156938442 3.4201626088470221 0.64161256700754166 10.655961457639931 0.91453920677304257
leaf_count=39 6 11 13 9 155 10
internal_value=-0.00107191 0.0265785 0.0146473 -0.0268023 -0.0259605 -0.0262373
internal_weight=28.4891 13.4958 4.58823 1.16806 14.9933 4.33738
internal_count=243 39 33 20 204 49
is_linear=0
shrinkage=0.03


Tree=150
num_leaves=7
num_cat=0
split_feature=106 59 102 80 95 35
split_gain=9.4575 3.80495 2.53002 3.69949 1.13919 1.93412
threshold=0.6535087823867799 9.1862964630126971 0.32897843420505529 0.31729689240455633 1.1475200057029726 0.027416908182203773
decision_type=2 2 2 2 2 2
left_child=2 4 3 -1 -2 -6
right_child=1 -3 -4 -5 5 -7
leaf_value=0.025173805912946681 -0.026012398700660092 0.017450900965084747 0.03195234780076945 -0.013429056548544507 0.035367499739031583 -0.026099100583135117
leaf_weight=4.7329407632350939 11.466824179515241 2.5643634647130957 6.1354739964008322 4.2322961539030075 0.77940791845321555 1.1268388014286754
leaf_count=8 189 5 9 11 1 20
internal_value=9.60195e-05 -0.0160235 0.0171087 0.00695022 -0.0224424 -0.000967225
internal_weight=31.0381 15.9374 15.1007 8.96524 13.3731 1.90625
internal_count=243 215 28 19 210 21
is_linear=0
shrinkage=0.03


Tree=151
num_leaves=7
num_cat=0
split_feature=105 59 115 69 78 39
split_gain=13.9735 6.68628 4.30831 1.38426 0.054598 0.000698278
threshold=24.971490859985355 7.9545319080352792 -9.1766662597656232 25.395211219787601 13.9612193107605 26.737955093383793
decision_type=2 2 2 2 2 2
left_child=5 2 -2 -4 -3 -1
right_child=1 4 3 -5 -6 -7
leaf_value=-0.026253246415755809 -0.016673599477643488 -0.026418782011891878 0.0073550135778008164 0.035710535347131971 -0.018092180984736063 -0.025727841519244527
leaf_weight=3.1488958150148418 1.9120490029454256 1.9637831375002854 1.8085455000400532 10.816715665161608 1.1089633479714391 8.218024939298628
leaf_count=19 15 11 15 137 8 38
internal_value=5.68292e-05 0.0167942 0.025293 0.0316487 -0.0234137 -0.0258734
internal_weight=28.977 17.6101 14.5373 12.6253 3.07275 11.3669
internal_count=243 186 167 152 19 57
is_linear=0
shrinkage=0.03


Tree=152
num_leaves=7
num_cat=0
split_feature=115 30 117 5 45 34
split_gain=17.4807 2.22266 3.67005 2.08884 0.988105 0.0129509
threshold=-8.9243469238281232 14.487994194030763 287.07450866699224 2.8910832405090336 1.2503336071968081 1.7974103689193728
decision_type=2 2 2 2 2 2
left_child=1 2 -1 4 -2 -3
right_child=3 5 -4 -5 -6 -7
leaf_value=0.029043614590267407 0.0037044545164427773 0.035945540969180081 -0.014556835650093435 0.033807176533144169 -0.025933968651801219 0.033456019641302043
leaf_weight=4.2984445765614527 1.0909211654216022 3.0456797182559967 2.9164126813411713 0.58850646018982011 14.058130526915191 4.9165838062763214
leaf_count=11 7 8 9 2 192 14
internal_value=0.000508187 0.0234799 0.0114193 -0.0216454 -0.0237996 0.0344083
internal_weight=30.9147 15.1771 7.21486 15.7376 15.1491 7.96226
internal_count=243 42 20 201 199 22
is_linear=0
shrinkage=0.03


Tree=153
num_leaves=7
num_cat=0
split_feature=117 106 96 77 69 101
split_gain=12.4679 4.60504 4.03338 2.82501 1.79782 0.000576699
threshold=282.14941406250006 0.23903508484363559 44.144395828247077 20.582427978515629 25.380999565124515 -0.21977628022432324
decision_type=2 2 2 2 2 2
left_child=5 -2 3 -3 -4 -1
right_child=1 2 4 -5 -6 -7
leaf_value=-0.026039564850983198 -0.026203431610927211 -0.032441408183663707 0.029921387889277427 0.028239451727451396 -0.028462861758367358 -0.025594969370140032
leaf_weight=6.0434043016284722 2.246703743934634 0.72516354918480175 0.61978143453597967 14.442324087023733 2.0274684801697731 4.6432401444762945
leaf_count=76 11 3 2 47 20 84
internal_value=0.000327585 0.0142704 0.0193747 0.0253383 -0.0147938 -0.0258464
internal_weight=30.7481 20.0614 17.8147 15.1675 2.64725 10.6866
internal_count=243 83 72 50 22 160
is_linear=0
shrinkage=0.03


Tree=154
num_leaves=7
num_cat=0
split_feature=38 99 50 61 108 116
split_gain=20.7947 1.03373 2.60698 0.000638271 0.000506095 0.00075572
threshold=1006.3922729492189 19.322250366210941 -1.3636656403541563 1008.8778381347657 7.0646667480468759 0.00013462694914778697
decision_type=2 2 2 2 2 2
left_child=4 -2 3 -3 5 -1
right_child=1 2 -4 -5 -6 -7
leaf_value=-0.025958326588760811 0.032074872829759717 -0.025731169938694901 0.027631548384515574 -0.027348808258300997 -0.025777034741247765 -0.026940262789323616
leaf_weight=3.3089707791805294 8.8430053833872062 0.77369239926338085 3.2378016300499439 0.30648755840957165 10.287291450425981 0.89652115292847145
leaf_count=39 8 15 8 8 155 10
internal_value=-0.00109967 0.0261997 0.0141676 -0.0261902 -0.0258904 -0.0261677
internal_weight=27.6538 13.161 4.31798 1.08018 14.4928 4.20549
internal_count=243 39 31 23 204 49
is_linear=0
shrinkage=0.03


Tree=155
num_leaves=7
num_cat=0
split_feature=106 56 50 95 35 65
split_gain=8.94946 3.67066 2.38149 1.09622 1.8332 0.0138468
threshold=0.6535087823867799 8.5856461524963397 -0.41409730911254877 1.1475200057029726 0.027416908182203773 -3.5283715724945064
decision_type=2 2 2 2 2 2
left_child=2 3 -1 5 -5 -2
right_child=1 -3 -4 4 -6 -7
leaf_value=0.026253220710176987 -0.032902362417439254 0.017015691612001498 0.0015491615675818648 0.034690355158389898 -0.02601242407766657 -0.025784888732742369
leaf_weight=9.1249602735042554 0.25173316709697147 2.5500218868255606 5.7094548940658596 0.76187419891357322 1.0859624091535804 10.807190636172889
leaf_count=14 6 5 14 1 20 183
internal_value=0.000100069 -0.0158748 0.0167451 -0.0223731 -0.000984301 -0.0259469
internal_weight=30.2912 15.4568 14.8344 12.9068 1.84784 11.0589
internal_count=243 215 28 210 21 189
is_linear=0
shrinkage=0.03


Tree=156
num_leaves=7
num_cat=0
split_feature=105 59 115 69 17 78
split_gain=13.3406 6.34837 4.04444 1.26701 0.85744 0.055488
threshold=24.971490859985355 7.9545319080352792 -8.9243469238281232 25.334353446960453 26.492686271667484 13.9612193107605
decision_type=2 2 2 2 2 2
left_child=-1 2 4 -4 -2 -3
right_child=1 5 3 -5 -6 -7
leaf_value=-0.025801581567292942 -0.026527036631330592 -0.026328694218421666 0.0018085516932134843 0.035064182325448584 0.011153068519866159 -0.017815299832985288
leaf_weight=10.966099269688131 1.3838304951787024 1.9026642292737954 1.1399739757180203 10.793919056653975 0.8950948417186736 1.080212354660034
leaf_count=57 10 11 9 140 8 8
internal_value=5.44746e-05 0.0165435 0.0248941 0.0318875 -0.0117274 -0.0232457
internal_weight=28.1618 17.1957 14.2128 11.9339 2.27893 2.98288
internal_count=243 186 167 149 18 19
is_linear=0
shrinkage=0.03


Tree=157
num_leaves=7
num_cat=0
split_feature=115 30 117 5 79 34
split_gain=16.536 2.1861 3.48002 1.98571 0.982242 0.0123068
threshold=-8.9243469238281232 14.487994194030763 287.07450866699224 2.8910832405090336 -1.2191934585571287 1.7974103689193728
decision_type=2 2 2 2 2 2
left_child=1 2 -1 4 -2 -3
right_child=3 5 -4 -5 -6 -7
leaf_value=0.028188634014609474 0.0044673833625249008 0.035425315982886139 -0.014424999972531756 0.032241590867783311 -0.025819651429374934 0.032974927792338522
leaf_weight=4.2656385526061076 1.0372644867748011 2.994913637638092 2.8955239877104759 0.59488880634307939 13.590813171118494 4.802999347448349
leaf_count=11 7 8 9 2 192 14
internal_value=0.000525242 0.0229258 0.0109584 -0.021487 -0.023672 0.033916
internal_weight=30.182 14.9591 7.16116 15.223 14.6281 7.79791
internal_count=243 42 20 201 199 22
is_linear=0
shrinkage=0.03


Tree=158
num_leaves=7
num_cat=0
split_feature=117 106 96 77 69 101
split_gain=11.8636 4.35995 3.77246 2.68191 1.74425 0.000549636
threshold=282.14941406250006 0.23903508484363559 44.144395828247077 20.582427978515629 25.380999565124515 -0.21977628022432324
decision_type=2 2 2 2 2 2
left_child=5 -2 3 -3 -4 -1
right_child=1 2 4 -5 -6 -7
leaf_value=-0.025964981604427544 -0.026122518198342801 -0.032116029951927992 0.029366724952772667 0.02756494599395785 -0.028319062038307728 -0.025522477606423229
leaf_weight=5.8329001069068926 2.1723142713308361 0.71153016388416546 0.62039910256862585 14.237873235717414 1.9689080882817505 4.4564016088843346
leaf_count=76 11 3 2 47 20 84
internal_value=0.000338005 0.0139683 0.0189339 0.0247244 -0.0144975 -0.0257733
internal_weight=30.0003 19.711 17.5387 14.9494 2.58931 10.2893
internal_count=243 83 72 50 22 160
is_linear=0
shrinkage=0.03


Tree=159
num_leaves=7
num_cat=0
split_feature=38 6 80 40 108 116
split_gain=19.8098 0.987348 2.72681 0.00141815 0.000476708 0.00072619
threshold=1006.3922729492189 39.013589859008796 0.61608591675758373 24.109668731689457 7.0646667480468759 0.00013462694914778697
decision_type=2 2 2 2 2 2
left_child=4 -2 3 -3 5 -1
right_child=1 2 -4 -5 -6 -7
leaf_value=-0.025884824975424714 0.031805311437051731 -0.027808653030737259 0.027949991336176185 -0.025646254478987628 -0.025708833211877193 -0.026860847233717039
leaf_weight=3.1946226526051786 8.435687303543089 0.50368957594036945 3.2818716336041689 0.59586250968277454 9.9240891803055984 0.87371804006397713
leaf_count=39 6 11 13 9 155 10
internal_value=-0.00113983 0.0258045 0.014251 -0.0266368 -0.0258209 -0.0260944
internal_weight=26.8095 12.8171 4.38142 1.09955 13.9924 4.06834
internal_count=243 39 33 20 204 49
is_linear=0
shrinkage=0.03


Tree=160
num_leaves=7
num_cat=0
split_feature=106 45 102 54 95 35
split_gain=8.44868 3.55373 2.33544 3.52104 1.0464 1.73811
threshold=0.6535087823867799 19.103755950927738 0.32897843420505529 26.736135482788089 1.1475200057029726 0.027416908182203773
decision_type=2 2 2 2 2 2
left_child=2 4 3 -1 -2 -6
right_child=1 -3 -4 -5 5 -7
leaf_value=0.02262915041644132 -0.025776480853978663 0.017081811166945134 0.03092471662104403 -0.015976259993294325 0.034062189200046444 -0.025927979088470225
leaf_weight=5.0838885754346865 10.717338022775946 2.4798576384782782 5.8897663950920096 3.6548520922660828 0.74379962682723899 1.0458688419312236
leaf_count=9 184 10 9 10 1 20
internal_value=0.000105214 -0.0157255 0.0163238 0.00648299 -0.0222305 -0.000995616
internal_weight=29.6154 14.9869 14.6285 8.73874 12.507 1.78967
internal_count=243 215 28 19 205 21
is_linear=0
shrinkage=0.03


Tree=161
num_leaves=7
num_cat=0
split_feature=105 59 115 69 25 39
split_gain=12.7435 6.03164 3.81844 1.2829 0.0608312 0.000635662
threshold=24.971490859985355 7.9545319080352792 -9.1766662597656232 25.395211219787601 24.808678627014164 26.737955093383793
decision_type=2 2 2 2 2 2
left_child=5 2 -2 -4 -3 -1
right_child=1 4 3 -5 -6 -7
leaf_value=-0.026108582223429662 -0.016033488941871548 -0.026278997808999307 0.0070322884318752624 0.034680910095202001 -0.017169165140004102 -0.025590372862186853
leaf_weight=2.9558817744255084 1.8162762299180055 1.8790351599454873 1.7700852528214444 10.294624552130697 1.0166247040033338 7.6283488795161247
leaf_count=19 15 11 15 137 8 38
internal_value=4.14285e-05 0.0163036 0.0245194 0.0306244 -0.0230807 -0.0257351
internal_weight=27.3609 16.7766 13.881 12.0647 2.89566 10.5842
internal_count=243 186 167 152 19 57
is_linear=0
shrinkage=0.03


Tree=162
num_leaves=7
num_cat=0
split_feature=115 30 117 5 45 34
split_gain=15.6678 2.14546 3.3072 1.88734 0.972928 0.0115477
threshold=-8.9243469238281232 14.487994194030763 287.07450866699224 2.8910832405090336 1.2503336071968081 1.7974103689193728
decision_type=2 2 2 2 2 2
left_child=1 2 -1 4 -2 -3
right_child=3 5 -4 -5 -6 -7
leaf_value=0.027415237714620115 0.0041411811343162533 0.034927763708947852 -0.014297702547191838 0.03074281140471101 -0.025789559957669496 0.032530671073284924
leaf_weight=4.2300179079175013 1.0564187709242077 2.9444568455219269 2.8721869587898254 0.60070617496967393 13.073435002006589 4.6890884935855865
leaf_count=11 7 8 9 2 192 14
internal_value=0.000541902 0.0224138 0.0105462 -0.0213377 -0.0235518 0.0334553
internal_weight=29.4663 14.7358 7.1022 14.7306 14.1299 7.63355
internal_count=243 42 20 201 199 22
is_linear=0
shrinkage=0.03


Tree=163
num_leaves=7
num_cat=0
split_feature=117 106 11 43 72 101
split_gain=11.2854 4.14191 3.60249 3.60841 2.46861 0.000527935
threshold=282.14941406250006 0.23903508484363559 2.895560741424561 59.095529556274421 -1.5604351162910459 -0.21977628022432324
decision_type=2 2 2 2 2 2
left_child=5 -2 4 -4 -3 -1
right_child=1 2 3 -5 -6 -7
leaf_value=-0.02589471590361191 -0.026054387591152039 -0.026788152204885105 0.020684288777520213 -0.02796739468770755 0.031386517214461986 -0.025452504685799435
leaf_weight=5.6309249773621577 2.1059925481677082 0.69803375005722301 3.0167546626180402 2.5165619663894176 11.030032753944395 4.2740124817937613
leaf_count=76 11 4 13 19 36 84
internal_value=0.00034323 0.0136644 0.0185103 -0.00144258 0.0279241 -0.0257039
internal_weight=29.2723 19.3674 17.2614 5.53332 11.7281 9.90494
internal_count=243 83 72 32 40 160
is_linear=0
shrinkage=0.03


Tree=164
num_leaves=7
num_cat=0
split_feature=38 99 50 61 108 116
split_gain=18.9189 0.930757 2.36712 0.000498806 0.0004541 0.000707154
threshold=1006.3922729492189 19.322250366210941 -1.3636656403541563 1008.8778381347657 7.0646667480468759 0.00013462694914778697
decision_type=2 2 2 2 2 2
left_child=4 -2 3 -3 5 -1
right_child=1 2 -4 -5 -6 -7
leaf_value=-0.025815818220395175 0.03119877549386306 -0.025609097886033706 0.026812491513447764 -0.027084252879503713 -0.025644703886909127 -0.026790894922309957
leaf_weight=3.0863613989204199 8.3800540491938573 0.72498062811791786 3.0882758423686028 0.28835367970168591 9.5755862146615964 0.85477895662188519
leaf_count=39 8 15 8 8 155 10
internal_value=-0.00116409 0.0254674 0.0137576 -0.0260289 -0.0257563 -0.0260273
internal_weight=25.9984 12.4817 4.10161 1.01333 13.5167 3.94114
internal_count=243 39 31 23 204 49
is_linear=0
shrinkage=0.03


Tree=165
num_leaves=7
num_cat=0
split_feature=106 59 50 95 35 45
split_gain=8.0054 3.41174 2.2237 1.01606 1.64752 0.0101533
threshold=0.6535087823867799 9.1862964630126971 -0.41409730911254877 1.1475200057029726 0.027416908182203773 17.857524871826175
decision_type=2 2 2 2 2 2
left_child=2 3 -1 5 -5 -2
right_child=1 -3 -4 4 -6 -7
leaf_value=0.025399910719906396 -0.025615654188210393 0.016214376095586857 0.0011887668689198442 0.033476527188485601 -0.025844992403378345 -0.029900500488781616
leaf_weight=8.7761872410774213 9.7547454359009826 2.5083786249160758 5.5881607532501247 0.72523206472396751 1.0056099910289047 0.52447159588337022
leaf_count=14 180 5 14 1 20 9
internal_value=0.000102528 -0.0156075 0.0159811 -0.0222537 -0.000988959 -0.0258343
internal_weight=28.8828 14.5184 14.3643 12.0101 1.73084 10.2792
internal_count=243 215 28 210 21 189
is_linear=0
shrinkage=0.03


Tree=166
num_leaves=7
num_cat=0
split_feature=105 59 30 15 36 25
split_gain=12.1859 5.73433 3.64013 0.852534 0.458021 0.0625341
threshold=24.971490859985355 7.9545319080352792 14.487994194030763 13.843717575073244 61.335332870483406 24.808678627014164
decision_type=2 2 2 2 2 2
left_child=-1 2 3 -2 -4 -3
right_child=1 5 4 -5 -6 -7
leaf_value=-0.025668395470025376 0.032682448934738623 -0.02619890121174321 -0.026526132418631315 -0.00066106493864685647 0.0027028737333039932 -0.01682551260137639
leaf_weight=10.20616512745619 10.866869140416384 1.8225516453385346 1.0958880931138981 0.73693215847015459 0.86204995214939106 0.98772289603948582
leaf_count=57 145 11 8 6 8 8
internal_value=5.96504e-05 0.0160983 0.0241805 0.0305649 -0.0136571 -0.0229045
internal_weight=26.5782 16.372 13.5617 11.6038 1.95794 2.81027
internal_count=243 186 167 151 16 19
is_linear=0
shrinkage=0.03


Tree=167
num_leaves=7
num_cat=0
split_feature=115 70 70 79 89 72
split_gain=14.8147 2.15386 2.10546 0.964615 0.477795 0.00126521
threshold=-8.9243469238281232 23.787514686584476 23.04548263549805 -1.2191934585571287 1.3483381271362307 2.6878297328948979
decision_type=2 2 2 2 2 2
left_child=2 3 -1 -2 -4 -5
right_child=1 -3 4 5 -6 -7
leaf_value=0.0071514399809746903 0.0047646571061369901 0.03818614726715442 0.03638926272787666 -0.025609001569730519 0.022312867298903815 -0.026687841384344376
leaf_weight=5.429089397192004 1.0097691975533951 0.52984656207263547 5.4462931454181653 11.638580277562136 3.6078347414731979 1.068131938576699
leaf_count=15 7 6 15 181 12 7
internal_value=0.000556883 -0.0211644 0.0219229 -0.023457 0.0307802 -0.0256997
internal_weight=28.7295 14.2463 14.4832 13.7165 9.05413 12.7067
internal_count=243 201 42 195 27 188
is_linear=0
shrinkage=0.03


Tree=168
num_leaves=7
num_cat=0
split_feature=117 106 11 60 111 101
split_gain=10.7541 3.91888 3.41783 3.43282 1.97811 0.000506568
threshold=282.14941406250006 0.23903508484363559 2.895560741424561 25.465800285339359 -1.5157753229141233 -0.21977628022432324
decision_type=2 2 2 2 2 2
left_child=5 -2 4 -4 -3 -1
right_child=1 2 3 -5 -6 -7
leaf_value=-0.025827980042159412 -0.02597140054330974 -0.0016618346998232203 -0.021375420633656172 0.027191751893637529 0.032711324007739628 -0.025386347403967082
leaf_weight=5.4388840328902024 2.0300539731979397 1.7829655706882501 3.2019058093428603 2.2165303453803062 9.7279876358807069 4.0993684716522694
leaf_count=76 11 10 25 7 30 84
internal_value=0.00034441 0.0134159 0.018139 -0.00150795 0.0273872 -0.0256382
internal_weight=28.4977 18.9594 16.9294 5.41844 11.511 9.53825
internal_count=243 83 72 32 40 160
is_linear=0
shrinkage=0.03


Tree=169
num_leaves=7
num_cat=0
split_feature=38 6 35 40 108 116
split_gain=18.0277 0.891941 2.49012 0.000570809 0.000440105 0.000676485
threshold=1006.3922729492189 39.013589859008796 1.1322103142738345 24.136933326721195 7.0646667480468759 0.00013462694914778697
decision_type=2 2 2 2 2 2
left_child=4 -2 3 -3 5 -1
right_child=1 2 -4 -5 -6 -7
leaf_value=-0.025751673551452425 0.030998857221264973 -0.027017260983084927 0.027326039657017038 -0.025539291546302179 -0.025579790074068725 -0.0267182256991048
leaf_weight=2.9836337305605443 7.9615511894226056 0.35489106364548184 3.1230871416628361 0.6972158458083868 9.2258170228451473 0.83383414335548867
leaf_count=39 6 10 8 15 155 10
internal_value=-0.00120574 0.0251094 0.0138789 -0.0260378 -0.0256919 -0.0259628
internal_weight=25.18 12.1367 4.17519 1.05211 13.0433 3.81747
internal_count=243 39 33 25 204 49
is_linear=0
shrinkage=0.03


Tree=170
num_leaves=7
num_cat=0
split_feature=106 45 102 54 95 35
split_gain=7.576 3.28098 2.17513 3.25004 0.969473 1.56185
threshold=0.6535087823867799 19.103755950927738 0.32897843420505529 26.736135482788089 1.1475200057029726 0.027416908182203773
decision_type=2 2 2 2 2 2
left_child=2 4 3 -1 -2 -6
right_child=1 -3 -4 -5 5 -7
leaf_value=0.021666771459584826 -0.025656379959752579 0.016167754991220223 0.030045561995344337 -0.015931971902493625 0.032931889484613751 -0.025763710226825314
leaf_weight=4.9749732017517108 9.9654076779261214 2.4375769421458235 5.6424393057823172 3.5424338579177856 0.70634776353835949 0.96600273996591568
leaf_count=9 184 10 9 10 1 20
internal_value=0.000105943 -0.0154805 0.0155993 0.00602926 -0.0221093 -0.000972552
internal_weight=28.2352 14.0753 14.1598 8.51741 11.6378 1.67235
internal_count=243 215 28 19 205 21
is_linear=0
shrinkage=0.03


Tree=171
num_leaves=7
num_cat=0
split_feature=105 59 115 13 25 39
split_gain=11.6367 5.45759 3.43887 1.6978 0.063423 0.00058596
threshold=24.971490859985355 7.9545319080352792 -10.067321777343748 48.409967422485359 24.808678627014164 26.737955093383793
decision_type=2 2 2 2 2 2
left_child=5 2 -2 -4 -3 -1
right_child=1 4 3 -5 -6 -7
leaf_value=-0.025975544284923595 -0.019824650161437342 -0.026122543700258946 0.03183790577292523 -0.019405705426671926 -0.01655792925391163 -0.025461359607264339
leaf_weight=2.7791479900479334 1.4473489522933949 1.7682258412241929 11.185627706348892 0.61383465677499849 0.96419297903776158 7.0665340200066566
leaf_count=19 12 11 151 4 8 38
internal_value=4.85128e-05 0.015856 0.0238187 0.0291721 -0.0227475 -0.0256065
internal_weight=25.8249 15.9792 13.2468 11.7995 2.73242 9.84568
internal_count=243 186 167 155 19 57
is_linear=0
shrinkage=0.03


Tree=172
num_leaves=7
num_cat=0
split_feature=115 30 20 70 45 34
split_gain=14.0231 2.07351 3.10523 2.05238 0.957527 0.00957124
threshold=-8.9243469238281232 14.487994194030763 1.7334954738616946 23.787514686584476 1.2503336071968081 1.7974103689193728
decision_type=2 2 2 2 2 2
left_child=1 2 -1 4 -2 -3
right_child=3 5 -4 -5 -6 -7
leaf_value=0.026213525943139578 0.0045429893706171315 0.033946230306225199 -0.014517443167866389 0.036691524456425303 -0.025672926855929031 0.031717506186963021
leaf_weight=4.1607586964964884 1.0228737555444212 2.8370886147022247 2.8305663466453552 0.53319049254059869 12.223948520608245 4.461054265499115
leaf_count=11 7 8 9 6 188 14
internal_value=0.000575839 0.0213988 0.00972285 -0.021017 -0.0233398 0.0325839
internal_weight=28.0695 14.2895 6.99133 13.78 13.2468 7.29814
internal_count=243 42 20 201 195 22
is_linear=0
shrinkage=0.03


Tree=173
num_leaves=7
num_cat=0
split_feature=67 11 115 95 68 106
split_gain=10.2756 2.95626 3.74748 1.96707 1.42429 1.01563
threshold=6.9457876682281503 2.895560741424561 -8.3700561523437482 1.3072712421417239 1005.924285888672 0.6535087823867799
decision_type=2 2 2 2 2 2
left_child=3 5 -3 4 -1 -2
right_child=1 2 -4 -5 -6 -7
leaf_value=0.0081723224873397338 0.0012839333036218114 -0.027789104435600641 0.02439473723189018 0.024277480573068382 -0.024189445010962304 0.032858423602623789
leaf_weight=1.3673570603132255 1.0392830744385699 2.3065845035016537 2.6747856847941867 0.93379067815840322 11.673549015074967 7.7839509565383196
leaf_count=4 5 16 11 8 174 25
internal_value=0.000350023 0.0187079 0.000231418 -0.0177844 -0.0207963 0.0291393
internal_weight=27.7793 13.8046 4.98137 13.9747 13.0409 8.82323
internal_count=243 57 27 186 178 30
is_linear=0
shrinkage=0.03


Tree=174
num_leaves=7
num_cat=0
split_feature=38 99 50 61 108 116
split_gain=17.2301 0.843264 2.1358 0.000456232 0.000424898 0.000666976
threshold=1006.3922729492189 19.322250366210941 -1.3636656403541563 1008.8778381347657 7.0646667480468759 0.00013462694914778697
decision_type=2 2 2 2 2 2
left_child=4 -2 3 -3 5 -1
right_child=1 2 -4 -5 -6 -7
leaf_value=-0.025688188117423186 0.030431560518157194 -0.025475370619931367 0.025962038436149876 -0.026930721317829007 -0.025520211883710946 -0.026659093885423913
leaf_weight=2.881276808679107 7.9148672930896264 0.67146769352257285 2.9436546452343464 0.27255157381296158 8.9012832045555097 0.81746157631278027
leaf_count=39 8 15 8 8 155 10
internal_value=-0.00123475 0.0248115 0.0133698 -0.0258956 -0.0256325 -0.0259028
internal_weight=24.4026 11.8025 3.88767 0.944019 12.6 3.69874
internal_count=243 39 31 23 204 49
is_linear=0
shrinkage=0.03


Tree=175
num_leaves=7
num_cat=0
split_feature=106 56 50 95 35 72
split_gain=7.18138 3.17586 2.08312 0.941612 1.48228 0.0200343
threshold=0.6535087823867799 8.5856461524963397 -0.41409730911254877 1.1475200057029726 0.027416908182203773 -3.4270530939102168
decision_type=2 2 2 2 2 2
left_child=2 3 -1 5 -5 -2
right_child=1 -3 -4 4 -6 -7
leaf_value=0.02463310339183887 -0.035845550005850761 0.015462642369520144 0.00086075776229168136 0.032425877988371862 -0.025690624147449867 -0.025547372002263362
leaf_weight=8.4388212561607343 0.1731557808816423 2.4660487025976172 5.4665606617927578 0.68729037046432384 0.92868022806942463 9.3828906426206213
leaf_count=14 5 5 14 1 20 184
internal_value=0.000117049 -0.0153508 0.0152876 -0.0221524 -0.000973026 -0.025734
internal_weight=27.5434 13.6381 13.9054 11.172 1.61597 9.55605
internal_count=243 215 28 210 21 189
is_linear=0
shrinkage=0.03


Tree=176
num_leaves=7
num_cat=0
split_feature=105 59 115 69 24 25
split_gain=11.153 5.18753 3.25794 1.10724 0.861311 0.0653163
threshold=24.971490859985355 7.9545319080352792 -8.9243469238281232 25.334353446960453 27.244830131530765 24.808678627014164
decision_type=2 2 2 2 2 2
left_child=-1 2 4 -4 -2 -3
right_child=1 5 3 -5 -6 -7
leaf_value=-0.025548955674452038 -0.026342498105812191 -0.02604543233782106 0.0013102865806126386 0.033343616639462392 0.01286305713458309 -0.016188504658681668
leaf_weight=9.5019517987966555 1.2609860450029367 1.7128615081310266 1.0785234421491612 9.7533683329820615 0.84045366197824467 0.93547399342060078
leaf_count=57 10 11 9 140 8 8
internal_value=6.76912e-05 0.0156891 0.0235221 0.0301541 -0.0106626 -0.0225637
internal_weight=25.0836 15.5817 12.9333 10.8319 2.10144 2.64834
internal_count=243 186 167 149 18 19
is_linear=0
shrinkage=0.03


Tree=177
num_leaves=7
num_cat=0
split_feature=115 70 70 79 89 72
split_gain=13.2861 2.02956 1.9514 0.947615 0.456231 0.00103592
threshold=-8.9243469238281232 23.04548263549805 23.787514686584476 -1.2191934585571287 1.3483381271362307 2.6878297328948979
decision_type=2 2 2 2 2 2
left_child=1 -1 3 -2 -3 -5
right_child=2 4 -4 5 -6 -7
leaf_value=0.0063279642536987046 0.0051284496708159837 0.035440349961285415 0.035225883052202971 -0.025486778695461947 0.021428161364022459 -0.026492373125367147
leaf_weight=5.307053059339526 0.9799101073294868 5.2471583485603315 0.535666763782502 10.8015761449933 3.4771343767642975 1.0080280080437667
leaf_count=15 7 15 6 181 12 7
internal_value=0.000582855 0.0209568 -0.0208708 -0.0232204 0.0298557 -0.0255726
internal_weight=27.3565 14.0313 13.3252 12.7895 8.72429 11.8096
internal_count=243 42 201 195 27 188
is_linear=0
shrinkage=0.03


Tree=178
num_leaves=7
num_cat=0
split_feature=117 106 96 77 69 101
split_gain=9.80126 3.57007 3.09944 2.32086 1.61606 0.000479754
threshold=282.14941406250006 0.23903508484363559 44.144395828247077 20.582427978515629 25.380999565124515 -0.21977628022432324
decision_type=2 2 2 2 2 2
left_child=5 -2 3 -3 -4 -1
right_child=1 2 4 -5 -6 -7
leaf_value=-0.025710803821788645 -0.025841963895214846 -0.031275760479199735 0.02853430165707713 0.025738225234191166 -0.028059432603138201 -0.025264472734603624
leaf_weight=5.0915736071765441 1.9112329483032251 0.67548047006130474 0.60623140633106176 13.193840341642497 1.8097597789019344 3.7739933896809816
leaf_count=76 11 3 2 47 20 84
internal_value=0.0003448 0.0129468 0.017499 0.0229615 -0.0138587 -0.0255208
internal_weight=27.0621 18.1965 16.2853 13.8693 2.41599 8.86557
internal_count=243 83 72 50 22 160
is_linear=0
shrinkage=0.03


Tree=179
num_leaves=7
num_cat=0
split_feature=38 6 80 40 108 116
split_gain=16.4323 0.808677 2.31559 0.00119215 0.000414929 0.000623692
threshold=1006.3922729492189 39.013589859008796 0.61608591675758373 24.109668731689457 7.0646667480468759 0.00013462694914778697
decision_type=2 2 2 2 2 2
left_child=4 -2 3 -3 5 -1
right_child=1 2 -4 -5 -6 -7
leaf_value=-0.025633303559801018 0.030290726444377879 -0.027489420512249087 0.026685463685188916 -0.025397648327319534 -0.025460353696879077 -0.026585160701528807
leaf_weight=2.7903090799227388 7.4928094148635846 0.46828338876366649 2.9879211988300085 0.51477212831377983 8.5722100688144547 0.79635743238031853
leaf_count=39 6 11 13 9 155 10
internal_value=-0.00127834 0.0244902 0.0135451 -0.0263941 -0.0255737 -0.0258446
internal_weight=23.6227 11.4638 3.97098 0.983056 12.1589 3.58667
internal_count=243 39 33 20 204 49
is_linear=0
shrinkage=0.03


Tree=180
num_leaves=7
num_cat=0
split_feature=106 59 102 80 95 35
split_gain=6.78834 3.06319 2.01999 3.05593 0.904266 1.40746
threshold=0.6535087823867799 9.1862964630126971 0.32897843420505529 0.31729689240455633 1.1475200057029726 0.027416908182203773
decision_type=2 2 2 2 2 2
left_child=2 4 3 -1 -2 -6
right_child=1 -3 -4 -5 5 -7
leaf_value=0.022981893224042555 -0.02567985618860932 0.015066645638116698 0.029192549547851349 -0.013489471478630097 0.031950916123206274 -0.025619097597508085
leaf_weight=4.3437879085540789 9.2078525032848102 2.4497318044304839 5.4058403968811026 3.9459995031356812 0.66797345876693615 0.89333515055477619
leaf_count=8 189 5 9 11 1 20
internal_value=0.000123284 -0.0152124 0.0149251 0.00562126 -0.0221002 -0.000988963
internal_weight=26.9145 13.2189 13.6956 8.28979 10.7692 1.56131
internal_count=243 215 28 19 210 21
is_linear=0
shrinkage=0.03


Tree=181
num_leaves=7
num_cat=0
split_feature=105 59 30 22 36 25
split_gain=10.6669 4.93515 3.13342 0.868349 0.425441 0.066173
threshold=24.971490859985355 7.9545319080352792 14.487994194030763 6.4484448432922372 61.335332870483406 24.808678627014164
decision_type=2 2 2 2 2 2
left_child=-1 2 3 -2 -4 -3
right_child=1 5 4 -5 -6 -7
leaf_value=-0.025493120331478554 0.031234032387991266 -0.025970077576163469 -0.026277976205706387 -0.0091731039339912595 0.0028732994932570799 -0.01590965881627443
leaf_weight=9.1690206602215785 10.287214342504736 1.6582299396395677 1.0034381002187718 0.50201077759265977 0.81778451055288304 0.91207601875066746
leaf_count=57 147 11 8 4 8 8
internal_value=5.60778e-05 0.0154875 0.0232099 0.0293539 -0.0131882 -0.0224001
internal_weight=24.3498 15.1808 12.6104 10.7892 1.82122 2.57031
internal_count=243 186 167 151 16 19
is_linear=0
shrinkage=0.03


Tree=182
num_leaves=7
num_cat=0
split_feature=115 54 30 117 45 34
split_gain=12.5791 2.06246 2.02571 2.97535 0.939835 0.00810294
threshold=-8.9243469238281232 28.027947425842289 14.487994194030763 287.07450866699224 1.2503336071968081 1.7974103689193728
decision_type=2 2 2 2 2 2
left_child=2 4 3 -1 -2 -4
right_child=1 -3 5 -5 -6 -7
leaf_value=0.025163299023162902 0.0049284284652423051 0.039784101616584626 0.03311774530794398 -0.01508466911746003 -0.025546863879738941 0.031023195174632603
leaf_weight=4.0877346247434634 0.98976776935159883 0.48765329644084054 2.7337730824947357 2.7754713967442513 11.407720525749026 4.2410768866539001
leaf_count=11 7 3 8 9 191 14
internal_value=0.000596835 -0.0207334 0.0204582 0.00888707 -0.0231138 0.0318441
internal_weight=26.7232 12.8851 13.8381 6.86321 12.3975 6.97485
internal_count=243 201 42 20 198 22
is_linear=0
shrinkage=0.03


Tree=183
num_leaves=7
num_cat=0
split_feature=71 106 11 115 90 71
split_gain=9.36716 3.67752 3.23515 3.12 1.37979 0.913539
threshold=5.1587979793548593 0.23903508484363559 2.895560741424561 -8.3700561523437482 13.81957530975342 5.8238549232482919
decision_type=2 2 2 2 2 2
left_child=4 -2 5 -4 -1 -3
right_child=1 2 3 -5 -6 -7
leaf_value=-0.025666920831788526 -0.025783132275709622 0.011849434489600982 -0.027527329717122549 0.02061315092809626 0.023980073289602298 0.033841933945451708
leaf_weight=9.236655717715621 1.8524042442441011 2.1837749164551479 2.1864586174488068 2.7176718339323989 0.53287951648235399 7.6715629920363426
leaf_count=153 11 15 19 15 7 23
internal_value=0.000351408 0.0140603 0.0190609 -0.000849812 -0.0229589 0.0289688
internal_weight=26.3814 16.6119 14.7595 4.90413 9.76954 9.85534
internal_count=243 83 72 34 160 38
is_linear=0
shrinkage=0.03


Tree=184
num_leaves=7
num_cat=0
split_feature=38 99 80 40 108 116
split_gain=15.7151 0.764317 1.94705 0.00109855 0.000397872 0.000603977
threshold=1006.3922729492189 19.322250366210941 0.50959604978561412 24.109668731689457 7.0646667480468759 0.00013462694914778697
decision_type=2 2 2 2 2 2
left_child=4 -2 3 -3 5 -1
right_child=1 2 -4 -5 -6 -7
leaf_value=-0.025575443389686002 0.029745148149524926 -0.027498243171563491 0.025141646634498756 -0.025348623053793245 -0.025405634181464149 -0.026523469090279736
leaf_weight=2.6949699521064789 7.4572727549821121 0.38675130903720889 2.8132777344435453 0.47891167551279068 8.2685676123946887 0.77982649952173222
leaf_count=39 8 9 14 8 155 10
internal_value=-0.001307 0.0242249 0.0130352 -0.026309 -0.0255188 -0.0257882
internal_weight=22.8796 11.1362 3.67894 0.865663 11.7434 3.4748
internal_count=243 39 31 17 204 49
is_linear=0
shrinkage=0.03


Tree=185
num_leaves=7
num_cat=0
split_feature=106 45 50 95 35 59
split_gain=6.43859 2.94409 1.92617 0.858584 1.33745 0.00196238
threshold=0.6535087823867799 19.103755950927738 -0.41409730911254877 1.1475200057029726 0.027416908182203773 9.1862964630126971
decision_type=2 2 2 2 2 2
left_child=2 3 -1 5 -5 -2
right_child=1 -3 -4 4 -6 -7
leaf_value=0.023866443278055288 -0.02539872982322065 0.015101539246453083 0.00063976704594812482 0.031506478274283573 -0.025554414264719313 -0.027613223324769776
leaf_weight=8.0901554524898511 8.5479439571499789 2.3676804117858401 5.3307604342699078 0.64855259656906017 0.85981537960469723 0.37598482519388277
leaf_count=14 182 10 14 1 20 2
internal_value=0.00012287 -0.0150994 0.0146409 -0.0219537 -0.00101996 -0.025492
internal_weight=26.2209 12.8 13.4209 10.4323 1.50837 8.92393
internal_count=243 215 28 205 21 184
is_linear=0
shrinkage=0.03


Tree=186
num_leaves=7
num_cat=0
split_feature=105 59 115 30 25 39
split_gain=10.21 4.69205 2.97318 1.57109 0.067875 0.000504318
threshold=24.971490859985355 7.9545319080352792 -10.538574218749998 14.487994194030763 24.808678627014164 26.737955093383793
decision_type=2 2 2 2 2 2
left_child=5 2 -2 -4 -3 -1
right_child=1 4 3 -5 -6 -7
leaf_value=-0.025795123863893554 -0.025898619250815508 -0.025901475175789109 0.031136441845061019 -0.0059122712748225842 -0.015553133131606634 -0.02529367754863722
leaf_weight=2.5288007110357302 1.029069997370242 1.6071426719427102 10.132262509316204 1.1467292979359616 0.88432393968105305 6.3073483370244503
leaf_count=19 9 11 148 10 8 38
internal_value=8.05223e-05 0.015316 0.022916 0.0273697 -0.0222284 -0.0254372
internal_weight=23.6357 14.7995 12.3081 11.279 2.49147 8.83615
internal_count=243 186 167 158 19 57
is_linear=0
shrinkage=0.03


Tree=187
num_leaves=7
num_cat=0
split_feature=115 91 54 42 45 105
split_gain=11.8963 2.0685 1.95703 1.27462 0.922158 0.0702908
threshold=-8.9243469238281232 1009.681365966797 28.027947425842289 1.1087167263031008 1.2503336071968081 26.094298362731937
decision_type=2 2 2 2 2 2
left_child=1 3 4 5 -2 -1
right_child=2 -3 -4 -5 -6 -7
leaf_value=0.0330804920871587 0.0048799131597133723 -0.0044812309368520604 0.03830260101548319 0.0074842339720628233 -0.025486210078560691 0.0270319875250873
leaf_weight=5.9686627984046954 0.98044649697839936 2.5269947052001944 0.48786732926964838 2.6553598195314398 10.977054594084619 2.4345096275210381
leaf_count=18 7 5 3 10 191 9
internal_value=0.000595937 0.020007 -0.0205934 0.0256028 -0.0229964 0.0313282
internal_weight=26.0309 13.5855 12.4454 11.0585 11.9575 8.40317
internal_count=243 42 201 37 198 27
is_linear=0
shrinkage=0.03


Tree=188
num_leaves=7
num_cat=0
split_feature=71 106 11 115 90 71
split_gain=8.93005 3.4976 3.07482 2.9534 1.32182 0.889831
threshold=5.1587979793548593 0.23903508484363559 2.895560741424561 -8.3700561523437482 13.81957530975342 5.8238549232482919
decision_type=2 2 2 2 2 2
left_child=4 -2 5 -4 -1 -3
right_child=1 2 3 -5 -6 -7
leaf_value=-0.025607666202206815 -0.025719045383528621 0.011525717422043509 -0.027392281551331967 0.020054933678631089 0.023335020626021653 0.033384894271595481
leaf_weight=8.8954288316890597 1.789390660822394 2.1588974464684707 2.1154599227011204 2.672102401033043 0.52600570395588953 7.4935723915696144
leaf_count=153 11 15 19 15 7 23
internal_value=0.000357036 0.0138437 0.0187463 -0.000910367 -0.0228752 0.0284958
internal_weight=25.6509 16.2294 14.44 4.78756 9.42143 9.65247
internal_count=243 83 72 34 160 38
is_linear=0
shrinkage=0.03


Tree=189
num_leaves=7
num_cat=0
split_feature=38 6 89 25 108 116
split_gain=14.9874 0.735994 2.09612 0.00084799 0.00037665 0.000572102
threshold=1006.3922729492189 39.013589859008796 1.4458705782890322 24.400039672851566 7.0646667480468759 0.00013462694914778697
decision_type=2 2 2 2 2 2
left_child=4 -2 3 -3 5 -1
right_child=1 2 -4 -5 -6 -7
leaf_value=-0.025518891594629094 0.029663239323186621 -0.027310372447348331 0.025963275143296039 -0.025392594031943449 -0.025351666055433746 -0.026454878737373139
leaf_weight=2.6005853321403287 7.031553387641905 0.31494410522282157 2.8509132023900747 0.60830711759626865 7.9637276167050004 0.75933717377483834
leaf_count=39 6 8 11 14 155 10
internal_value=-0.00134645 0.0239271 0.0132404 -0.0260468 -0.025464 -0.0257304
internal_weight=22.1294 10.8057 3.77416 0.923251 11.3237 3.35992
internal_count=243 39 33 22 204 49
is_linear=0
shrinkage=0.03


Tree=190
num_leaves=7
num_cat=0
split_feature=106 56 102 54 95 35
split_gain=6.07702 2.84304 1.89167 2.86503 0.833026 1.27097
threshold=0.6535087823867799 8.5856461524963397 0.32897843420505529 26.736135482788089 1.1475200057029726 0.027416908182203773
decision_type=2 2 2 2 2 2
left_child=2 4 3 -1 -2 -6
right_child=1 -3 -4 -5 5 -7
leaf_value=0.020166132584285339 -0.025596409000868257 0.01439285200505977 0.028450142654181051 -0.016181612349446633 0.031089792002728774 -0.02549114944740451
leaf_weight=4.7331650108099002 8.5387120516970736 2.3916092962026587 5.155870020389556 3.321209579706192 0.62908083200454601 0.82705057039856911
leaf_count=9 189 5 9 10 1 20
internal_value=0.000106638 -0.0149892 0.0142611 0.00517819 -0.0220198 -0.00104694
internal_weight=25.5967 12.3865 13.2102 8.05437 9.99484 1.45613
internal_count=243 215 28 19 210 21
is_linear=0
shrinkage=0.03


Tree=191
num_leaves=7
num_cat=0
split_feature=105 59 115 30 25 39
split_gain=9.79066 4.46312 2.82443 1.48951 0.0700753 0.000497177
threshold=24.971490859985355 7.9545319080352792 -10.538574218749998 14.487994194030763 24.808678627014164 26.737955093383793
decision_type=2 2 2 2 2 2
left_child=5 2 -2 -4 -3 -1
right_child=1 4 3 -5 -6 -7
leaf_value=-0.025746490348224141 -0.025824272897254481 -0.02583559330204473 0.030747928616812754 -0.0056388513603048722 -0.015155520059231369 -0.025240604541122657
leaf_weight=2.4564886577427405 0.99221305549144645 1.5574593916535371 9.8873269408941251 1.1280273087322701 0.85724832862615574 6.0658880360424519
leaf_count=19 9 11 148 10 8 38
internal_value=0.000106704 0.015171 0.022655 0.0270217 -0.022044 -0.0253864
internal_weight=22.9447 14.4223 12.0076 11.0154 2.41471 8.52238
internal_count=243 186 167 158 19 57
is_linear=0
shrinkage=0.03


Tree=192
num_leaves=7
num_cat=0
split_feature=115 91 54 42 79 105
split_gain=11.2689 1.97707 1.85849 1.24898 0.91516 0.0695014
threshold=-8.9243469238281232 1009.681365966797 28.027947425842289 1.1087167263031008 -1.2191934585571287 26.094298362731937
decision_type=2 2 2 2 2 2
left_child=1 3 4 5 -2 -1
right_child=2 -3 -4 -5 -6 -7
leaf_value=0.03268560089083701 0.005509670988042498 -0.0043679897815990182 0.036938801442210109 0.0071507560059288237 -0.025398089696602483 0.026588281135833527
leaf_weight=5.8282729983329791 0.9385150745511045 2.516246259212493 0.48709671571850854 2.6260804235935202 10.602218566462394 2.3653426840901375
leaf_count=18 7 5 3 10 191 9
internal_value=0.000594001 0.0195846 -0.0204619 0.025155 -0.0228846 0.0309254
internal_weight=25.3638 13.3359 12.0278 10.8197 11.5407 8.19362
internal_count=243 42 201 37 198 27
is_linear=0
shrinkage=0.03


Tree=193
num_leaves=7
num_cat=0
split_feature=71 106 11 115 90 71
split_gain=8.52245 3.33944 2.91989 2.78617 1.26681 0.866598
threshold=5.1587979793548593 0.23903508484363559 2.895560741424561 -8.3700561523437482 13.81957530975342 5.8238549232482919
decision_type=2 2 2 2 2 2
left_child=4 -2 5 -4 -1 -3
right_child=1 2 3 -5 -6 -7
leaf_value=-0.025552794412980143 -0.02566453719747936 0.011233566921599002 -0.027254279563854938 0.019486016628492944 0.022722404027737741 0.032965687123353189
leaf_weight=8.5734667861834168 1.7326999530196179 2.1331981215625984 2.03975860029459 2.6248334664851418 0.51882576197385866 7.3119696937501431
leaf_count=153 11 15 19 15 7 23
internal_value=0.000353199 0.0136402 0.0184669 -0.000952838 -0.0227981 0.0280575
internal_weight=24.9348 15.8425 14.1098 4.66459 9.09229 9.44517
internal_count=243 83 72 34 160 38
is_linear=0
shrinkage=0.03


Tree=194
num_leaves=7
num_cat=0
split_feature=38 6 35 40 108 116
split_gain=14.3444 0.697942 2.01716 0.000368272 0.000359979 0.000555172
threshold=1006.3922729492189 39.013589859008796 1.1322103142738345 24.136933326721195 7.0646667480468759 0.00013462694914778697
decision_type=2 2 2 2 2 2
left_child=4 -2 3 -3 5 -1
right_child=1 2 -4 -5 -6 -7
leaf_value=-0.025464589553788594 0.029385065052445074 -0.026551478473039816 0.025848720401306431 -0.025280954901814482 -0.025301127022675115 -0.026398344757257809
leaf_weight=2.5111189661547564 6.811001777648924 0.31488543190062079 2.7772804815322161 0.59013729449361563 7.673812142573297 0.74251454696059216
leaf_count=39 6 10 8 15 155 10
internal_value=-0.0013562 0.0236962 0.0131736 -0.025723 -0.0254132 -0.0256777
internal_weight=21.4208 10.4933 3.6823 0.905023 10.9274 3.25363
internal_count=243 39 33 25 204 49
is_linear=0
shrinkage=0.03


Tree=195
num_leaves=7
num_cat=0
split_feature=106 59 50 95 35 45
split_gain=5.74752 2.72564 1.8229 0.79863 1.20815 0.0154461
threshold=0.6535087823867799 9.1862964630126971 -0.41409730911254877 1.1475200057029726 0.027416908182203773 19.103755950927738
decision_type=2 2 2 2 2 2
left_child=2 3 -1 5 -5 -2
right_child=1 -3 -4 4 -6 -7
leaf_value=0.023185880132454942 -0.025295515775972471 0.013954729616430009 0.00022982826192912461 0.030699437778771536 -0.025430635965928421 -0.032170202877195339
leaf_weight=7.7376225292682648 7.9087610347196442 2.3678014427423468 5.2091058641672152 0.60965764522552379 0.79538309760391712 0.30550355091691006
leaf_count=14 182 5 14 1 20 7
internal_value=9.01412e-05 -0.0148788 0.0139495 -0.0219761 -0.00107538 -0.0255512
internal_weight=24.9338 11.9871 12.9467 9.61931 1.40504 8.21426
internal_count=243 215 28 210 21 189
is_linear=0
shrinkage=0.03


Tree=196
num_leaves=7
num_cat=0
split_feature=105 59 115 30 25 39
split_gain=9.37889 4.24724 2.68368 1.41272 0.0718318 0.000464498
threshold=24.971490859985355 7.9545319080352792 -10.538574218749998 14.487994194030763 24.808678627014164 26.737955093383793
decision_type=2 2 2 2 2 2
left_child=5 2 -2 -4 -3 -1
right_child=1 4 3 -5 -6 -7
leaf_value=-0.025689113448214073 -0.025753319195366695 -0.025772217786964237 0.030374675565780787 -0.0053696465443513293 -0.014790644539783571 -0.02519153996979721
leaf_weight=2.3757449276745337 0.95656939595937629 1.5089931190013879 9.6385465823113901 1.1097173132002343 0.83146364241838444 5.8375148698687553
leaf_count=19 9 11 148 10 8 38
internal_value=0.000130258 0.0150218 0.0223988 0.0266842 -0.0218709 -0.0253355
internal_weight=22.2585 14.0453 11.7048 10.7483 2.34046 8.21326
internal_count=243 186 167 158 19 57
is_linear=0
shrinkage=0.03


Tree=197
num_leaves=7
num_cat=0
split_feature=115 70 54 45 89 72
split_gain=10.6815 1.93117 1.76574 0.902298 0.447621 0.000899688
threshold=-8.9243469238281232 23.04548263549805 28.027947425842289 1.2503336071968081 1.3483381271362307 2.3467699289321904
decision_type=2 2 2 2 2 2
left_child=1 -1 3 -2 -3 -5
right_child=2 4 -4 5 -6 -7
leaf_value=0.0046158958454392473 0.0052178422109951687 0.034058311902113662 0.035676240861604661 -0.025271370524018382 0.019599215848728039 -0.026111777939358559
leaf_weight=5.0305110253393677 0.94812515377998074 4.8486393094062787 0.48543064296245653 8.8686506766825897 3.1978450044989586 1.3166524926200498
leaf_count=15 7 15 3 178 12 13
internal_value=0.000599066 0.0191965 -0.0203323 -0.0227743 0.028312 -0.02538
internal_weight=24.6959 13.077 11.6189 11.1334 8.04648 10.1853
internal_count=243 42 201 198 27 191
is_linear=0
shrinkage=0.03


Tree=198
num_leaves=7
num_cat=0
split_feature=71 106 11 115 90 106
split_gain=8.1667 3.17536 2.77969 2.63221 1.21418 0.860344
threshold=5.1587979793548593 0.23903508484363559 2.895560741424561 -8.3700561523437482 13.81957530975342 3.5592105388641362
decision_type=2 2 2 2 2 2
left_child=4 -2 5 -4 -1 -3
right_child=1 2 3 -5 -6 -7
leaf_value=-0.025500511597355505 -0.025596785416407645 0.03281296387887437 -0.027122384077305738 0.018954017407956037 0.022132844195642518 0.011389878512640648
leaf_weight=8.2671261737123132 1.667633682489394 7.0297176688909513 1.9665339812636373 2.5795243754982939 0.51141174510121423 2.2199224922806025
leaf_count=153 11 21 19 15 7 17
internal_value=0.000384573 0.0135042 0.0182307 -0.000977713 -0.0227255 0.0276714
internal_weight=24.2419 15.4633 13.7957 4.54606 8.77854 9.24964
internal_count=243 83 72 34 160 38
is_linear=0
shrinkage=0.03


Tree=199
num_leaves=7
num_cat=0
split_feature=38 99 50 108 116 61
split_gain=13.6775 0.669525 1.72284 0.000348867 0.000524302 0.000320973
threshold=1006.3922729492189 19.322250366210941 -1.3636656403541563 7.0646667480468759 0.00013462694914778697 1008.8778381347657
decision_type=2 2 2 2 2 2
left_child=3 -2 5 4 -1 -3
right_child=1 2 -4 -5 -6 -7
leaf_value=-0.025415530279148443 0.028859129093616365 -0.02523273498297678 0.02456302115148205 -0.025249737935298913 -0.026335595539294675 -0.026539244616560539
leaf_weight=2.4278813162818573 6.7834799829870445 0.56967951823025975 2.5621292032301426 7.3837672062218189 0.72354719322174776 0.2407529279589653
leaf_count=39 8 15 8 155 10 8
internal_value=-0.00141433 0.0234279 0.0125037 -0.0253625 -0.0256268 -0.0256209
internal_weight=20.6912 10.156 3.37256 10.5352 3.15143 0.810432
internal_count=243 39 31 204 49 23
is_linear=0
shrinkage=0.03


Tree=200
num_leaves=7
num_cat=0
split_feature=106 56 60 80 95 35
split_gain=5.44744 2.61937 1.78835 2.52578 0.767918 1.14635
threshold=0.6535087823867799 8.5856461524963397 21.761705398559574 0.31729689240455633 1.1475200057029726 0.027416908182203773
decision_type=2 2 2 2 2 2
left_child=2 4 3 -1 -2 -6
right_child=1 -3 -4 -5 5 -7
leaf_value=0.022700289461748662 -0.025508213675396064 0.013580198695893306 0.030406622790172574 -0.0094828741900490759 0.03033349508005247 -0.025364963548770478
leaf_weight=4.2551808953285235 7.9148506997153145 2.3405340909957877 3.9486794769763938 4.532467395067215 0.59034669399261452 0.76159343216568232
leaf_count=8 189 5 7 13 1 20
internal_value=8.87185e-05 -0.0147768 0.0136365 0.00610095 -0.021939 -0.00104332
internal_weight=24.3437 11.6073 12.7363 8.78765 9.26679 1.35194
internal_count=243 215 28 21 210 21
is_linear=0
shrinkage=0.03


Tree=201
num_leaves=7
num_cat=0
split_feature=105 59 115 69 25 39
split_gain=8.97872 4.05889 2.55917 1.35634 0.0722386 0.000453901
threshold=24.971490859985355 7.9545319080352792 -10.538574218749998 25.271243095397953 24.808678627014164 26.737955093383793
decision_type=2 2 2 2 2 2
left_child=5 2 -2 -4 -3 -1
right_child=1 4 3 -5 -6 -7
leaf_value=-0.025641629631816612 -0.025686331922040184 -0.025711198382167535 -0.004818386665690063 0.030100645098595256 -0.01456587488444373 -0.025141844730483861
leaf_weight=2.3084990382194546 0.92502982169389625 1.4617618769407266 1.1209650337696064 9.3641580529510957 0.81532052904367436 5.6094402261078358
leaf_count=19 9 11 10 148 8 38
internal_value=0.000139803 0.0148493 0.0221474 0.0263674 -0.0217206 -0.0252876
internal_weight=21.6052 13.6872 11.4102 10.4851 2.27708 7.91794
internal_count=243 186 167 158 19 57
is_linear=0
shrinkage=0.03


Tree=202
num_leaves=7
num_cat=0
split_feature=115 30 117 54 79 34
split_gain=10.1111 1.8756 2.7737 1.67834 0.890965 0.00582076
threshold=-8.9243469238281232 14.487994194030763 287.07450866699224 28.027947425842289 -1.2191934585571287 1.7974103689193728
decision_type=2 2 2 2 2 2
left_child=1 2 -1 4 -2 -3
right_child=3 5 -4 -5 -6 -7
leaf_value=0.023662561056224059 0.0057029529304957749 0.03162295622059471 -0.015967918939185304 0.034504679229343783 -0.025295226880955028 0.02975618263272177
leaf_weight=3.9172056168317813 0.91190629824995895 2.4991138875484467 2.6747289784252644 0.48294520750641901 9.8322456330060923 3.7725604176521301
leaf_count=11 7 8 9 3 191 14
internal_value=0.000598703 0.0187558 0.00758218 -0.0202051 -0.0226643 0.0305
internal_weight=24.0907 12.8636 6.59193 11.2271 10.7442 6.27167
internal_count=243 42 20 201 198 22
is_linear=0
shrinkage=0.03


Tree=203
num_leaves=7
num_cat=0
split_feature=117 106 11 60 57 101
split_gain=7.79931 2.81032 2.51963 2.65562 1.59406 0.000402182
threshold=282.14941406250006 0.23903508484363559 2.895560741424561 25.465800285339359 -1.5172061324119566 -0.21977628022432324
decision_type=2 2 2 2 2 2
left_child=5 -2 4 -4 -3 -1
right_child=1 2 3 -5 -6 -7
leaf_value=-0.025449401552505437 -0.025547449707290257 -0.0029971467368597208 -0.021016987405907756 0.025273718849881319 0.029814315982367601 -0.024998756639565516
leaf_weight=4.3047072896733907 1.6160670444369341 1.583517551422118 2.740086091682314 1.8810847476124761 8.4093160107731801 3.0418342212215066
leaf_count=76 11 10 25 7 30 84
internal_value=0.00038364 0.0119925 0.0161438 -0.00217398 0.0246148 -0.0252628
internal_weight=23.5766 16.2301 14.614 4.62117 9.99283 7.34654
internal_count=243 83 72 32 40 160
is_linear=0
shrinkage=0.03


Tree=204
num_leaves=7
num_cat=0
split_feature=38 6 80 40 108 116
split_gain=13.0978 0.638068 1.87471 0.000797377 0.000335671 0.000510622
threshold=1006.3922729492189 39.013589859008796 0.61608591675758373 24.109668731689457 7.0646667480468759 0.00013462694914778697
decision_type=2 2 2 2 2 2
left_child=4 -2 3 -3 5 -1
right_child=1 2 -4 -5 -6 -7
leaf_value=-0.025365880689499503 0.028859467191392804 -0.026986261833160021 0.025313161561888019 -0.025141181079299874 -0.02520327007629394 -0.026284741628309474
leaf_weight=2.3430848959833406 6.3689621686935407 0.41493231803178821 2.6462422627955675 0.42849485669285059 7.1180048193782568 0.70901087298989285
leaf_count=39 6 11 13 9 155 10
internal_value=-0.00143036 0.02321 0.0128993 -0.0260489 -0.0253161 -0.0255793
internal_weight=20.0287 9.85863 3.48967 0.843427 10.1701 3.0521
internal_count=243 39 33 20 204 49
is_linear=0
shrinkage=0.03


Tree=205
num_leaves=7
num_cat=0
split_feature=73 85 70 71 45 18
split_gain=5.18973 4.39044 3.4538 3.13891 0.060619 0.0105567
threshold=52.504068374633796 16.779646873474125 23.411199569702152 3.6286034584045415 35.724126815795906 23.62686920166016
decision_type=2 2 2 2 2 2
left_child=-1 2 3 -2 -3 -4
right_child=1 4 5 -5 -6 -7
leaf_value=-0.025675877069743291 -0.02556668701338401 -0.025412793153185006 -0.025469809058767407 0.02326274922970397 -0.036874229330623835 -0.030536456650009966
leaf_weight=5.427422862499955 1.3072614641860152 2.1886799763888116 1.0916576292365778 12.651771655306218 0.51257405430078495 0.55994950234889973
leaf_count=99 24 43 27 46 2 2
internal_value=8.90664e-05 0.00772548 0.013836 0.0186899 -0.0275876 -0.0271876
internal_weight=23.7393 18.3119 15.6106 13.959 2.70125 1.65161
internal_count=243 144 99 70 45 29
is_linear=0
shrinkage=0.03


Tree=206
num_leaves=7
num_cat=0
split_feature=105 59 115 30 25 39
split_gain=8.57868 3.86887 2.43149 1.29727 0.0732364 0.000418382
threshold=24.971490859985355 7.9545319080352792 -10.538574218749998 12.432939529418947 24.808678627014164 26.737955093383793
decision_type=2 2 2 2 2 2
left_child=5 2 -2 -4 -3 -1
right_child=1 4 3 -5 -6 -7
leaf_value=-0.025584573377219182 -0.025623035366964329 -0.025653446559923146 0.0307758709382152 0.0020174676996470311 -0.014285266822472576 -0.025095932930404116
leaf_weight=2.2277979701757458 0.89226938784122367 1.4166623577475541 8.5302359163761121 1.6916606351733197 0.79692675918340672 5.3985537104308605
leaf_count=19 9 11 142 16 8 38
internal_value=0.00013697 0.0146573 0.0218708 0.0260165 -0.0215607 -0.0252387
internal_weight=20.9541 13.3278 11.1142 10.2219 2.21359 7.62635
internal_count=243 186 167 158 19 57
is_linear=0
shrinkage=0.03


Tree=207
num_leaves=7
num_cat=0
split_feature=115 70 54 45 89 72
split_gain=9.62105 1.84408 1.60014 0.88114 0.432154 0.000747102
threshold=-8.9243469238281232 23.04548263549805 28.027947425842289 1.2503336071968081 1.3483381271362307 2.3467699289321904
decision_type=2 2 2 2 2 2
left_child=1 -1 3 -2 -3 -5
right_child=2 4 -4 5 -6 -7
leaf_value=0.004055411228673692 0.0055300224591063934 0.033348217957878491 0.033473413722164148 -0.025176484408139101 0.018838793237028632 -0.025967017540920897
leaf_weight=4.9002433493733424 0.91639899276196679 4.6531438529491425 0.47995140403509218 8.2155360942706448 3.0640266239643097 1.2380650164559472
leaf_count=15 7 15 3 178 12 13
internal_value=0.000635575 0.0184482 -0.0200788 -0.0225573 0.0275874 -0.02528
internal_weight=23.4674 12.6174 10.85 10.37 7.71717 9.4536
internal_count=243 42 201 198 27 191
is_linear=0
shrinkage=0.03


Tree=208
num_leaves=7
num_cat=0
split_feature=67 11 43 95 68 104
split_gain=7.4706 2.2122 2.73574 1.60094 1.05707 0.530373
threshold=6.9457876682281503 2.895560741424561 59.095529556274421 1.3072712421417239 1005.924285888672 0.88822811841964733
decision_type=2 2 2 2 2 2
left_child=3 -2 -3 4 -1 -6
right_child=1 2 -4 -5 5 -7
leaf_value=0.0065835185378451703 0.026817022015525351 0.021205520534481204 -0.027480021648146665 0.023098621212617319 0.0020602625919687056 -0.025785488352809444
leaf_weight=1.1626632064580924 7.539119200780986 2.3485107040032744 1.8626118786633012 0.82320570480078537 0.66348300315439601 8.5319221364334208
leaf_count=4 30 9 18 8 6 168
internal_value=0.00038506 0.0170885 -0.000328469 -0.0171683 -0.0203685 -0.0237763
internal_weight=22.9315 11.7502 4.21112 11.1813 10.3581 9.19541
internal_count=243 57 27 186 178 174
is_linear=0
shrinkage=0.03


Tree=209
num_leaves=7
num_cat=0
split_feature=38 99 50 108 116 61
split_gain=12.5081 0.609767 1.57356 0.000314116 0.000475569 0.000251935
threshold=1006.3922729492189 19.322250366210941 -1.3636656403541563 7.0646667480468759 0.00013462694914778697 1008.8778381347657
decision_type=2 2 2 2 2 2
left_child=3 -2 5 4 -1 -3
right_child=1 2 -4 -5 -6 -7
leaf_value=-0.025317908340476147 0.028344023179621081 -0.025145353121316546 0.024049217591739745 -0.025157834252615207 -0.026217823329943202 -0.026341949851945125
leaf_weight=2.2653343612328194 6.3572844956070167 0.53141771629452739 2.4229940045624971 6.8551498260349035 0.68933385703712691 0.22557474300265312
leaf_count=39 8 15 8 155 10 8
internal_value=-0.00148496 0.022979 0.0122536 -0.0252693 -0.0255279 -0.0255019
internal_weight=19.3471 9.53727 3.17999 9.80982 2.95467 0.756992
internal_count=243 39 31 204 49 23
is_linear=0
shrinkage=0.03


Tree=210
num_leaves=7
num_cat=0
split_feature=73 85 70 71 47 18
split_gain=4.96688 4.17934 3.26876 2.95307 0.0544656 0.00908884
threshold=52.504068374633796 16.779646873474125 23.411199569702152 3.6286034584045415 26.244923591613773 23.62686920166016
decision_type=2 2 2 2 2 2
left_child=-1 2 3 -2 -3 -4
right_child=1 4 5 -5 -6 -7
leaf_value=-0.025619371312218569 -0.025497941227345996 -0.036334496893844437 -0.025414019600842601 0.022772351160837069 -0.025353375331600553 -0.030195483514714565
leaf_weight=5.2282861825078752 1.255867038853469 0.50379569828510229 1.0527182659134258 12.434403000399469 2.1051280647516251 0.54200284183025349
leaf_count=99 24 2 27 46 43 2
internal_value=0.000103626 0.00761943 0.0136093 0.0183443 -0.0274739 -0.0270391
internal_weight=23.1222 17.8939 15.285 13.6903 2.60892 1.59472
internal_count=243 144 99 70 45 29
is_linear=0
shrinkage=0.03


Tree=211
num_leaves=7
num_cat=0
split_feature=105 59 115 69 25 39
split_gain=8.21924 3.67447 2.3176 1.25445 0.0742378 0.000389285
threshold=24.971490859985355 7.9545319080352792 -10.538574218749998 25.271243095397953 24.808678627014164 26.737955093383793
decision_type=2 2 2 2 2 2
left_child=5 2 -2 -4 -3 -1
right_child=1 4 3 -5 -6 -7
leaf_value=-0.025531994664645567 -0.025561386491595686 -0.025588790920509301 -0.0046790674448145466 0.029420404193239973 -0.013971871270852219 -0.025052532102273675
leaf_weight=2.156874522566798 0.86273442208766837 1.3670068010687821 1.0901530161499966 8.8801943361759168 0.77621499449014653 5.1945424228906631
leaf_count=19 9 11 10 148 8 38
internal_value=0.000151239 0.0145095 0.0216102 0.025692 -0.0213815 -0.0251932
internal_weight=20.3277 12.9763 10.8331 9.97035 2.14322 7.35142
internal_count=243 186 167 158 19 57
is_linear=0
shrinkage=0.03


Tree=212
num_leaves=7
num_cat=0
split_feature=115 30 117 54 79 34
split_gain=9.07574 1.81707 2.58572 1.55508 0.867965 0.00484045
threshold=-8.9243469238281232 14.487994194030763 287.07450866699224 28.027947425842289 -1.2191934585571287 1.7974103689193728
decision_type=2 2 2 2 2 2
left_child=1 2 -1 4 -2 -3
right_child=3 5 -4 -5 -6 -7
leaf_value=0.022683548253320081 0.0059409317335909267 0.031007712689414765 -0.016034226450426018 0.032927369694973833 -0.025198551495665498 0.029262042405921736
leaf_weight=3.8239076510071772 0.88368768617510696 2.3873923718929291 2.6133458949625492 0.47826133109629232 9.1172979585826361 3.5632008016109467
leaf_count=11 7 8 9 3 191 14
internal_value=0.000629115 0.0180121 0.00696521 -0.0199198 -0.0224471 0.0299624
internal_weight=22.8671 12.3878 6.43725 10.4792 10.001 5.95059
internal_count=243 42 20 201 198 22
is_linear=0
shrinkage=0.03


Tree=213
num_leaves=7
num_cat=0
split_feature=71 106 11 115 90 106
split_gain=7.14096 2.79637 2.42951 2.30528 1.10926 0.817503
threshold=5.1587979793548593 0.23903508484363559 2.895560741424561 -8.3700561523437482 13.81957530975342 3.5592105388641362
decision_type=2 2 2 2 2 2
left_child=4 -2 5 -4 -1 -3
right_child=1 2 3 -5 -6 -7
leaf_value=-0.025365360958949808 -0.025443974729138685 0.031782814347934805 -0.026889582356809057 0.01795529211671737 0.021586177442183604 0.010244736391051596
leaf_weight=7.4283442031592157 1.5252342931926239 6.5844762623310071 1.7982610845938323 2.4200770668685427 0.48227515630424012 2.0893256021663547
leaf_count=153 11 21 19 15 7 17
internal_value=0.000401124 0.0129683 0.0175127 -0.0011619 -0.0225029 0.0265948
internal_weight=22.328 14.4174 12.8921 4.21834 7.91062 8.6738
internal_count=243 83 72 34 160 38
is_linear=0
shrinkage=0.03


Tree=214
num_leaves=7
num_cat=0
split_feature=38 6 80 40 108 116
split_gain=11.9409 0.588748 1.70876 0.000679284 0.000300077 0.000448312
threshold=1006.3922729492189 39.013589859008796 0.61608591675758373 24.109668731689457 7.0646667480468759 0.00013462694914778697
decision_type=2 2 2 2 2 2
left_child=4 -2 3 -3 5 -1
right_child=1 2 -4 -5 -6 -7
leaf_value=-0.025272408221979493 0.028383338407292607 -0.026805552580819684 0.024716986905328583 -0.025045224787574726 -0.025112623676091538 -0.026158252808961616
leaf_weight=2.189009862020614 5.9379969239234907 0.39395574107766185 2.49754892103374 0.39520974922925234 6.5993118742480874 0.67202074266970147
leaf_count=39 6 11 13 9 155 10
internal_value=-0.00154202 0.0227447 0.0125577 -0.025924 -0.0252239 -0.0254805
internal_weight=18.6851 9.22471 3.28671 0.789165 9.46034 2.86103
internal_count=243 39 33 20 204 49
is_linear=0
shrinkage=0.03


Tree=215
num_leaves=7
num_cat=0
split_feature=106 45 50 95 35 59
split_gain=4.74895 2.37352 1.60206 0.674401 0.998924 0.0019614
threshold=0.6535087823867799 19.103755950927738 -0.41409730911254877 1.1475200057029726 0.027416908182203773 9.1862964630126971
decision_type=2 2 2 2 2 2
left_child=2 3 -1 5 -5 -2
right_child=1 -3 -4 4 -6 -7
leaf_value=0.022238817338671824 -0.025133297807007758 0.013441425031116359 -0.00014636704883863569 0.029437021541580607 -0.025219280997865457 -0.027437851877393088
leaf_weight=7.0435570180416107 6.8399055795744044 2.1708086598664513 4.8646995872259158 0.53812348842620827 0.68282694928348064 0.34935706853866566
leaf_count=14 182 10 14 1 20 2
internal_value=9.9268e-05 -0.0145256 0.0130941 -0.0217444 -0.00112998 -0.0252453
internal_weight=22.4893 10.581 11.9083 8.41021 1.22095 7.18926
internal_count=243 215 28 205 21 184
is_linear=0
shrinkage=0.03


Tree=216
num_leaves=7
num_cat=0
split_feature=105 59 115 69 24 25
split_gain=7.87422 3.51225 2.20955 1.25357 0.860239 0.074416
threshold=24.971490859985355 7.9545319080352792 -8.9243469238281232 25.271243095397953 27.244830131530765 24.808678627014164
decision_type=2 2 2 2 2 2
left_child=-1 2 4 -4 -2 -3
right_child=1 5 3 -5 -6 -7
leaf_value=-0.025147866792979645 -0.026244865693549606 -0.025530011220936209 -0.0081763724666858006 0.031226687940729799 0.015823387523213894 -0.013757166951252569
leaf_weight=7.0749208480119732 1.0572365373373021 1.3212123736739152 0.79969511181115915 7.956484816968441 0.74627649039030064 0.76186785101890553
leaf_count=57 10 11 7 142 8 8
internal_value=0.000195093 0.0143771 0.0214 0.027628 -0.00883742 -0.0212242
internal_weight=19.7177 12.6428 10.5597 8.75618 1.80351 2.08308
internal_count=243 186 167 149 18 19
is_linear=0
shrinkage=0.03


Tree=217
num_leaves=7
num_cat=0
split_feature=115 70 54 58 89 72
split_gain=8.59711 1.76564 1.47886 1.57523 0.417789 0.00059005
threshold=-8.9243469238281232 23.04548263549805 28.027947425842289 41.711336135864265 1.3483381271362307 2.3467699289321904
decision_type=2 2 2 2 2 2
left_child=1 -1 3 -2 -3 -5
right_child=2 4 -4 5 -6 -7
leaf_value=0.0034259137442346223 0.029165442399606684 0.032679490386769906 0.031936490812764472 -0.025102068244370092 0.018078512556069959 -0.02583230821330661
leaf_weight=4.7591207958757895 0.50639317464083156 4.434406116604805 0.47406125254929143 7.9960259292274696 2.9285436868667603 1.1375386510044334
leaf_count=15 6 15 3 180 12 12
internal_value=0.000628221 0.0176671 -0.0197936 -0.0223375 0.0268721 -0.025193
internal_weight=22.2361 12.1221 10.114 9.63996 7.36295 9.13356
internal_count=243 42 201 198 27 192
is_linear=0
shrinkage=0.03


Tree=218
num_leaves=7
num_cat=0
split_feature=71 106 11 60 90 71
split_gain=6.80303 2.6591 2.31449 2.22128 1.07396 0.807719
threshold=5.1587979793548593 0.23903508484363559 2.895560741424561 25.465800285339359 13.81957530975342 5.8238549232482919
decision_type=2 2 2 2 2 2
left_child=4 -2 5 -4 -1 -3
right_child=1 2 3 -5 -6 -7
leaf_value=-0.025315468541659818 -0.025388989005197336 0.0093470899211481936 -0.020113786817213982 0.0245243488336091 0.021207464618898553 0.031277463858113148
leaf_weight=7.1466071931645301 1.4706856235861767 1.9679183112457375 2.3722858903929582 1.7386181280016897 0.47634297981858242 6.5172429792582989
leaf_count=153 11 15 27 7 7 23
internal_value=0.000415085 0.0127834 0.0172403 -0.00123505 -0.0224083 0.0261913
internal_weight=21.6897 14.0668 12.5961 4.1109 7.62295 8.48516
internal_count=243 83 72 34 160 38
is_linear=0
shrinkage=0.03


Tree=219
num_leaves=7
num_cat=0
split_feature=38 6 89 40 108 116
split_gain=11.3828 0.565665 1.63532 0.000566913 0.000277764 0.000419342
threshold=1006.3922729492189 39.013589859008796 1.4458705782890322 24.109668731689457 7.0646667480468759 0.00013462694914778697
decision_type=2 2 2 2 2 2
left_child=4 -2 3 -3 5 -1
right_child=1 2 -4 -5 -6 -7
leaf_value=-0.025224826734021325 0.028154332932252661 -0.026727484944769737 0.024507927293183494 -0.025062313061667733 -0.025070183572458271 -0.026094479927977955
leaf_weight=2.1102367574349068 5.7195079326629621 0.30488146096468005 2.4157362692058086 0.4641378428786993 6.3509280821308494 0.65357624366879452
leaf_count=39 6 9 11 13 155 10
internal_value=-0.00161227 0.022512 0.0123788 -0.0257225 -0.0251794 -0.0254305
internal_weight=18.019 8.90426 3.18476 0.769019 9.11474 2.76381
internal_count=243 39 33 22 204 49
is_linear=0
shrinkage=0.03


Tree=220
num_leaves=7
num_cat=0
split_feature=73 85 70 71 47 18
split_gain=4.57817 3.83751 2.9811 2.71884 0.0490327 0.00747408
threshold=52.504068374633796 16.779646873474125 23.411199569702152 3.6286034584045415 26.244923591613773 23.62686920166016
decision_type=2 2 2 2 2 2
left_child=-1 2 3 -2 -3 -4
right_child=1 4 5 -5 -6 -7
leaf_value=-0.025539255278328152 -0.025420690332070964 -0.035847716115153132 -0.025318631041088259 0.022128169713064371 -0.025254010056900082 -0.029774576411319746
leaf_weight=4.874993096105757 1.1902484269812728 0.49261406809091512 0.97990919835865387 11.933173878118394 1.9487914275377987 0.51780016720294952
leaf_count=99 24 2 27 46 43 2
internal_value=0.000100173 0.0074257 0.0132394 0.0178157 -0.0273916 -0.0268592
internal_weight=21.9375 17.0625 14.6211 13.1234 2.44141 1.49771
internal_count=243 144 99 70 45 29
is_linear=0
shrinkage=0.03


Tree=221
num_leaves=7
num_cat=0
split_feature=105 59 115 30 25 39
split_gain=7.54733 3.34126 2.13987 1.17558 0.0767736 0.000343602
threshold=24.971490859985355 7.9545319080352792 -10.538574218749998 12.432939529418947 24.808678627014164 26.737955093383793
decision_type=2 2 2 2 2 2
left_child=5 2 -2 -4 -3 -1
right_child=1 4 3 -5 -6 -7
leaf_value=-0.025434766933809055 -0.025473395738903365 -0.025479372172463734 0.030017135059579151 0.0019959552661773009 -0.013336901331552492 -0.024968485678456984
leaf_weight=2.0217615291476276 0.81471274048089881 1.2799123078584664 7.8328266292810422 1.6274428293108938 0.73935773223638523 4.7972795143723488
leaf_count=19 9 11 142 16 8 38
internal_value=0.000206028 0.0142458 0.021179 0.0251967 -0.0210334 -0.0251067
internal_weight=19.1133 12.2943 10.275 9.46027 2.01927 6.81904
internal_count=243 186 167 158 19 57
is_linear=0
shrinkage=0.03


Tree=222
num_leaves=7
num_cat=0
split_feature=115 30 20 54 58 34
split_gain=8.14847 1.75919 2.46899 1.41302 1.50849 0.00378107
threshold=-8.9243469238281232 14.487994194030763 1.7334954738616946 28.027947425842289 41.711336135864265 1.7974103689193728
decision_type=2 2 2 2 2 2
left_child=1 2 -1 4 -2 -3
right_child=3 5 -4 -5 -6 -7
leaf_value=0.021871130854871395 0.028315606732133857 0.030403296301086253 -0.01641575269059049 0.031081193780625307 -0.025148667720477295 0.028818351832224181
leaf_weight=3.7451194524765032 0.50210083089768609 2.2687730342149734 2.5466466434299946 0.46957394108176309 8.7866826765239221 3.3621653169393539
leaf_count=11 6 8 9 3 192 14
internal_value=0.000637144 0.0172759 0.00637418 -0.019692 -0.0222587 0.0294569
internal_weight=21.6811 11.9227 6.29177 9.75836 9.28878 5.63094
internal_count=243 42 20 201 198 22
is_linear=0
shrinkage=0.03


Tree=223
num_leaves=7
num_cat=0
split_feature=117 106 105 16 115 116
split_gain=6.49113 2.3507 2.12202 2.76112 0.886574 0.000315136
threshold=282.14941406250006 0.23903508484363559 26.157895088195804 1001.2159118652345 -8.9243469238281232 0.00013462694914778697
decision_type=2 2 2 2 2 2
left_child=5 -2 4 -4 -3 -1
right_child=1 2 3 -5 -6 -7
leaf_value=-0.024950463037110855 -0.025346472681072884 0.0058975253896143449 0.023582392840655792 -0.022013245991418923 0.029279626378926213 -0.025417917976473858
leaf_weight=4.4729209914803532 1.4247459098696698 1.8680593483150003 2.2390017323195925 2.5642732894048095 6.6723317056894285 1.8285779636353252
leaf_count=111 11 12 11 26 23 49
internal_value=0.000405363 0.0112823 0.0151932 -0.000759265 0.0241652 -0.0250861
internal_weight=21.0699 14.7684 13.3437 4.80328 8.54039 6.3015
internal_count=243 83 72 37 35 160
is_linear=0
shrinkage=0.03


Tree=224
num_leaves=7
num_cat=0
split_feature=38 6 35 108 116 40
split_gain=10.9024 0.53637 1.55799 0.000259665 0.000386973 0.000227529
threshold=1006.3922729492189 39.013589859008796 1.1322103142738345 7.0646667480468759 0.00013462694914778697 24.136933326721195
decision_type=2 2 2 2 2 2
left_child=3 -2 5 4 -1 -3
right_child=1 2 -4 -5 -6 -7
leaf_value=-0.025183552810121513 0.027952038438885746 -0.026109195912607373 0.024329716687064011 -0.025031027350296154 -0.026030545827113533 -0.02501897771827
leaf_weight=2.037229838781061 5.5177017450332624 0.26989291980862651 2.3547023255378008 6.1183927580714226 0.63735131174325932 0.47639687359333038
leaf_count=39 6 10 8 155 10 15
internal_value=-0.00163628 0.0223415 0.0123585 -0.0251388 -0.0253854 -0.0254133
internal_weight=17.4117 8.61869 3.10099 8.79297 2.67458 0.74629
internal_count=243 39 33 204 49 25
is_linear=0
shrinkage=0.03


Tree=225
num_leaves=7
num_cat=0
split_feature=73 85 70 71 47 18
split_gain=4.37889 3.64495 2.81786 2.56055 0.0440289 0.00658609
threshold=52.504068374633796 16.779646873474125 23.411199569702152 3.6286034584045415 26.244923591613773 23.62686920166016
decision_type=2 2 2 2 2 2
left_child=-1 2 3 -2 -3 -4
right_child=1 4 5 -5 -6 -7
leaf_value=-0.02548297078039927 -0.025359489385486988 -0.03536313019890041 -0.025260087343263925 0.021671880077302062 -0.025199719729350662 -0.029515931587880292
leaf_weight=4.6938330559060004 1.1436478123068834 0.48272238671779577 0.94003744143992551 11.703506265766917 1.8685875674709675 0.50204706192016602
leaf_count=99 24 2 27 46 43 2
internal_value=0.000107787 0.00732622 0.0130217 0.0174852 -0.0272863 -0.0267417
internal_weight=21.3344 16.6405 14.2892 12.8472 2.35131 1.44208
internal_count=243 144 99 70 45 29
is_linear=0
shrinkage=0.03


Tree=226
num_leaves=7
num_cat=0
split_feature=105 59 115 30 25 39
split_gain=7.22525 3.18229 2.02903 1.1256 0.0778021 0.000326064
threshold=24.971490859985355 7.9545319080352792 -10.538574218749998 12.432939529418947 24.808678627014164 26.737955093383793
decision_type=2 2 2 2 2 2
left_child=5 2 -2 -4 -3 -1
right_child=1 4 3 -5 -6 -7
leaf_value=-0.025389875105430507 -0.025410679545973199 -0.025426027786035362 0.029727615586699434 0.0021016314972948512 -0.013028418944298806 -0.024927713703386433
leaf_weight=1.9578916095197225 0.78264155983924766 1.2370388135313977 7.6020383611321432 1.6081635653972624 0.72115936130285252 4.6062477193772793
leaf_count=19 9 11 142 16 8 38
internal_value=0.000221461 0.0141104 0.0209633 0.0249039 -0.0208603 -0.0250656
internal_weight=18.5152 11.951 9.99284 9.2102 1.9582 6.56414
internal_count=243 186 167 158 19 57
is_linear=0
shrinkage=0.03


Tree=227
num_leaves=7
num_cat=0
split_feature=115 30 20 45 54 34
split_gain=7.71964 1.71787 2.35143 1.35205 1.49895 0.00324412
threshold=-8.9243469238281232 14.487994194030763 1.7334954738616946 0.94426462054252636 28.027947425842289 1.7974103689193728
decision_type=2 2 2 2 2 2
left_child=1 2 -1 -2 -5 -3
right_child=3 5 -4 4 -6 -7
leaf_value=0.021369631941435652 0.029591686233079093 0.030095134917521922 -0.016220844635451249 -0.025097565414646767 0.03025113432209434 0.02860489902084655
leaf_weight=3.6981538087129611 0.47759936936199565 2.2030587494373322 2.5170318968594074 8.4619370382279122 0.46454340405762273 3.2603912204504013
leaf_count=11 4 8 9 194 3 14
internal_value=0.000643951 0.0169339 0.0061462 -0.019586 -0.0222172 0.0292058
internal_weight=21.0827 11.6786 6.21519 9.40408 8.92648 5.46345
internal_count=243 42 20 201 197 22
is_linear=0
shrinkage=0.03


Tree=228
num_leaves=7
num_cat=0
split_feature=71 106 11 115 90 71
split_gain=6.20409 2.4223 2.15269 2.02686 1.00043 0.768234
threshold=5.1587979793548593 0.23903508484363559 2.895560741424561 -8.3700561523437482 13.81957530975342 5.8238549232482919
decision_type=2 2 2 2 2 2
left_child=4 -2 5 -4 -1 -3
right_child=1 2 3 -5 -6 -7
leaf_value=-0.025227306197257101 -0.025295488266248729 0.0089115444246025584 -0.026613322036506539 0.017022581004384415 0.020693771643202716 0.030734135665916679
leaf_weight=6.6319484403356936 1.3735554590821255 1.8971851756796221 1.6628189515322449 2.2602805569767943 0.45635906234383572 6.1851716600358486
leaf_count=153 11 15 19 15 7 23
internal_value=0.000421075 0.0124434 0.0167612 -0.00147264 -0.0222708 0.0256117
internal_weight=20.4673 13.379 12.0055 3.9231 7.08831 8.08236
internal_count=243 83 72 34 160 38
is_linear=0
shrinkage=0.03


Tree=229
num_leaves=7
num_cat=0
split_feature=38 6 80 40 108 116
split_gain=10.3964 0.514997 1.49801 0.000508576 0.000234924 0.000354631
threshold=1006.3922729492189 39.013589859008796 0.61608591675758373 24.109668731689457 7.0646667480468759 0.00013462694914778697
decision_type=2 2 2 2 2 2
left_child=4 -2 3 -3 5 -1
right_child=1 2 -4 -5 -6 -7
leaf_value=-0.025138884349114026 0.027747767596069242 -0.026525664471949515 0.024042324344495391 -0.024924194830738364 -0.02499295736286598 -0.025962874472888788
leaf_weight=1.9628323288634439 5.309640705585478 0.3614605683833364 2.2871060408651829 0.35252388101071119 5.8875221936032176 0.61811868380755175
leaf_count=39 6 11 13 9 155 10
internal_value=-0.00170416 0.0221333 0.0121999 -0.025735 -0.0250976 -0.0253362
internal_weight=16.7792 8.31073 3.00109 0.713984 8.46847 2.58095
internal_count=243 39 33 20 204 49
is_linear=0
shrinkage=0.03


Tree=230
num_leaves=7
num_cat=0
split_feature=73 85 70 71 47 18
split_gain=4.17951 3.45718 2.66562 2.40981 0.039537 0.00580385
threshold=52.504068374633796 16.779646873474125 23.411199569702152 3.6286034584045415 26.244923591613773 23.62686920166016
decision_type=2 2 2 2 2 2
left_child=-1 2 3 -2 -3 -4
right_child=1 4 5 -5 -6 -7
leaf_value=-0.025427472634716126 -0.025300959132918605 -0.034906157509437118 -0.025207678287864795 0.021208108462867338 -0.025149171796121798 -0.029271351112180058
leaf_weight=4.5143595729023245 1.0986687112599636 0.47235459089279119 0.9039949383586634 11.472563910298048 1.7910650665871797 0.48657207190990448
leaf_count=99 24 2 27 46 43 2
internal_value=0.0001043 0.00720803 0.0127837 0.0171434 -0.0271854 -0.0266296
internal_weight=20.7396 16.2252 13.9618 12.5712 2.26342 1.39057
internal_count=243 144 99 70 45 29
is_linear=0
shrinkage=0.03


Tree=231
num_leaves=7
num_cat=0
split_feature=105 59 115 69 25 39
split_gain=6.93956 3.03086 1.9269 1.10384 0.0793011 0.00030414
threshold=24.971490859985355 7.9545319080352792 -10.538574218749998 25.395211219787601 24.808678627014164 26.737955093383793
decision_type=2 2 2 2 2 2
left_child=5 2 -2 -4 -3 -1
right_child=1 4 3 -5 -6 -7
leaf_value=-0.025344593257074697 -0.025350968873154679 -0.025373583202750832 0.0032033180698438834 0.029805839336964034 -0.012662363482450475 -0.024890307246891945
leaf_weight=1.893668975681069 0.75178471952676673 1.1951577737927426 1.7414451651275138 7.2400936633348465 0.70068819075822819 4.4272540993988514
leaf_count=19 9 11 18 140 8 38
internal_value=0.000274606 0.0140267 0.020786 0.0246478 -0.0206756 -0.0250264
internal_weight=17.9501 11.6292 9.73332 8.98154 1.89585 6.32092
internal_count=243 186 167 158 19 57
is_linear=0
shrinkage=0.03


Tree=232
num_leaves=7
num_cat=0
split_feature=115 70 45 54 89 72
split_gain=7.31476 1.68744 1.28927 1.43224 0.39979 0.000440864
threshold=-8.9243469238281232 23.04548263549805 0.94426462054252636 28.027947425842289 1.3483381271362307 2.3467699289321904
decision_type=2 2 2 2 2 2
left_child=1 -1 -2 5 -3 -4
right_child=2 4 3 -5 -6 -7
leaf_value=0.0024112191902419425 0.02876382661391428 0.031867651006345775 -0.024970048350583026 0.029426919982332274 0.017090595080978089 -0.025629731500254348
leaf_weight=4.5390184856951254 0.47232143953442474 4.1357525289058685 7.0853963880799675 0.45876394771039564 2.7390953823924065 1.0464017027989028
leaf_count=15 4 15 181 3 12 13
internal_value=0.000629893 0.0166073 -0.0194922 -0.0221454 0.0259801 -0.0250549
internal_weight=20.4767 11.4139 9.06288 8.59056 6.87485 8.1318
internal_count=243 42 201 197 27 194
is_linear=0
shrinkage=0.03


Tree=233
num_leaves=7
num_cat=0
split_feature=117 106 93 77 97 116
split_gain=5.92894 2.13351 2.57022 1.47784 0.0162831 0.000280753
threshold=282.14941406250006 0.23903508484363559 15.78183174133301 20.582427978515629 1.9488824009895327 0.00013462694914778697
decision_type=2 2 2 2 2 2
left_child=5 -2 3 -3 -4 -1
right_child=1 2 4 -5 -6 -7
leaf_value=-0.024871822932706796 -0.025246571318502345 -0.028726761780424347 -0.032743746004795078 0.021434151133939577 -0.025301063097387215 -0.025329150922880475
leaf_weight=4.115603280253711 1.324113868176936 0.55527910590171714 0.41155003383755573 11.008243272081016 0.74071189761161804 1.7101219585165379
leaf_count=111 11 3 7 50 12 49
internal_value=0.000436768 0.010994 0.0147678 0.0190254 -0.0279593 -0.0250061
internal_weight=19.8656 14.0399 12.7158 11.5635 1.15226 5.82573
internal_count=243 83 72 53 19 160
is_linear=0
shrinkage=0.03


Tree=234
num_leaves=7
num_cat=0
split_feature=38 6 89 40 108 116
split_gain=9.91383 0.495147 1.42982 0.00041387 0.000214826 0.000322584
threshold=1006.3922729492189 39.013589859008796 1.4458705782890322 24.109668731689457 7.0646667480468759 0.00013462694914778697
decision_type=2 2 2 2 2 2
left_child=4 -2 3 -3 5 -1
right_child=1 2 -4 -5 -6 -7
leaf_value=-0.025097844838555292 0.027554674133156935 -0.026441187899080908 0.023828806015974729 -0.024945487276725534 -0.024955609969976145 -0.025896536094523189
leaf_weight=1.8931571659632047 5.1067273020744306 0.27774147689342532 2.2108838688582182 0.4157154094427824 5.6628411924466491 0.59916213341057289
leaf_count=39 6 9 11 13 155 10
internal_value=-0.00177327 0.02193 0.0120401 -0.0255445 -0.0250578 -0.0252899
internal_weight=16.1662 8.01107 2.90434 0.693457 8.15516 2.49232
internal_count=243 39 33 22 204 49
is_linear=0
shrinkage=0.03


Tree=235
num_leaves=7
num_cat=0
split_feature=41 71 5 53 18 47
split_gain=4.02568 3.75488 3.42909 3.37163 0.724799 0.0315674
threshold=1.1215213537216189 3.6286034584045415 1.4816185235977175 1007.2527770996095 23.131412506103519 26.244923591613773
decision_type=2 2 2 2 2 2
left_child=1 -1 4 -4 -3 -2
right_child=5 2 3 -5 -6 -7
leaf_value=-0.025342406395741982 -0.042244906184674351 0.0092329812629135428 0.027426317741322474 -0.027745718169342723 0.029298320946257408 -0.025083706536888968
leaf_weight=2.6654294747859266 0.098712801933287575 2.1378351901657862 1.5478611029684533 2.8005371633917093 6.6913433987647295 4.24336002394557
leaf_count=27 1 13 4 25 16 157
internal_value=0.000117672 0.00713151 0.0137 -0.00810661 0.0244398 -0.0254738
internal_weight=20.1851 15.843 13.1776 4.3484 8.82918 4.34207
internal_count=243 85 58 29 29 158
is_linear=0
shrinkage=0.03


Tree=236
num_leaves=7
num_cat=0
split_feature=105 59 115 69 25 39
split_gain=6.65005 2.88123 1.83902 1.0731 0.0801043 0.000277781
threshold=24.971490859985355 7.9545319080352792 -10.538574218749998 25.395211219787601 24.808678627014164 26.737955093383793
decision_type=2 2 2 2 2 2
left_child=5 2 -2 -4 -3 -1
right_child=1 4 3 -5 -6 -7
leaf_value=-0.0252964559559581 -0.025300219810045602 -0.025318940221155752 0.0031629867999207199 0.029568553419516835 -0.012364711158560065 -0.024854572043871752
leaf_weight=1.8311905711889291 0.72667974233627219 1.1521825268864621 1.7250304669141749 7.0296800620853901 0.68503908812999714 4.2563306540250778
leaf_count=19 9 11 18 140 8 38
internal_value=0.000297269 0.0138962 0.0205591 0.0243656 -0.0204887 -0.0249875
internal_weight=17.4061 11.3186 9.48139 8.75471 1.83722 6.08752
internal_count=243 186 167 158 19 57
is_linear=0
shrinkage=0.03


Tree=237
num_leaves=7
num_cat=0
split_feature=115 30 117 45 54 34
split_gain=6.93334 1.66336 2.23335 1.22976 1.3674 0.0023793
threshold=-8.9243469238281232 14.487994194030763 287.07450866699224 0.94426462054252636 28.027947425842289 1.7974103689193728
decision_type=2 2 2 2 2 2
left_child=1 2 -1 -2 -5 -3
right_child=3 5 -4 4 -6 -7
leaf_value=0.020583253205004381 0.027979254024108214 0.02955142691541884 -0.016558319381346692 -0.025013359708145059 0.028631892571220379 0.028237922531049411
leaf_weight=3.6068455278873461 0.46661443077027698 2.081419825553894 2.444626197218895 7.8169521382078511 0.45238541811704625 3.0744968503713608
leaf_count=11 4 8 9 194 3 14
internal_value=0.000630184 0.0162471 0.00557909 -0.0194049 -0.0220786 0.0287682
internal_weight=19.9433 11.2074 6.05147 8.73595 8.26934 5.15592
internal_count=243 42 20 201 197 22
is_linear=0
shrinkage=0.03


Tree=238
num_leaves=7
num_cat=0
split_feature=71 106 11 43 90 71
split_gain=5.68516 2.20361 1.98511 1.87089 0.948554 0.736095
threshold=5.1587979793548593 0.23903508484363559 2.895560741424561 59.095529556274421 13.81957530975342 5.8238549232482919
decision_type=2 2 2 2 2 2
left_child=4 -2 5 -4 -1 -3
right_child=1 2 3 -5 -6 -7
leaf_value=-0.025160061638452025 -0.025199437953284616 0.0084656169761112531 0.016099625472864348 -0.027143599668524497 0.020405474411630382 0.030196375196072215
leaf_weight=6.1673935186117914 1.2771725878119458 1.842032503336666 2.1929575493559246 1.5277337152510879 0.44055098015815009 5.8847453370690346
leaf_count=153 11 15 14 20 7 23
internal_value=0.000453283 0.0121768 0.0163468 -0.00165625 -0.0221222 0.0250159
internal_weight=19.3326 12.7246 11.4475 3.72069 6.60794 7.72678
internal_count=243 83 72 34 160 38
is_linear=0
shrinkage=0.03


Tree=239
num_leaves=7
num_cat=0
split_feature=38 6 35 108 116 40
split_gain=9.45826 0.476782 1.36032 0.000196474 0.00029556 0.000163325
threshold=1006.3922729492189 39.013589859008796 1.1322103142738345 7.0646667480468759 0.00013462694914778697 24.136933326721195
decision_type=2 2 2 2 2 2
left_child=3 -2 5 4 -1 -3
right_child=1 2 -4 -5 -6 -7
leaf_value=-0.025057082101473633 0.027372651121439714 -0.025881322839906795 0.023607083844003434 -0.024919356680245319 -0.0258336640451736 -0.024911690975086213
leaf_weight=1.8248884011991324 4.9097201824188232 0.24627098254859481 2.135662667453289 5.4534576861187816 0.58166386000812043 0.42815700080245733
leaf_count=39 6 10 8 155 10 15
internal_value=-0.00185372 0.0217323 0.0118775 -0.025019 -0.0252448 -0.0252658
internal_weight=15.5798 7.71981 2.81009 7.86001 2.40655 0.674428
internal_count=243 39 33 204 49 25
is_linear=0
shrinkage=0.03


Tree=240
num_leaves=7
num_cat=0
split_feature=41 71 5 53 18 47
split_gain=3.85889 3.56859 3.2285 3.20047 0.711381 0.0299921
threshold=1.1215213537216189 3.6286034584045415 1.4816185235977175 1007.2527770996095 23.131412506103519 26.244923591613773
decision_type=2 2 2 2 2 2
left_child=1 -1 4 -4 -3 -2
right_child=5 2 3 -5 -6 -7
leaf_value=-0.025291291798218402 -0.041807643066266609 0.0088901201374501585 0.027105294304962214 -0.027580868367238311 0.028932650428707331 -0.025044454405350344
leaf_weight=2.5575811211019781 0.098372936248778298 2.1105531831271929 1.4978103041648854 2.6983205741271377 6.5098462384194136 4.0832869289442897
leaf_count=27 1 13 4 25 16 157
internal_value=0.000113817 0.00706397 0.0135206 -0.00806062 0.0240256 -0.0254388
internal_weight=19.5558 15.3741 12.8165 4.19613 8.6204 4.18166
internal_count=243 85 58 29 29 158
is_linear=0
shrinkage=0.03


Tree=241
num_leaves=7
num_cat=0
split_feature=105 59 30 24 115 25
split_gain=6.36431 2.73784 1.77643 0.687677 0.377075 0.0814399
threshold=24.971490859985355 7.9545319080352792 14.487994194030763 26.905971527099613 -7.2613830566406241 24.808678627014164
decision_type=2 2 2 2 2 2
left_child=-1 2 3 -2 -4 -3
right_child=1 5 4 -5 -6 -7
leaf_value=-0.024948938108851949 -0.0069697340376440849 -0.025270948345425998 -0.025189680515456996 0.028260988515883448 0.0063124250533612676 -0.012008673079463282
leaf_weight=5.8500555269420174 0.53511130437254717 1.1129544936120499 0.76062098145484924 7.3153542913496494 0.62131135165691354 0.66613920032978047
leaf_count=57 6 11 10 145 6 8
internal_value=0.000337704 0.0137717 0.0203384 0.0258596 -0.0110265 -0.0203052
internal_weight=16.8615 11.0115 9.2324 7.85047 1.38193 1.77909
internal_count=243 186 167 151 16 19
is_linear=0
shrinkage=0.03


Tree=242
num_leaves=7
num_cat=0
split_feature=115 30 40 70 45 34
split_gain=6.56041 1.60407 2.11236 1.19578 1.31489 0.00196653
threshold=-8.9243469238281232 14.487994194030763 24.109668731689457 23.787514686584476 0.94426462054252636 1.7974103689193728
decision_type=2 2 2 2 2 2
left_child=1 2 -1 4 -2 -3
right_child=3 5 -4 -5 -6 -7
leaf_value=0.021036630095885724 0.027240290040779477 0.029250899196864254 -0.015026042140239242 0.028288535484215806 -0.024984592008747215 0.028035522747899971
leaf_weight=3.3828995004296321 0.46050598658621122 2.0088175982236862 2.5741829052567482 0.45021861698478449 7.5060190418735147 2.9691689908504486
leaf_count=13 4 8 7 6 191 14
internal_value=0.00063211 0.0159566 0.00545318 -0.0192776 -0.0219657 0.028526
internal_weight=19.3518 10.9351 5.95708 8.41674 7.96653 4.97799
internal_count=243 42 20 201 195 22
is_linear=0
shrinkage=0.03


Tree=243
num_leaves=7
num_cat=0
split_feature=71 106 11 60 90 71
split_gain=5.41872 2.08715 1.89243 1.80873 0.907435 0.715326
threshold=5.1587979793548593 0.23903508484363559 2.895560741424561 25.465800285339359 13.81957530975342 5.8238549232482919
decision_type=2 2 2 2 2 2
left_child=4 -2 5 -4 -1 -3
right_child=1 2 3 -5 -6 -7
leaf_value=-0.025118642835037713 -0.025148185699251594 0.0082787884344719346 -0.01957239358027555 0.02343807744480501 0.019907095576079833 0.029867396691550512
leaf_weight=5.9259204948321011 1.2258760482072819 1.8212050842121223 2.1205502217635517 1.5041571483016012 0.43222627416253079 5.7190755233168602
leaf_count=153 11 15 27 7 7 23
internal_value=0.000456894 0.0120099 0.0160897 -0.00172419 -0.0220578 0.0246531
internal_weight=18.749 12.3909 11.165 3.62471 6.35815 7.54028
internal_count=243 83 72 34 160 38
is_linear=0
shrinkage=0.03


Tree=244
num_leaves=7
num_cat=0
split_feature=38 6 80 25 108 116
split_gain=9.02014 0.457654 1.3087 0.000394532 0.000182137 0.000272742
threshold=1006.3922729492189 39.013589859008796 0.61608591675758373 24.414236068725589 7.0646667480468759 0.00013462694914778697
decision_type=2 2 2 2 2 2
left_child=4 -2 3 -3 5 -1
right_child=1 2 -4 -5 -6 -7
leaf_value=-0.025018443513376266 0.027200369722696224 -0.026410211839521833 0.023363427450100553 -0.024916181007831481 -0.024883743548478911 -0.025776033485886734
leaf_weight=1.7562491018325093 4.7179734110832214 0.28523805364966426 2.0708282813429832 0.35965483635663986 5.2413770714774728 0.56536627840250719
leaf_count=39 6 9 13 11 155 10
internal_value=-0.00191501 0.0215529 0.0117417 -0.025577 -0.0249817 -0.0252029
internal_weight=14.9967 7.43369 2.71572 0.644893 7.56299 2.32162
internal_count=243 39 33 20 204 49
is_linear=0
shrinkage=0.03


Tree=245
num_leaves=7
num_cat=0
split_feature=41 71 5 53 18 47
split_gain=3.68764 3.38378 3.04252 3.04295 0.695749 0.0285019
threshold=1.1215213537216189 3.6286034584045415 1.4816185235977175 1007.2527770996095 23.131412506103519 26.244923591613773
decision_type=2 2 2 2 2 2
left_child=1 -1 4 -4 -3 -2
right_child=5 2 3 -5 -6 -7
leaf_value=-0.025241707072173013 -0.041384001112316694 0.0085541217982153944 0.026796408510219822 -0.027445975118600838 0.028542704915177464 -0.025005270864590545
leaf_weight=2.453995585441592 0.098008863627909615 2.0834543402306718 1.4487268365919579 2.6036651488393545 6.325155220925808 3.9259232264012098
leaf_count=27 1 13 4 25 16 157
internal_value=8.19422e-05 0.00695787 0.0132991 -0.00805437 0.02359 -0.0254042
internal_weight=18.9389 14.915 12.461 4.05239 8.40861 4.02393
internal_count=243 85 58 29 29 158
is_linear=0
shrinkage=0.03


Tree=246
num_leaves=7
num_cat=0
split_feature=105 59 115 69 25 39
split_gain=6.09358 2.60502 1.68985 1.02644 0.0827953 0.000225971
threshold=24.971490859985355 7.9545319080352792 -10.538574218749998 25.395211219787601 24.808678627014164 26.737955093383793
decision_type=2 2 2 2 2 2
left_child=5 2 -2 -4 -3 -1
right_child=1 4 3 -5 -6 -7
leaf_value=-0.025200822896300878 -0.025231378514126438 -0.025227054257210408 0.00293342487970646 0.029176060802949363 -0.011653287664479099 -0.024786640553938543
leaf_weight=1.6990116350352789 0.68287989869713683 1.0759790241718281 1.6819582283496837 6.6250677146017551 0.64800196886062611 3.9226665757596493
leaf_count=19 9 11 18 140 8 38
internal_value=0.000382963 0.0136554 0.0201334 0.0238626 -0.020125 -0.0249118
internal_weight=16.3356 10.7139 8.98991 8.30703 1.72398 5.62168
internal_count=243 186 167 158 19 57
is_linear=0
shrinkage=0.03


Tree=247
num_leaves=7
num_cat=0
split_feature=115 70 54 45 89 72
split_gain=6.22544 1.5732 1.14743 1.25753 0.382674 0.000319439
threshold=-8.9243469238281232 23.04548263549805 28.027947425842289 0.94426462054252636 1.3483381271362307 2.3467699289321904
decision_type=2 2 2 2 2 2
left_child=1 -1 3 -2 -3 -5
right_child=2 4 -4 5 -6 -7
leaf_value=0.0016624224917630437 0.026532309227197758 0.031155085081560282 0.027906873695140194 -0.024859893496488154 0.016150892643673861 -0.025452738925759253
leaf_weight=4.2970544062554854 0.45412778481840899 3.8224166482686996 0.44040322862565506 6.2716785580851138 2.5507111772894859 0.94067775458097447
leaf_count=15 4 15 3 181 12 13
internal_value=0.000634324 0.0156912 -0.0191833 -0.0218884 0.02515 -0.0249372
internal_weight=18.7771 10.6702 8.10689 7.66648 6.37313 7.21236
internal_count=243 42 201 198 27 194
is_linear=0
shrinkage=0.03


Tree=248
num_leaves=7
num_cat=0
split_feature=71 106 11 43 90 71
split_gain=5.17996 1.98094 1.80883 1.71465 0.867903 0.694004
threshold=5.1587979793548593 0.23903508484363559 2.895560741424561 59.095529556274421 13.81957530975342 5.8238549232482919
decision_type=2 2 2 2 2 2
left_child=4 -2 5 -4 -1 -3
right_child=1 2 3 -5 -6 -7
leaf_value=-0.025079343640084861 -0.025098954595170409 0.00817301032387183 0.015572476171205519 -0.02697239764694492 0.01940872468031055 0.029594292836036807
leaf_weight=5.6963679790496853 1.1763310581445683 1.8026760667562465 2.0912119308486585 1.4393714675679801 0.42404212616384018 5.557737935334444
leaf_count=153 11 15 14 20 7 23
internal_value=0.000483674 0.0118856 0.0158803 -0.0017725 -0.0219971 0.0243479
internal_weight=18.1877 12.0673 10.891 3.53058 6.12041 7.36041
internal_count=243 83 72 34 160 38
is_linear=0
shrinkage=0.03


Tree=249
num_leaves=7
num_cat=0
split_feature=38 6 89 40 108 116
split_gain=8.60113 0.440119 1.24304 0.00031794 0.000170082 0.000250892
threshold=1006.3922729492189 39.013589859008796 1.4458705782890322 24.109668731689457 7.0646667480468759 0.00013462694914778697
decision_type=2 2 2 2 2 2
left_child=4 -2 3 -3 5 -1
right_child=1 2 -4 -5 -6 -7
leaf_value=-0.024981988959048913 0.027037432834211946 -0.026214560307808592 0.023119607415295038 -0.024835611088351472 -0.024848709354775522 -0.025719900459374376
leaf_weight=1.6914709000848236 4.5317612290382385 0.25400966405868564 2.0017034085467458 0.36922836396843195 5.0347244022414088 0.54937245044857252
leaf_count=39 6 9 11 13 155 10
internal_value=-0.00197581 0.0213753 0.0116002 -0.0253976 -0.0249455 -0.0251629
internal_weight=14.4323 7.1567 2.62494 0.623238 7.27557 2.24084
internal_count=243 39 33 22 204 49
is_linear=0
shrinkage=0.03


Tree=250
num_leaves=7
num_cat=0
split_feature=41 71 5 53 61 47
split_gain=3.54042 3.22335 2.86638 2.88795 0.703744 0.0270782
threshold=1.1215213537216189 3.6286034584045415 1.4816185235977175 1007.2527770996095 1006.1481018066407 26.244923591613773
decision_type=2 2 2 2 2 2
left_child=1 -1 4 -4 -3 -2
right_child=5 2 3 -5 -6 -7
leaf_value=-0.025203627206251297 -0.040973044352041098 0.0053829583284461628 0.026497979947505627 -0.027285738284730392 0.02754136664352453 -0.024970348019786204
leaf_weight=2.3563897414132979 0.097621127963065546 1.6031015357002596 1.4006211161613458 2.5064747398719192 6.6041597151197493 3.7817509551532567
leaf_count=27 1 5 4 25 24 157
internal_value=7.73068e-05 0.00690013 0.0131447 -0.00800528 0.0232132 -0.025373
internal_weight=18.3501 14.4707 12.1144 3.9071 8.20726 3.87937
internal_count=243 85 58 29 29 158
is_linear=0
shrinkage=0.03


Tree=251
num_leaves=7
num_cat=0
split_feature=105 59 30 17 115 25
split_gain=5.83441 2.47468 1.62666 0.712812 0.352439 0.0840567
threshold=24.971490859985355 7.9545319080352792 14.487994194030763 25.951104164123539 -7.2613830566406241 24.808678627014164
decision_type=2 2 2 2 2 2
left_child=-1 2 3 -2 -4 -3
right_child=1 5 4 -5 -6 -7
leaf_value=-0.024876611944879307 -0.012389380768532361 -0.025182782141726506 -0.025113404712567695 0.027637723027408325 0.0060355279183788128 -0.0112983840692487
leaf_weight=5.4043700695037851 0.4246506839990597 1.0390823259949673 0.71257735788822174 7.0156016256660223 0.60404513031244256 0.63057804852724064
leaf_count=57 3 11 10 148 6 8
internal_value=0.000420107 0.0135321 0.019914 0.0253532 -0.0108228 -0.0199391
internal_weight=15.8309 10.4265 8.75687 7.44025 1.31662 1.66966
internal_count=243 186 167 151 16 19
is_linear=0
shrinkage=0.03


Tree=252
num_leaves=7
num_cat=0
split_feature=115 30 117 70 45 105
split_gain=5.88254 1.52192 2.02247 1.12238 1.20385 0.0014054
threshold=-8.9243469238281232 14.487994194030763 287.07450866699224 23.787514686584476 0.94426462054252636 24.971490859985355
decision_type=2 2 2 2 2 2
left_child=1 2 -1 4 -2 -3
right_child=3 5 -4 -5 -6 -7
leaf_value=0.019688232199990392 0.025864406471499766 0.028591032599547123 -0.016476631101316822 0.027607909926992327 -0.024911729491469956 0.027545326846764043
leaf_weight=3.4445230439305323 0.44738691672682662 2.536157101392746 2.335246104747057 0.43783425446599711 6.924854873213917 2.126643568277359
leaf_count=11 4 11 9 6 191 11
internal_value=0.000634374 0.0153631 0.00507625 -0.0190588 -0.0218304 0.0281141
internal_weight=18.2526 10.4426 5.77977 7.81008 7.37224 4.6628
internal_count=243 42 20 201 195 22
is_linear=0
shrinkage=0.03


Tree=253
num_leaves=7
num_cat=0
split_feature=71 106 11 60 90 71
split_gain=4.94999 1.88029 1.72891 1.65641 0.830577 0.677717
threshold=5.1587979793548593 0.23903508484363559 2.895560741424561 25.465800285339359 13.81957530975342 5.8238549232482919
decision_type=2 2 2 2 2 2
left_child=4 -2 5 -4 -1 -3
right_child=1 2 3 -5 -6 -7
leaf_value=-0.025042405026542404 -0.025051900056524894 0.007994619876270698 -0.019292341776134009 0.023003424834684486 0.018940162564542735 0.029325990154034427
leaf_weight=5.478225382044914 1.1294784359633911 1.7828254634514431 2.0189850935712461 1.4190244972705839 0.41574714146554459 5.4022959508001804
leaf_count=153 11 15 27 7 7 23
internal_value=0.000496581 0.0117486 0.0156613 -0.00183494 -0.02194 0.0240331
internal_weight=17.6466 11.7526 10.6231 3.43801 5.89397 7.18512
internal_count=243 83 72 34 160 38
is_linear=0
shrinkage=0.03


Tree=254
num_leaves=7
num_cat=0
split_feature=38 6 64 40 108 116
split_gain=8.20661 0.423035 1.19313 0.000177469 0.000159673 0.000231826
threshold=1006.3922729492189 39.013589859008796 4.240746498107911 24.109668731689457 7.0646667480468759 0.00013462694914778697
decision_type=2 2 2 2 2 2
left_child=4 -2 3 -3 5 -1
right_child=1 2 -4 -5 -6 -7
leaf_value=-0.024947475582196232 0.026883525292612599 -0.025864550357009342 0.022956443804088116 -0.024831451828535796 -0.024815433242708514 -0.025667371589172528
leaf_weight=1.6283178362064066 4.3514048457145691 0.32582566700875792 1.9333646679297087 0.27677278779447079 4.8407578291371465 0.53482553176581848
leaf_count=39 6 13 6 14 155 10
internal_value=-0.00204526 0.0212076 0.0114683 -0.02539 -0.0249112 -0.0251255
internal_weight=13.8913 6.88737 2.53596 0.602598 7.0039 2.16314
internal_count=243 39 33 27 204 49
is_linear=0
shrinkage=0.03


Tree=255
num_leaves=7
num_cat=0
split_feature=41 71 5 53 61 47
split_gain=3.39669 3.06468 2.69869 2.7424 0.686046 0.0257261
threshold=1.1215213537216189 3.6286034584045415 1.4816185235977175 1007.2527770996095 1006.1481018066407 26.244923591613773
decision_type=2 2 2 2 2 2
left_child=1 -1 4 -4 -3 -2
right_child=5 2 3 -5 -6 -7
leaf_value=-0.025158207378558596 -0.040574452707472022 0.0051139576220772072 0.026210224065907672 -0.027141727385000782 0.027172583881164891 -0.024936671205058308
leaf_weight=2.2600927921012071 0.097210779786109369 1.5806592972949127 1.3536183536052697 2.412557085044682 6.4343594359233975 3.639337835367769
leaf_count=27 1 5 4 25 24 157
internal_value=7.66202e-05 0.00684121 0.0129799 -0.00796626 0.0228224 -0.0253435
internal_weight=17.7778 14.0413 11.7812 3.76618 8.01502 3.73655
internal_count=243 85 58 29 29 158
is_linear=0
shrinkage=0.03


Tree=256
num_leaves=7
num_cat=0
split_feature=105 59 115 69 25 39
split_gain=5.58 2.35383 1.56395 0.987163 0.085354 0.000182811
threshold=24.971490859985355 7.9545319080352792 -10.538574218749998 25.395211219787601 24.808678627014164 26.737955093383793
decision_type=2 2 2 2 2 2
left_child=5 2 -2 -4 -3 -1
right_child=1 4 3 -5 -6 -7
leaf_value=-0.025111419134616231 -0.025173822521592251 -0.025143044902232469 0.0026724016138386184 0.028832727284884212 -0.010945060161052329 -0.024724315262167441
leaf_weight=1.5770643465220935 0.6458912864327403 1.0048895739018906 1.6396295800805099 6.2345217727124691 0.61387078464031208 3.6142358705401421
leaf_count=19 9 11 18 140 8 38
internal_value=0.000452299 0.0134035 0.0197042 0.0233854 -0.0197588 -0.0248419
internal_weight=15.3301 10.1388 8.52004 7.87415 1.61876 5.1913
internal_count=243 186 167 158 19 57
is_linear=0
shrinkage=0.03


Tree=257
num_leaves=7
num_cat=0
split_feature=115 41 58 35 32 79
split_gain=5.5816 1.43069 1.04011 0.863453 0.164346 0.000208684
threshold=-8.3700561523437482 0.64574873447418224 41.711336135864265 1.5088903903961184 26.115298271179203 -1.2191934585571287
decision_type=2 2 2 2 2 2
left_child=1 -1 -2 4 -3 -4
right_child=2 3 5 -5 -6 -7
leaf_value=-0.0014065665087062034 0.020990064828524429 0.029207084151982778 -0.025547422038219247 -0.00012249766988093271 0.018067779946389653 -0.024794193061993861
leaf_weight=3.8260194808244723 0.48128363862633605 4.3402516543865204 0.35152789577841836 1.3870671419426797 1.6433725534006951 5.6794617399573317
leaf_count=13 7 19 6 9 10 179
internal_value=0.000633046 0.0134778 -0.0214512 0.021204 0.0261477 -0.0248381
internal_weight=17.709 11.1967 6.51227 7.37069 5.98362 6.03099
internal_count=243 51 192 38 29 185
is_linear=0
shrinkage=0.03


Tree=258
num_leaves=7
num_cat=0
split_feature=71 106 11 115 90 71
split_gain=4.71932 1.78526 1.65364 1.59304 0.79539 0.655131
threshold=5.1587979793548593 0.23903508484363559 2.895560741424561 -8.3700561523437482 13.81957530975342 5.8238549232482919
decision_type=2 2 2 2 2 2
left_child=4 -2 5 -4 -1 -3
right_child=1 2 3 -5 -6 -7
leaf_value=-0.025005258584177448 -0.025007758140052488 0.0079035251005660223 -0.026262355445225632 0.015660359439513029 0.018515091893590047 0.029032870371782128
leaf_weight=5.2611639546230462 1.0856638699769963 1.7650592690333704 1.4042155537754299 1.9467141069471834 0.40720592532306898 5.2457371577620506
leaf_count=153 11 15 19 15 7 23
internal_value=0.000507713 0.0115928 0.0154277 -0.00190746 -0.0218788 0.0237133
internal_weight=17.1158 11.4474 10.3617 3.35093 5.66837 7.0108
internal_count=243 83 72 34 160 38
is_linear=0
shrinkage=0.03


Tree=259
num_leaves=7
num_cat=0
split_feature=38 99 50 108 116 6
split_gain=7.82918 0.406753 1.02707 0.000147398 0.000212155 0.000138805
threshold=1006.3922729492189 19.322250366210941 -1.3636656403541563 7.0646667480468759 0.00013462694914778697 45.282426834106452
decision_type=2 2 2 2 2 2
left_child=3 -2 5 4 -1 -3
right_child=1 2 -4 -5 -6 -7
leaf_value=-0.024914118521910934 0.026386002330556914 -0.024795557562177051 0.022147812159281053 -0.024784520025043066 -0.025614498564908033 -0.025844299821246811
leaf_weight=1.5675314646214249 4.3706905953586102 0.38532661274075541 1.7085723914206026 4.6532261753454804 0.51784059032797802 0.16105589829385281
leaf_count=39 8 16 8 155 10 7
internal_value=-0.00210984 0.0210469 0.0106984 -0.0248784 -0.025088 -0.0251047
internal_weight=13.3642 6.62565 2.25495 6.7386 2.08537 0.546383
internal_count=243 39 31 204 49 23
is_linear=0
shrinkage=0.03


Tree=260
num_leaves=7
num_cat=0
split_feature=41 71 5 53 18 47
split_gain=3.24826 2.90292 2.55377 2.61659 0.692245 0.0244456
threshold=1.1215213537216189 3.6286034584045415 1.4816185235977175 1007.2527770996095 23.131412506103519 26.244923591613773
decision_type=2 2 2 2 2 2
left_child=1 -1 4 -4 -3 -2
right_child=5 2 3 -5 -6 -7
leaf_value=-0.025109665586945901 -0.040187255145297467 0.0070845569289043802 0.025951245004809921 -0.027023383958232283 0.027603794750032998 -0.024902524288595497
leaf_weight=2.1666405233554569 0.096778094768523615 1.9810759234242121 1.3097859136760237 2.3354100906290114 5.8470212258398533 3.4989947946742177
leaf_count=27 1 13 4 25 16 157
internal_value=5.1535e-05 0.0067384 0.0127527 -0.00798863 0.0224109 -0.0253139
internal_weight=17.2357 13.6399 11.4733 3.6452 7.8281 3.59577
internal_count=243 85 58 29 29 158
is_linear=0
shrinkage=0.03


Tree=261
num_leaves=7
num_cat=0
split_feature=105 59 30 17 115 25
split_gain=5.36119 2.24777 1.48284 0.671174 0.3308 0.086592
threshold=24.971490859985355 7.9545319080352792 14.487994194030763 25.951104164123539 -7.2613830566406241 24.808678627014164
decision_type=2 2 2 2 2 2
left_child=-1 2 3 -2 -4 -3
right_child=1 5 4 -5 -6 -7
leaf_value=-0.024809658208542779 -0.012152270046952183 -0.025103438418561465 -0.025039498888836165 0.027230799004578452 0.0058788847434220141 -0.010593358199697606
leaf_weight=4.9933278430253276 0.41376353800296595 0.97191100940108188 0.66378005221486092 6.6292752046138048 0.586726304143667 0.59783945977687836
leaf_count=57 3 11 10 148 6 8
internal_value=0.000518737 0.0133413 0.019572 0.0249171 -0.0105329 -0.0195773
internal_weight=14.8566 9.8633 8.29355 7.04304 1.25051 1.56975
internal_count=243 186 167 151 16 19
is_linear=0
shrinkage=0.03


Tree=262
num_leaves=7
num_cat=0
split_feature=115 70 70 45 89 72
split_gain=5.30227 1.47174 1.03952 1.11361 0.371972 0.00023422
threshold=-8.9243469238281232 23.04548263549805 23.787514686584476 0.94426462054252636 1.3483381271362307 2.3467699289321904
decision_type=2 2 2 2 2 2
left_child=1 -1 3 -2 -3 -5
right_child=2 4 -4 5 -6 -7
leaf_value=0.00093078712217294687 0.024934708853758515 0.030577003746682287 0.026783363897566033 -0.024777500179079114 0.015209122988344375 -0.025311786630577236
leaf_weight=4.0591891407966632 0.43165565654635329 3.5279372781515121 0.42251995392143715 5.55235825618729 2.3695944026112556 0.85172130726277817
leaf_count=15 4 15 6 178 12 13
internal_value=0.000618009 0.0148333 -0.0188823 -0.0217049 0.0244023 -0.0248486
internal_weight=17.215 9.95672 7.25826 6.83574 5.89753 6.40408
internal_count=243 42 201 195 27 191
is_linear=0
shrinkage=0.03


Tree=263
num_leaves=7
num_cat=0
split_feature=117 93 106 105 101 116
split_gain=4.513 1.66204 1.89859 1.10956 0.0104506 0.000188142
threshold=282.14941406250006 15.78183174133301 0.23903508484363559 26.203947067260746 -0.5107571780681609 0.00013462694914778697
decision_type=2 2 2 2 2 2
left_child=5 2 -2 -4 -3 -1
right_child=1 4 3 -5 -6 -7
leaf_value=-0.024673819050265718 -0.024965566355369603 -0.025043077168178687 0.024451334250657732 0.0031240449734403148 -0.031481144993493054 -0.025091825652802845
leaf_weight=3.192036536056551 1.045922774821517 0.61001574248075485 6.7494876869022828 3.2538286820054054 0.36132976971566755 1.3915585805661974
leaf_count=111 11 13 32 21 6 49
internal_value=0.000527506 0.0101855 0.013493 0.0175141 -0.027438 -0.0248007
internal_weight=16.6042 12.0206 11.0492 10.0033 0.971346 4.5836
internal_count=243 83 64 53 19 160
is_linear=0
shrinkage=0.03


Tree=264
num_leaves=7
num_cat=0
split_feature=38 118 13 87 108 116
split_gain=7.46863 0.394804 0.871164 0.000143548 0.000135111 0.000190938
threshold=1006.3922729492189 1004.3142700195314 38.641443252563484 0.25302472710609442 7.0646667480468759 0.00013462694914778697
decision_type=2 2 2 2 2 2
left_child=4 2 -2 -4 5 -1
right_child=1 -3 3 -5 -6 -7
leaf_value=-0.024882102484053693 0.026734684527281536 0.024445498298545122 -0.026054753628378443 -0.025019162752648774 -0.024754337552387613 -0.025558391997314012
leaf_weight=1.5093555399216714 0.69730806350707986 5.191706576384604 0.26569724455475807 0.22038920503109694 4.4747983170673251 0.50025345571339119
leaf_count=39 1 13 10 15 155 10
internal_value=-0.00217681 0.0208812 0.00524397 -0.0255852 -0.0248461 -0.0250505
internal_weight=12.8595 6.3751 1.18339 0.486086 6.48441 2.00961
internal_count=243 39 26 25 204 49
is_linear=0
shrinkage=0.03


Tree=265
num_leaves=7
num_cat=0
split_feature=41 71 72 50 49 47
split_gain=3.12808 2.77123 2.43881 2.50883 0.102987 0.0229301
threshold=1.1215213537216189 3.6286034584045415 -0.5592922270298003 1.2576818466186526 8.1131725311279315 26.244923591613773
decision_type=2 2 2 2 2 2
left_child=1 -1 4 -4 -3 -2
right_child=5 2 3 -5 -6 -7
leaf_value=-0.02507636177655909 -0.039725372180128095 0.022688308506197657 -0.017066337293241023 0.02494744110340234 0.030800042414198571 -0.024872676341749295
leaf_weight=2.080638553947213 0.09621561318635885 3.0363956624642006 3.4740605079568914 2.0246729291975498 2.6276286840438843 3.374785681720823
leaf_count=27 1 16 30 7 5 157
internal_value=6.61513e-05 0.00671035 0.0126351 -0.00159656 0.0264515 -0.0252844
internal_weight=16.7144 13.2434 11.1628 5.49873 5.66402 3.471
internal_count=243 85 58 37 21 158
is_linear=0
shrinkage=0.03


Tree=266
num_leaves=7
num_cat=0
split_feature=105 59 115 106 103 39
split_gain=5.11522 2.148 1.43934 0.977466 0.087056 0.000153034
threshold=24.971490859985355 7.9545319080352792 -10.538574218749998 3.1732456684112553 44.577117919921882 26.737955093383793
decision_type=2 2 2 2 2 2
left_child=5 2 -2 -4 -3 -1
right_child=1 4 3 -5 -6 -7
leaf_value=-0.025033089566121526 -0.025107483208171168 -0.025041438852728654 0.0013270816473326776 0.02841303442062151 -0.010308870261275227 -0.024665590975229051
leaf_weight=1.4705264028161771 0.60625712946057042 0.94680235907435306 1.501393415033818 5.9555759150534868 0.58341648802161217 3.3273048792034388
leaf_count=19 9 12 17 141 7 38
internal_value=0.000512911 0.0131614 0.0193455 0.0229595 -0.0194244 -0.0247782
internal_weight=14.3913 9.59345 8.06323 7.45697 1.53022 4.79783
internal_count=243 186 167 158 19 57
is_linear=0
shrinkage=0.03


Tree=267
num_leaves=7
num_cat=0
split_feature=115 41 58 35 32 32
split_gain=5.04149 1.32666 0.96311 0.839767 0.161013 0.000172444
threshold=-8.3700561523437482 0.64574873447418224 41.711336135864265 1.5088903903961184 26.115298271179203 25.421700477600101
decision_type=2 2 2 2 2 2
left_child=1 -1 -2 4 -3 -4
right_child=2 3 5 -5 -6 -7
leaf_value=-0.0015591432899684152 0.020258455558936399 0.028826358146652666 -0.025335705884728738 -0.00066345151651431983 0.017550986573416912 -0.024727189004672124
leaf_weight=3.7018955945968646 0.46292827930301328 4.0958685129880905 0.45659424318000663 1.3466088874265549 1.5793473944067953 5.1077874572947621
leaf_count=13 7 19 22 9 10 163
internal_value=0.000634691 0.0129734 -0.0213182 0.0206349 0.0256886 -0.0247771
internal_weight=16.751 10.7237 6.02731 7.02182 5.67522 5.56438
internal_count=243 51 192 38 29 185
is_linear=0
shrinkage=0.03


Tree=268
num_leaves=7
num_cat=0
split_feature=71 106 11 115 90 71
split_gain=4.33321 1.61652 1.54349 1.47819 0.732814 0.628541
threshold=5.1587979793548593 0.23903508484363559 2.895560741424561 -8.3700561523437482 13.81957530975342 5.8238549232482919
decision_type=2 2 2 2 2 2
left_child=4 -2 5 -4 -1 -3
right_child=1 2 3 -5 -6 -7
leaf_value=-0.024949720897977947 -0.024924305043064213 0.0075621409421572664 -0.026173825194686473 0.015203853036056912 0.017988682147801711 0.028609890022615121
leaf_weight=4.8788177547976401 1.0039423145353783 1.7173515986651162 1.3377397144213321 1.8538587205111978 0.38602483551949252 4.9790782853960991
leaf_count=153 11 15 19 15 7 23
internal_value=0.000545042 0.0113466 0.0150293 -0.00213936 -0.0218014 0.023212
internal_weight=16.1568 10.892 9.88803 3.1916 5.26484 6.69643
internal_count=243 83 72 34 160 38
is_linear=0
shrinkage=0.03


Tree=269
num_leaves=7
num_cat=0
split_feature=38 6 80 25 108 116
split_gain=7.1278 0.382851 1.0592 0.00023851 0.000126575 0.000180227
threshold=1006.3922729492189 39.013589859008796 0.61608591675758373 24.414236068725589 7.0646667480468759 0.00013462694914778697
decision_type=2 2 2 2 2 2
left_child=4 -2 3 -3 5 -1
right_child=1 2 -4 -5 -6 -7
leaf_value=-0.024849931206837792 0.026476501939015091 -0.02602219615544752 0.022473051721289491 -0.024764627450044405 -0.024725703585514222 -0.025516576646309647
leaf_weight=1.4511224580928681 3.8528615832328796 0.2448725122958425 1.7345512611791489 0.30454094335436821 4.3072192301042378 0.48763075191527594
leaf_count=39 6 9 13 11 155 10
internal_value=-0.00225514 0.0207073 0.0109751 -0.0253251 -0.0248163 -0.0250176
internal_weight=12.3828 6.13683 2.28396 0.549413 6.24597 1.93875
internal_count=243 39 33 20 204 49
is_linear=0
shrinkage=0.03


Tree=270
num_leaves=7
num_cat=0
split_feature=41 71 72 50 53 47
split_gain=2.99051 2.62129 2.33303 2.38723 0.103911 0.0217931
threshold=1.1215213537216189 3.6286034584045415 -0.5592922270298003 1.2576818466186526 1008.1616821289064 26.244923591613773
decision_type=2 2 2 2 2 2
left_child=1 -1 4 -4 -3 -2
right_child=5 2 3 -5 -6 -7
leaf_value=-0.025031056840277763 -0.039364209784467107 0.030078936024524921 -0.016866628001514991 0.024516347767691526 0.021826244317348836 -0.024841345006217031
leaf_weight=1.9937116838991666 0.095738738775252741 2.8676231503486624 3.4090399402193716 1.9851096905767915 2.6347676757723093 3.244087269064039
leaf_count=27 1 6 30 7 15 157
internal_value=4.12744e-05 0.00659615 0.0123829 -0.00163721 0.0261272 -0.0252577
internal_weight=16.2301 12.8903 10.8965 5.39415 5.50239 3.33983
internal_count=243 85 58 37 21 158
is_linear=0
shrinkage=0.03


Tree=271
num_leaves=7
num_cat=0
split_feature=105 59 115 106 78 41
split_gain=4.92179 2.04462 1.36246 0.953698 0.0880186 0.000138806
threshold=24.971490859985355 7.9545319080352792 -10.538574218749998 3.1732456684112553 13.9612193107605 1.1736501455307009
decision_type=2 2 2 2 2 2
left_child=5 2 -2 -4 -3 -1
right_child=1 4 3 -5 -6 -7
leaf_value=-0.024681511655074408 -0.025055154439597899 -0.025026628019126865 0.0012824429085818638 0.028243396335919702 -0.010004019789319175 -0.025146399629502585
leaf_weight=3.943188689649106 0.57955684140324493 0.90868939831852891 1.4836150649934996 5.7856548260897398 0.57195470482110977 0.67732590436935414
leaf_count=47 9 11 17 141 8 10
internal_value=0.000571245 0.0131117 0.0192116 0.0227408 -0.0192236 -0.0247497
internal_weight=13.95 9.32947 7.84883 7.26927 1.48064 4.62051
internal_count=243 186 167 158 19 57
is_linear=0
shrinkage=0.03


Tree=272
num_leaves=7
num_cat=0
split_feature=115 30 47 16 58 72
split_gain=4.78952 1.26953 1.84311 2.19982 0.924409 0.0120509
threshold=-8.3700561523437482 15.219958782196047 27.260042190551761 1003.6690063476564 41.711336135864265 -0.19490689039230344
decision_type=2 2 2 2 2 2
left_child=1 2 3 -1 -2 -3
right_child=4 5 -4 -5 -6 -7
leaf_value=-0.026731876663157378 0.019771189247333912 0.02411581973983783 0.025859890066702675 0.01639377438792463 -0.024748684537114631 0.02772716940689416
leaf_weight=2.3197690807282942 0.4555386109277596 1.2285555750131609 2.4074821257963777 1.9673276394605634 5.3441128940321505 2.5739192813634872
leaf_count=11 7 8 13 6 185 13
internal_value=0.000628303 0.0127171 0.00485428 -0.00694173 -0.0212518 0.0265604
internal_weight=16.2967 10.4971 6.69458 4.2871 5.79965 3.80247
internal_count=243 51 30 17 192 21
is_linear=0
shrinkage=0.03


Tree=273
num_leaves=7
num_cat=0
split_feature=71 106 11 60 90 105
split_gain=4.1411 1.54689 1.47497 1.43165 0.703954 0.626168
threshold=5.1587979793548593 0.23903508484363559 2.895560741424561 25.465800285339359 13.81957530975342 25.971490859985355
decision_type=2 2 2 2 2 2
left_child=4 -2 5 -4 -1 -3
right_child=1 2 3 -5 -6 -7
leaf_value=-0.024915311680287749 -0.024888921472565152 0.028654399077112855 -0.019015437628223778 0.022472624864507046 0.017636778724666204 0.0078353198895626808
leaf_weight=4.689735485240818 0.96984831988811393 4.7433144226670247 1.8435039855539801 1.2603513263165949 0.37811199668794859 1.7911873469129203
leaf_count=153 11 20 27 7 7 18
internal_value=0.000567981 0.0112254 0.0148593 -0.0021688 -0.0217405 0.0229476
internal_weight=15.6761 10.6082 9.63836 3.10386 5.06785 6.5345
internal_count=243 83 72 34 160 38
is_linear=0
shrinkage=0.03


Tree=274
num_leaves=7
num_cat=0
split_feature=38 6 50 108 116 40
split_gain=6.79379 0.372491 1.01506 0.000115782 0.000166802 9.86372e-05
threshold=1006.3922729492189 39.013589859008796 -1.3636656403541563 7.0646667480468759 0.00013462694914778697 24.109668731689457
decision_type=2 2 2 2 2 2
left_child=3 -2 5 4 -1 -3
right_child=1 2 -4 -5 -6 -7
leaf_value=-0.024817797090251666 0.026352645035964475 -0.025568788575293992 0.022335004564600174 -0.024698165018062435 -0.025470374773087657 -0.024716971367239913
leaf_weight=1.3947143508121369 3.6945633888244629 0.18771544564515386 1.6697393376380203 4.1429765718057752 0.47175201307982195 0.35133143234997988
leaf_count=39 6 9 8 155 10 16
internal_value=-0.00233209 0.0205259 0.0107797 -0.0247865 -0.0249827 -0.0250136
internal_weight=11.9128 5.90335 2.20879 6.00944 1.86647 0.539047
internal_count=243 39 33 204 49 25
is_linear=0
shrinkage=0.03


Tree=275
num_leaves=7
num_cat=0
split_feature=41 71 5 53 18 72
split_gain=2.86089 2.48327 2.23782 2.32544 0.655405 0.0207124
threshold=1.1215213537216189 3.6286034584045415 1.4816185235977175 1007.2527770996095 23.131412506103519 -3.5520242452621456
decision_type=2 2 2 2 2 2
left_child=1 -1 4 -4 -3 -2
right_child=5 2 3 -5 -6 -7
leaf_value=-0.02498881700292965 -0.039013211918019604 0.0062199820788996062 0.025436167304241076 -0.026699201449785721 0.026837920107109371 -0.024811082351874875
leaf_weight=1.9105151137337077 0.095242492854594629 1.8686583177186529 1.197128586471081 2.1579828723333776 5.3899834658950567 3.118641505949201
leaf_count=27 1 13 4 25 16 157
internal_value=1.77156e-05 0.0064971 0.0121647 -0.00809692 0.0215301 -0.025232
internal_weight=15.7382 12.5243 10.6138 3.35511 7.25864 3.21388
internal_count=243 85 58 29 29 158
is_linear=0
shrinkage=0.03


Tree=276
num_leaves=7
num_cat=0
split_feature=105 59 30 32 43 90
split_gain=4.71124 1.95224 1.31935 0.540008 0.322009 0.0899796
threshold=24.971490859985355 7.9545319080352792 14.487994194030763 25.476799964904789 61.837484359741218 8.8311152458190936
decision_type=2 2 2 2 2 2
left_child=-1 2 3 -2 -4 -3
right_child=1 5 4 -5 -6 -7
leaf_value=-0.024720282949045307 0.010423780011860059 -0.024975771184604981 -0.02530009000212317 0.029737337309023712 0.0062155712198647944 -0.0095545553419421492
leaf_weight=4.4401428680866966 1.8089062608778457 0.88684233278036095 0.61253503337502457 4.6579781267791986 0.5572076141834259 0.55277874320745468
leaf_count=57 29 12 9 122 7 7
internal_value=0.000602599 0.0129907 0.0190317 0.024335 -0.0102876 -0.0190544
internal_weight=13.5164 9.07625 7.63663 6.46688 1.16974 1.43962
internal_count=243 186 167 151 16 19
is_linear=0
shrinkage=0.03


Tree=277
num_leaves=7
num_cat=0
split_feature=115 70 58 113 89 113
split_gain=4.58082 1.35587 0.946411 1.29613 0.355678 0.000208628
threshold=-8.9243469238281232 23.04548263549805 43.699926376342781 8.7578983306884783 1.3483381271362307 6.4101285934448251
decision_type=2 2 2 2 2 2
left_child=1 -1 3 5 -3 -2
right_child=2 4 -4 -5 -6 -7
leaf_value=0.00046942493236310726 -0.02457609941538667 0.030031797719072148 -0.024735856481479919 0.031749935444316722 0.014439432679282464 -0.025587378416097321
leaf_weight=3.8297415859997255 0.39693652139976687 3.2646217048168182 5.07476497720927 0.70867336355149746 2.2066235244274139 0.34161016996949911
leaf_count=15 10 15 180 3 12 8
internal_value=0.000643257 0.0141601 -0.018633 0.00276687 0.0237432 -0.0250439
internal_weight=15.823 9.30099 6.52199 1.44722 5.47125 0.738547
internal_count=243 42 201 21 27 18
is_linear=0
shrinkage=0.03


Tree=278
num_leaves=7
num_cat=0
split_feature=117 93 106 105 101 116
split_gain=3.95867 1.4738 1.64407 1.00128 0.0084152 0.000151937
threshold=282.14941406250006 15.78183174133301 0.23903508484363559 26.203947067260746 -0.5107571780681609 0.00013462694914778697
decision_type=2 2 2 2 2 2
left_child=5 2 -2 -4 -3 -1
right_child=1 4 3 -5 -6 -7
leaf_value=-0.024597875491941142 -0.02485468057743577 -0.02492597542618703 0.02373348289727243 0.002776238197345553 -0.030921933041267297 -0.024994862150336569
leaf_weight=2.8191277268342683 0.9355198070406886 0.54255020059645176 6.2604549676179868 3.0520270392298698 0.34438195638358671 1.2534635434858499
leaf_count=111 11 13 32 21 6 49
internal_value=0.000588936 0.00984568 0.0130565 0.0168651 -0.0272541 -0.0247201
internal_weight=15.2075 11.1349 10.248 9.31248 0.886932 4.07259
internal_count=243 83 64 53 19 160
is_linear=0
shrinkage=0.03


Tree=279
num_leaves=7
num_cat=0
split_feature=38 6 79 25 108 116
split_gain=6.47446 0.362379 1.19981 0.00021481 0.000105986 0.000154471
threshold=1006.3922729492189 39.013589859008796 -0.85992479324340809 24.325177192687992 7.0646667480468759 0.00013462694914778697
decision_type=2 2 2 2 2 2
left_child=4 -2 -3 -4 5 -1
right_child=1 2 3 -5 -6 -7
leaf_value=-0.024786881118642374 0.026235281475622266 0.024742451540533776 -0.025932652057470876 -0.024738421475021956 -0.024671698026401252 -0.025425969948956906
leaf_weight=1.3392828246578572 3.5416483879089355 1.5293160658329727 0.2047648038715123 0.40106984134763479 3.9835628941655159 0.4563686680048703
leaf_count=39 6 5 8 20 155 10
internal_value=-0.00240557 0.0203501 0.0105881 -0.0251421 -0.024758 -0.0249493
internal_weight=11.456 5.6768 2.13515 0.605835 5.77921 1.79565
internal_count=243 39 33 28 204 49
is_linear=0
shrinkage=0.03


Tree=280
num_leaves=7
num_cat=0
split_feature=41 71 72 57 53 72
split_gain=2.75427 2.36788 2.12126 2.21311 0.10101 0.0194326
threshold=1.1215213537216189 3.6286034584045415 -0.5592922270298003 1.2551833987236025 1008.1616821289064 -3.5520242452621456
decision_type=2 2 2 2 2 2
left_child=1 -1 4 -4 -3 -2
right_child=5 2 3 -5 -6 -7
leaf_value=-0.024959443406566653 -0.038592579017345252 0.029606691982765554 -0.016677405037500308 0.024130192940786326 0.021219765181320217 -0.024783634323505402
leaf_weight=1.8320851824246336 0.094603016972541254 2.7037963867187491 3.239610379561781 1.8961679302155969 2.4759034542366862 3.0070799561217445
leaf_count=27 1 6 30 7 15 157
internal_value=2.68859e-05 0.00646939 0.0120513 -0.00161093 0.0255977 -0.0252048
internal_weight=15.2492 12.1476 10.3155 5.13578 5.1797 3.10168
internal_count=243 85 58 37 21 158
is_linear=0
shrinkage=0.03


Tree=281
num_leaves=7
num_cat=0
split_feature=105 59 115 106 103 115
split_gain=4.49304 1.8654 1.25252 0.922283 0.0908008 0.000114865
threshold=24.971490859985355 7.9545319080352792 -10.538574218749998 3.1732456684112553 44.577117919921882 -7.0119018554687491
decision_type=2 2 2 2 2 2
left_child=5 2 -2 -4 -3 -1
right_child=1 4 3 -5 -6 -7
leaf_value=-0.024851555511018007 -0.024995312131389009 -0.024942791623861864 0.00093293219177016553 0.027932832802399617 -0.0092669095482186131 -0.02454003375799391
leaf_weight=2.0797944851219654 0.54433436319231887 0.86263918876647927 1.4402375183999527 5.4371827710419893 0.54119741544127464 2.1837744377553472
leaf_count=34 9 12 17 141 7 23
internal_value=0.000596361 0.012813 0.0188114 0.0222786 -0.0188995 -0.024692
internal_weight=13.0892 8.82559 7.42175 6.87742 1.40384 4.26357
internal_count=243 186 167 158 19 57
is_linear=0
shrinkage=0.03


Tree=282
num_leaves=7
num_cat=0
split_feature=115 30 47 16 45 72
split_gain=4.35564 1.19973 1.70725 2.04615 0.943466 0.0110179
threshold=-8.3700561523437482 15.219958782196047 27.260042190551761 1003.6690063476564 0.94426462054252636 -0.19490689039230344
decision_type=2 2 2 2 2 2
left_child=1 2 3 -1 -2 -3
right_child=4 5 -4 -5 -6 -7
leaf_value=-0.026402041156264756 0.023448736260894366 0.023866665041846463 0.025363501865152027 0.015839548430772198 -0.024695047519100389 0.027425121890975547
leaf_weight=2.2317113317549211 0.39550130441784936 1.1573751792311671 2.2976399147883058 1.9198940098285673 4.9690970233641565 2.4215874075889587
leaf_count=11 4 8 13 6 188 13
internal_value=0.000673149 0.0123451 0.00461522 -0.00686758 -0.0211457 0.0262744
internal_weight=15.3928 10.0282 6.44925 4.15161 5.3646 3.57896
internal_count=243 51 30 17 192 21
is_linear=0
shrinkage=0.03


Tree=283
num_leaves=7
num_cat=0
split_feature=71 106 11 115 105 90
split_gain=3.79469 1.40269 1.36177 1.32722 0.691987 0.648928
threshold=5.1587979793548593 0.23903508484363559 2.895560741424561 -8.3700561523437482 26.046052932739261 13.81957530975342
decision_type=2 2 2 2 2 2
left_child=5 -2 4 -4 -3 -1
right_child=1 2 3 -5 -6 -7
leaf_value=-0.024863455180373983 -0.024818198571013382 0.028105924872453527 -0.026012843562441008 0.014736206142620703 0.0048189825803064612 0.017118207276031028
leaf_weight=4.3433972042985269 0.8977392390370359 4.7109166607260686 1.2358318921178582 1.721343067474663 1.5186969628557561 0.35874512698501337
leaf_count=153 11 21 19 15 17 7
internal_value=0.000595858 0.0109734 0.014471 -0.00229321 0.0224289 -0.0216605
internal_weight=14.7867 10.0845 9.18679 2.95717 6.22961 4.70214
internal_count=243 83 72 34 38 160
is_linear=0
shrinkage=0.03


Tree=284
num_leaves=7
num_cat=0
split_feature=38 6 80 25 108 116
split_gain=6.18523 0.346778 0.936076 0.000180981 9.77986e-05 0.000142367
threshold=1006.3922729492189 39.013589859008796 0.61608591675758373 24.414236068725589 7.0646667480468759 0.00013462694914778697
decision_type=2 2 2 2 2 2
left_child=4 -2 3 -3 5 -1
right_child=1 2 -4 -5 -6 -7
leaf_value=-0.024758390994608404 0.026124218413898039 -0.025839029941668569 0.021994296387237017 -0.024691289761093454 -0.024646471991721288 -0.025381491391328271
leaf_weight=1.2872112421318886 3.394278347492218 0.22441588900983367 1.5535609936341641 0.27537368983030319 3.834182370454073 0.44379718927666534
leaf_count=39 6 9 13 11 155 10
internal_value=-0.00248694 0.0202371 0.0105055 -0.0252066 -0.024731 -0.0249181
internal_weight=11.0128 5.44763 2.05335 0.49979 5.56519 1.73101
internal_count=243 39 33 20 204 49
is_linear=0
shrinkage=0.03


Tree=285
num_leaves=7
num_cat=0
split_feature=41 71 5 53 61 72
split_gain=2.6348 2.24376 2.03755 2.13479 0.632104 0.0184694
threshold=1.1215213537216189 3.6286034584045415 1.4816185235977175 1007.2527770996095 1006.1481018066407 -3.5520242452621456
decision_type=2 2 2 2 2 2
left_child=1 -1 4 -4 -3 -2
right_child=5 2 3 -5 -6 -7
leaf_value=-0.024920220924777668 -0.038262854948625642 0.002798471149990751 0.025070415368883187 -0.026486107968093517 0.025520171918423103 -0.024754944707383753
leaf_weight=1.7552469270303834 0.094065912067889612 1.3770245481282453 1.1223257109522822 2.0306184594519436 5.5155556639656425 2.8894987469539064
leaf_count=27 1 5 4 25 24 157
internal_value=6.47516e-06 0.00637453 0.0118426 -0.00813399 0.0209807 -0.0251808
internal_weight=14.7843 11.8008 10.0455 3.15294 6.89258 2.98356
internal_count=243 85 58 29 29 158
is_linear=0
shrinkage=0.03


Tree=286
num_leaves=7
num_cat=0
split_feature=105 59 30 105 43 90
split_gain=4.30622 1.78246 1.21219 0.526845 0.301664 0.0917786
threshold=24.971490859985355 7.9545319080352792 14.487994194030763 25.35526275634766 61.837484359741218 8.8311152458190936
decision_type=2 2 2 2 2 2
left_child=-1 2 3 -2 -4 -3
right_child=1 5 4 -5 -6 -7
leaf_value=-0.024664841304573592 0.00067342678487474861 -0.024917620441317442 -0.025218297604558796 0.027251562205773835 0.0059696824968372558 -0.0089511659400934637
leaf_weight=4.0967370606958875 0.76774980127811243 0.83570764958858468 0.57483037561178185 5.3396823573857546 0.54258013516664505 0.52919173613190651
leaf_count=57 6 12 9 145 7 7
internal_value=0.000643866 0.0127144 0.0186543 0.0239105 -0.0100744 -0.0187272
internal_weight=12.6865 8.58974 7.22484 6.10743 1.11741 1.3649
internal_count=243 186 167 151 16 19
is_linear=0
shrinkage=0.03


Tree=287
num_leaves=7
num_cat=0
split_feature=115 30 117 58 113 105
split_gain=4.16313 1.28234 1.68895 0.887493 1.18316 0.000705363
threshold=-8.9243469238281232 14.487994194030763 287.07450866699224 43.699926376342781 8.7578983306884783 24.971490859985355
decision_type=2 2 2 2 2 2
left_child=1 2 -1 4 -2 -3
right_child=3 5 -4 -5 -6 -7
leaf_value=0.018185146806433013 -0.024975165499376142 0.027449447249009176 -0.016921695285010512 -0.024686449467842635 0.030930159421043948 0.02662217508396978
leaf_weight=3.0520648583769781 0.68544600997120209 2.0794138908386235 2.0696519427001476 4.6942735402844846 0.67743021063506603 1.6746145784854887
leaf_count=11 18 11 9 180 3 11
internal_value=0.000675678 0.0137612 0.0039987 -0.018499 0.00281309 0.0270804
internal_weight=14.9329 8.87575 5.12172 6.05715 1.36288 3.75403
internal_count=243 42 20 201 21 22
is_linear=0
shrinkage=0.03


Tree=288
num_leaves=7
num_cat=0
split_feature=71 106 11 60 105 90
split_gain=3.62241 1.34033 1.29206 1.2773 0.671456 0.623488
threshold=5.1587979793548593 0.23903508484363559 2.895560741424561 25.465800285339359 26.046052932739261 13.81957530975342
decision_type=2 2 2 2 2 2
left_child=5 -2 4 -4 -3 -1
right_child=1 2 3 -5 -6 -7
leaf_value=-0.024832158170250591 -0.024787062977219852 0.027836561719464255 -0.018682016678864113 0.022134980631910262 0.0046701101467780141 0.016792773962006919
leaf_weight=4.1718983487226078 0.8659405205398788 4.5800835490226728 1.717404645867646 1.1534161232411859 1.4930779654532669 0.35112202446907748
leaf_count=153 11 21 27 7 17 7
internal_value=0.00061033 0.0108511 0.0143016 -0.00228288 0.0221411 -0.0216008
internal_weight=14.3329 9.80992 8.94398 2.87082 6.07316 4.52302
internal_count=243 83 72 34 38 160
is_linear=0
shrinkage=0.03


Tree=289
num_leaves=7
num_cat=0
split_feature=38 6 79 25 108 116
split_gain=5.89446 0.337724 1.09996 0.000166231 8.96407e-05 0.000131085
threshold=1006.3922729492189 39.013589859008796 -0.85992479324340809 24.325177192687992 7.0646667480468759 0.00013462694914778697
decision_type=2 2 2 2 2 2
left_child=4 -2 -3 -4 5 -1
right_child=1 2 3 -5 -6 -7
leaf_value=-0.024730113259813676 0.026018866004198438 0.024416570422227394 -0.025779637058532739 -0.024691146392614025 -0.024621706363207228 -0.025338798938633014
leaf_weight=1.2359494827687738 3.2520414590835571 1.4189773220568893 0.19026421941816796 0.375433508772403 3.6859352700412273 0.42893733549863089
leaf_count=39 6 5 8 20 155 10
internal_value=-0.00255978 0.0200672 0.0103149 -0.0250572 -0.0247042 -0.0248869
internal_weight=10.5875 5.23672 1.98468 0.565698 5.35082 1.66489
internal_count=243 39 33 28 204 49
is_linear=0
shrinkage=0.03


Tree=290
num_leaves=7
num_cat=0
split_feature=41 71 72 57 53 72
split_gain=2.52849 2.13263 1.94062 2.03893 0.100171 0.0175496
threshold=1.1215213537216189 3.6286034584045415 -0.5592922270298003 1.2551833987236025 1008.1616821289064 -3.5520242452621456
decision_type=2 2 2 2 2 2
left_child=1 -1 4 -4 -3 -2
right_child=5 2 3 -5 -6 -7
leaf_value=-0.024885353998555664 -0.037941632170906923 0.029189307980337163 -0.016511323087468294 0.023679585387206638 0.020580396021466024 -0.024728400833344363
leaf_weight=1.681022420991211 0.093510881066321772 2.5513478219509116 3.0778570137917987 1.8006415851414201 2.3248970750719309 2.7795054847374576
leaf_count=27 1 6 30 7 15 157
internal_value=1.73427e-06 0.00632275 0.0117008 -0.00167696 0.0250847 -0.0251585
internal_weight=14.3088 11.4358 9.75474 4.8785 4.87624 2.87302
internal_count=243 85 58 37 21 158
is_linear=0
shrinkage=0.03


Tree=291
num_leaves=7
num_cat=0
split_feature=105 59 115 106 90 115
split_gain=4.11145 1.70666 1.16141 0.87059 0.0915084 9.29987e-05
threshold=24.971490859985355 7.9545319080352792 -10.538574218749998 3.1732456684112553 8.8311152458190936 -7.0119018554687491
decision_type=2 2 2 2 2 2
left_child=5 2 -2 -4 -3 -1
right_child=1 4 3 -5 -6 -7
leaf_value=-0.024786648095631483 -0.024954742490981029 -0.02488944543314861 0.00088820416230423632 0.027630567434934753 -0.0087742144589740105 -0.024494691350851049
leaf_weight=1.9257868211716416 0.51363147422671218 0.80946422368288018 1.3942326214164484 5.1153091676533222 0.52139152586460114 2.0034881308674821
leaf_count=34 9 12 17 141 7 23
internal_value=0.000669948 0.0125733 0.0184759 0.0219028 -0.018576 -0.0246378
internal_weight=12.2833 8.35403 7.02317 6.50954 1.33086 3.92927
internal_count=243 186 167 158 19 57
is_linear=0
shrinkage=0.03


Tree=292
num_leaves=7
num_cat=0
split_feature=115 30 47 16 45 49
split_gain=3.96458 1.10479 1.57887 1.90986 0.865118 0.0104532
threshold=-8.3700561523437482 15.219958782196047 27.260042190551761 1003.6690063476564 0.94426462054252636 6.221529722213746
decision_type=2 2 2 2 2 2
left_child=1 2 3 -1 -2 -3
right_child=4 5 -4 -5 -6 -7
leaf_value=-0.02606998339559459 0.022696444151368025 0.02351263776944508 0.024967957763571413 0.015502315033210978 -0.024645284565920789 0.027116419776264316
leaf_weight=2.1341562476009117 0.37589506804943162 1.0654050037264826 2.1959716961719096 1.8625830262899397 4.5827328385785222 2.2631794512271881
leaf_count=11 4 8 13 6 188 13
internal_value=0.000695749 0.0120242 0.00453208 -0.00669623 -0.0210565 0.0259629
internal_weight=14.4799 9.5213 6.19271 3.99674 4.95863 3.32858
internal_count=243 51 30 17 192 21
is_linear=0
shrinkage=0.03


Tree=293
num_leaves=7
num_cat=0
split_feature=71 106 11 43 105 90
split_gain=3.45257 1.27293 1.23073 1.23396 0.652656 0.597336
threshold=5.1587979793548593 0.23903508484363559 2.895560741424561 59.095529556274421 26.046052932739261 13.81957530975342
decision_type=2 2 2 2 2 2
left_child=5 -2 4 -4 -3 -1
right_child=1 2 3 -5 -6 -7
leaf_value=-0.02480459250634488 -0.024753878128361471 0.027569244562225172 0.014113367623138667 -0.026498785909880192 0.0044875843073846839 0.016437915783201331
leaf_weight=4.0047646015882501 0.83172001875936885 4.4468901157379133 1.6650164891034367 1.1305255722254512 1.4660109737887976 0.34314242471009482
leaf_count=153 11 21 14 20 17 7
internal_value=0.000607239 0.0107052 0.0140918 -0.00231031 0.0218465 -0.0215497
internal_weight=13.8881 9.54016 8.70844 2.79554 5.9129 4.34791
internal_count=243 83 72 34 38 160
is_linear=0
shrinkage=0.03


Tree=294
num_leaves=7
num_cat=0
split_feature=38 6 79 25 108 116
split_gain=5.62847 0.323402 1.0442 0.000147878 8.28366e-05 0.000118748
threshold=1006.3922729492189 39.013589859008796 -0.85992479324340809 24.325177192687992 7.0646667480468759 0.00013462694914778697
decision_type=2 2 2 2 2 2
left_child=4 -2 -3 -4 5 -1
right_child=1 2 3 -5 -6 -7
leaf_value=-0.024706084012052865 0.02591887945959518 0.024209691210343578 -0.02570698659873134 -0.024658772439915738 -0.02459866297994278 -0.025295707612901456
leaf_weight=1.1889464003033934 3.1148024797439575 1.3661613464355467 0.18285371549427498 0.35882817860692739 3.5431743785738945 0.41461008088663209
leaf_count=39 6 5 8 20 155 10
internal_value=-0.0026316 0.0199611 0.0102343 -0.0250126 -0.0246796 -0.0248585
internal_weight=10.1694 5.02265 1.90784 0.541682 5.14673 1.60356
internal_count=243 39 33 28 204 49
is_linear=0
shrinkage=0.03


Tree=295
num_leaves=7
num_cat=0
split_feature=41 71 5 53 18 72
split_gain=2.41977 2.01992 1.85095 1.96203 0.617824 0.0166776
threshold=1.1215213537216189 3.6286034584045415 1.4816185235977175 1007.2527770996095 23.131412506103519 -3.5520242452621456
decision_type=2 2 2 2 2 2
left_child=1 -1 4 -4 -3 -2
right_child=5 2 3 -5 -6 -7
leaf_value=-0.024848602101955879 -0.037629596399686306 0.0049896402179246081 0.024740220447565166 -0.026294796144799223 0.025929942040411824 -0.024702114133761294
leaf_weight=1.6091600703075517 0.092940382659434717 1.7215358749963323 1.0511024780571463 1.9098411710001526 4.8140254896134138 2.670950357802214
leaf_count=27 1 13 4 25 16 157
internal_value=-1.85975e-05 0.00623263 0.0114993 -0.00817793 0.020414 -0.0251368
internal_weight=13.8696 11.1057 9.49651 2.96094 6.53556 2.76389
internal_count=243 85 58 29 29 158
is_linear=0
shrinkage=0.03


Tree=296
num_leaves=7
num_cat=0
split_feature=105 59 30 24 43 103
split_gain=3.935 1.62845 1.10976 0.546604 0.280225 0.0927219
threshold=24.971490859985355 7.9545319080352792 14.487994194030763 26.93326568603516 61.837484359741218 44.577117919921882
decision_type=2 2 2 2 2 2
left_child=-1 2 3 -2 -4 -3
right_child=1 5 4 -5 -6 -7
leaf_value=-0.024612851444214226 -0.0075997729199852948 -0.02485421450735972 -0.025138098695045786 0.026235596961465008 0.0056650768752600682 -0.0084079755566512111
leaf_weight=3.7746233642101297 0.4676167555153351 0.78634036332368829 0.53595335409045197 5.3005274571478367 0.527325838804245 0.50774176046252251
leaf_count=57 7 12 9 144 7 7
internal_value=0.000697977 0.0124559 0.0183012 0.0234926 -0.00986148 -0.0184014
internal_weight=11.9001 8.12551 6.83142 5.76814 1.06328 1.29408
internal_count=243 186 167 151 16 19
is_linear=0
shrinkage=0.03


Tree=297
num_leaves=7
num_cat=0
split_feature=115 30 47 16 45 49
split_gain=3.78684 1.05816 1.50062 1.81041 0.827905 0.0105701
threshold=-8.3700561523437482 15.219958782196047 27.260042190551761 1003.6690063476564 0.94426462054252636 6.221529722213746
decision_type=2 2 2 2 2 2
left_child=1 2 3 -1 -2 -3
right_child=4 5 -4 -5 -6 -7
leaf_value=-0.025702295940398495 0.022222348598449144 0.023289374256384172 0.024700350367848917 0.015133055182757612 -0.024622049439259344 0.026979595597051455
leaf_weight=2.0800904408097254 0.36793179251253683 1.0265246182680132 2.1422932408750057 1.8427365124225614 4.4022979135625064 2.1867051422595978
leaf_count=11 4 8 13 6 188 13
internal_value=0.000713579 0.0118816 0.0045075 -0.00652001 -0.0210089 0.0258007
internal_weight=14.0486 9.27835 6.06512 3.92283 4.77023 3.21323
internal_count=243 51 30 17 192 21
is_linear=0
shrinkage=0.03


Tree=298
num_leaves=7
num_cat=0
split_feature=117 106 105 16 11 116
split_gain=3.30572 1.12713 1.35624 1.61005 0.478403 0.000109043
threshold=282.14941406250006 0.23903508484363559 26.157895088195804 1001.2159118652345 2.4815289974212651 0.00013462694914778697
decision_type=2 2 2 2 2 2
left_child=5 -2 4 -4 -3 -1
right_child=1 2 3 -5 -6 -7
leaf_value=-0.024510297536953815 -0.024725538693610341 0.027945777906449521 0.020739052645588927 -0.020934323853304897 0.010223159521667987 -0.02487323427864396
leaf_weight=2.3817245350219323 0.80225012451410194 3.5812332406640035 1.4822719516232612 1.9089305782690642 2.2209565304219723 1.084182189311832
leaf_count=111 11 17 11 26 18 49
internal_value=0.000622835 0.00937691 0.0123528 -0.00271917 0.0211619 -0.0246238
internal_weight=13.4615 9.99564 9.19339 3.3912 5.80219 3.46591
internal_count=243 83 72 37 35 160
is_linear=0
shrinkage=0.03


Tree=299
num_leaves=7
num_cat=0
split_feature=38 6 79 25 108 116
split_gain=5.36708 0.313251 0.996932 0.000130937 7.60922e-05 0.000109387
threshold=1006.3922729492189 39.013589859008796 -0.85992479324340809 24.325177192687992 7.0646667480468759 0.00013462694914778697
decision_type=2 2 2 2 2 2
left_child=4 -2 -3 -4 5 -1
right_child=1 2 3 -5 -6 -7
leaf_value=-0.024680267085055951 0.025824186484266515 0.024007466564526084 -0.025640067585511146 -0.024634995003913938 -0.024575958647750036 -0.025256417711758936
leaf_weight=1.1416015373542903 2.9827875196933746 1.3151191398501394 0.17578100040554989 0.34682873543351889 3.40627037640661 0.40066506108269084
leaf_count=39 6 5 8 20 155 10
internal_value=-0.00270826 0.0198214 0.0100785 -0.0249731 -0.0246551 -0.0248299
internal_weight=9.76905 4.82052 1.83773 0.52261 4.94854 1.54227
internal_count=243 39 33 28 204 49
is_linear=0
shrinkage=0.03


Tree=300
num_leaves=7
num_cat=0
split_feature=41 71 72 57 53 72
split_gain=2.31826 1.91684 1.75686 1.91047 0.0979092 0.0158183
threshold=1.1215213537216189 3.6286034584045415 -0.5592922270298003 1.2551833987236025 1008.1616821289064 -3.5520242452621456
decision_type=2 2 2 2 2 2
left_child=1 -1 4 -4 -3 -2
right_child=5 2 3 -5 -6 -7
leaf_value=-0.024813523065356287 -0.037315216140570068 0.028733960994031197 -0.016389833348585393 0.023414386458628599 0.019944027962661166 -0.024676696725085379
leaf_weight=1.5405076122842718 0.092332974076270502 2.3929482400417319 2.9287718264386049 1.7240882627665994 2.179053851403296 2.5668825563043374
leaf_count=27 1 6 30 7 15 157
internal_value=-3.19302e-05 0.00616411 0.0113372 -0.00164063 0.0245446 -0.0251155
internal_weight=13.4246 10.7654 9.22486 4.65286 4.572 2.65922
internal_count=243 85 58 37 21 158
is_linear=0
shrinkage=0.03


Tree=301
num_leaves=7
num_cat=0
split_feature=105 59 30 24 43 90
split_gain=3.75005 1.55415 1.04478 0.526365 0.273509 0.0930379
threshold=24.971490859985355 7.9545319080352792 14.487994194030763 26.93326568603516 61.837484359741218 8.8311152458190936
decision_type=2 2 2 2 2 2
left_child=-1 2 3 -2 -4 -3
right_child=1 5 4 -5 -6 -7
leaf_value=-0.024588296757811597 -0.0074971742625913589 -0.024836295848353614 -0.025097735842256927 0.025951918176583644 0.0057433927776600769 -0.0081745956932410702
leaf_weight=3.6194844748824835 0.46139357984065998 0.76215595006942727 0.51520071178674676 5.143223537132144 0.51999654620885849 0.49916788563132286
leaf_count=57 7 12 9 144 7 7
internal_value=0.000700219 0.0122848 0.0180839 0.0231983 -0.00960573 -0.0182424
internal_weight=11.5206 7.90114 6.63981 5.60462 1.0352 1.26132
internal_count=243 186 167 151 16 19
is_linear=0
shrinkage=0.03


Tree=302
num_leaves=7
num_cat=0
split_feature=115 70 58 113 89 113
split_gain=3.6284 1.17453 0.808226 1.04128 0.308114 0.000130301
threshold=-8.9243469238281232 23.04548263549805 43.699926376342781 8.7578983306884783 1.3483381271362307 6.4101285934448251
decision_type=2 2 2 2 2 2
left_child=1 -1 3 5 -3 -2
right_child=2 4 -4 -5 -6 -7
leaf_value=-0.00012729271536736616 -0.024472557270711761 0.029232301030171524 -0.02462148226670758 0.029941667731668044 0.013762483545711248 -0.025346665869484031
leaf_weight=3.4108708165585977 0.31994844181463189 2.8325529545545578 4.1773913651704788 0.63203050754964352 1.9608880802989004 0.29499536659568548
leaf_count=15 10 15 180 3 12 8
internal_value=0.0007424 0.0133289 -0.0182946 0.00290057 0.0229039 -0.0248919
internal_weight=13.6287 8.20431 5.42437 1.24697 4.79344 0.614944
internal_count=243 42 201 21 27 18
is_linear=0
shrinkage=0.03


Tree=303
num_leaves=7
num_cat=0
split_feature=71 106 11 43 105 90
split_gain=3.16117 1.15803 1.13115 1.14273 0.609683 0.548724
threshold=5.1587979793548593 0.23903508484363559 2.895560741424561 59.095529556274421 26.046052932739261 13.81957530975342
decision_type=2 2 2 2 2 2
left_child=5 -2 4 -4 -3 -1
right_child=1 2 3 -5 -6 -7
leaf_value=-0.024752980092933214 -0.024694709992041465 0.027108070924043961 0.013748212338277605 -0.026386055582727937 0.0042290102509687814 0.015991648153860848
leaf_weight=3.7011015559546658 0.77017482928931613 4.2095787897706014 1.5916842613369229 1.0661904998123644 1.3958556437864897 0.32347864285111416
leaf_count=153 11 21 14 20 17 7
internal_value=0.000636183 0.0104885 0.0137677 -0.00235141 0.0214108 -0.0214781
internal_weight=13.0581 9.03348 8.26331 2.65787 5.60543 4.02458
internal_count=243 83 72 34 38 160
is_linear=0
shrinkage=0.03


Tree=304
num_leaves=7
num_cat=0
split_feature=38 18 31 108 116 95
split_gain=5.12453 0.311245 0.732855 7.01594e-05 9.96349e-05 6.637e-05
threshold=1006.3922729492189 22.917345046997074 1005.8462829589845 7.0646667480468759 0.00013462694914778697 0.82207822799682628
decision_type=2 2 2 2 2 2
left_child=3 -2 -3 4 -1 -4
right_child=1 2 5 -5 -6 -7
leaf_value=-0.024656446574835268 0.023913938410837457 0.02632804326369145 -0.024604730289806157 -0.024554039861060074 -0.025215550928270658 -0.025423635672691416
leaf_weight=1.0971433729864655 3.5822337558493018 0.61209821701049782 0.3015121347270906 3.2730178940109909 0.38841339573264111 0.12642051558941603
leaf_count=39 14 1 17 155 10 7
internal_value=-0.00277838 0.0197193 0.00527163 -0.0246316 -0.0248026 -0.0248467
internal_weight=9.38084 4.62226 1.04003 4.75857 1.48556 0.427933
internal_count=243 39 25 204 49 24
is_linear=0
shrinkage=0.03


Tree=305
num_leaves=7
num_cat=0
split_feature=41 71 5 53 18 29
split_gain=2.2286 1.82694 1.67849 1.80624 0.593807 0.0124687
threshold=1.1215213537216189 3.6286034584045415 1.4816185235977175 1007.2527770996095 23.131412506103519 2.0709226131439213
decision_type=2 2 2 2 2 2
left_child=1 -1 4 -4 -3 -2
right_child=5 2 3 -5 -6 -7
leaf_value=-0.024790292723024503 -0.035035545844707028 0.0045168172882547484 0.024411386749072519 -0.026109222814919137 0.025506168063510446 -0.024655252017765372
leaf_weight=1.4782477836124588 0.10875883512199047 1.6556296776980142 0.98788003250956569 1.7927512098103759 4.5382877234369516 2.4559240248054266
leaf_count=27 4 13 4 25 16 154
internal_value=-3.59024e-05 0.00611267 0.0112029 -0.00816067 0.0198957 -0.0250954
internal_weight=13.0175 10.4528 8.97455 2.78063 6.19392 2.56468
internal_count=243 85 58 29 29 158
is_linear=0
shrinkage=0.03


Tree=306
num_leaves=7
num_cat=0
split_feature=105 59 115 114 105 53
split_gain=3.59158 1.50463 1.23017 0.637989 0.394093 0.0911
threshold=25.35526275634766 7.9545319080352792 -10.538574218749998 24.140396118164066 24.971490859985355 1008.1051025390626
decision_type=2 2 2 2 2 2
left_child=4 2 -2 -4 -1 -3
right_child=1 5 3 -5 -6 -7
leaf_value=-0.024565788973953891 -0.024897654098272846 -0.024866396758232785 0.02918756050133163 -0.0077398869919538243 -0.0041864204063862013 -0.0073662720219040733
leaf_weight=3.480023730546236 0.47217078879475494 0.6135214641690252 4.5366860534995803 0.46415328606963147 1.1317311935126779 0.47498482838273048
leaf_count=57 9 8 143 6 12 8
internal_value=0.000723512 0.014983 0.0213898 0.0257601 -0.0195647 -0.01723
internal_weight=11.1733 6.56152 5.47301 5.00084 4.61175 1.08851
internal_count=243 174 158 149 69 16
is_linear=0
shrinkage=0.03


Tree=307
num_leaves=7
num_cat=0
split_feature=115 30 47 16 45 49
split_gain=3.45051 0.994977 1.39783 1.67833 0.75856 0.00987334
threshold=-8.3700561523437482 15.219958782196047 27.260042190551761 1003.6690063476564 0.94426462054252636 6.221529722213746
decision_type=2 2 2 2 2 2
left_child=1 2 3 -1 -2 -3
right_child=4 5 -4 -5 -6 -7
leaf_value=-0.025384196206591287 0.021546539058821118 0.023056607397298406 0.024324572224241555 0.014615528813207256 -0.024576212808056521 0.026742085113180238
leaf_weight=1.9953336780890807 0.34847850818187076 0.96060780063271556 2.0441741799004376 1.7918865233659742 4.0586863695643842 2.0510847419500351
leaf_count=11 4 8 13 6 188 13
internal_value=0.000756446 0.011564 0.00433226 -0.00645871 -0.0209292 0.0255666
internal_weight=13.2503 8.84309 5.83139 3.78722 4.40716 3.01169
internal_count=243 51 30 17 192 21
is_linear=0
shrinkage=0.03


Tree=308
num_leaves=7
num_cat=0
split_feature=117 106 105 16 11 116
split_gain=3.02639 1.02494 1.25193 1.47691 0.452722 9.09919e-05
threshold=282.14941406250006 0.23903508484363559 26.157895088195804 1001.2159118652345 2.4815289974212651 0.00013462694914778697
decision_type=2 2 2 2 2 2
left_child=5 -2 4 -4 -3 -1
right_child=1 2 3 -5 -6 -7
leaf_value=-0.024470937691861358 -0.024668896551597475 0.027561650281303203 0.020312076571507309 -0.020628500957384516 0.0098774376411256207 -0.024815240401675778
leaf_weight=2.1897038817405714 0.74238119274377723 3.3824218660593015 1.405365417711437 1.8200714662671087 2.1191512085497379 1.0092097190208731
leaf_count=111 11 17 11 26 18 49
internal_value=0.000648535 0.00917099 0.0120497 -0.00279015 0.0207499 -0.0245796
internal_weight=12.6683 9.46939 8.72701 3.22544 5.50157 3.19891
internal_count=243 83 72 37 35 160
is_linear=0
shrinkage=0.03


Tree=309
num_leaves=7
num_cat=0
split_feature=38 18 31 48 106 95
split_gain=4.88634 0.298841 0.701666 6.45403e-05 8.24551e-05 5.88777e-05
threshold=1006.3922729492189 22.917345046997074 1005.8462829589845 22.891697883605961 2.7017543315887456 0.82207822799682628
decision_type=2 2 2 2 2 2
left_child=3 -2 -3 4 -1 -4
right_child=1 2 5 -5 -6 -7
leaf_value=-0.02528285302825083 0.023751678333580904 0.026212204674380846 -0.024583610398527637 -0.024555692759208714 -0.024642399877644192 -0.025368975933153154
leaf_weight=0.26650047674775112 3.4407610334455967 0.58679395914077737 0.29160218266770244 3.74988769646734 0.56338594947010279 0.12179375346750021
leaf_count=6 14 1 17 152 46 7
internal_value=-0.00286624 0.0195559 0.00512177 -0.0246087 -0.0248481 -0.024815
internal_weight=9.02073 4.44095 1.00019 4.57977 0.829886 0.413396
internal_count=243 39 25 204 52 24
is_linear=0
shrinkage=0.03


Tree=310
num_leaves=7
num_cat=0
split_feature=41 71 72 57 41 45
split_gain=2.13316 1.73275 1.59649 1.77417 0.0991738 0.0111233
threshold=1.1215213537216189 3.6286034584045415 -0.5592922270298003 1.2551833987236025 0.11759597808122636 28.322246551513675
decision_type=2 2 2 2 2 2
left_child=1 -1 4 -4 -3 -2
right_child=5 2 3 -5 -6 -7
leaf_value=-0.024757320663880793 -0.024628200274317297 0.027821806705666051 -0.016226756503750134 0.023082764319016163 0.018527650960317478 -0.034104159426448087
leaf_weight=1.4148399461992074 2.3485141368582858 2.5597465485334387 2.779164040926843 1.6449563466012476 1.7327273115515707 0.11704425141215313
leaf_count=27 155 8 30 7 13 3
internal_value=-5.28346e-05 0.00603723 0.0110357 -0.00161087 0.0240701 -0.025078
internal_weight=12.597 10.1314 8.71659 4.42412 4.29247 2.46556
internal_count=243 85 58 37 21 158
is_linear=0
shrinkage=0.03


Tree=311
num_leaves=7
num_cat=0
split_feature=105 59 30 32 43 75
split_gain=3.42839 1.42359 0.944989 0.506788 0.259425 0.121932
threshold=24.971490859985355 7.9545319080352792 14.487994194030763 25.476799964904789 61.837484359741218 3.5876284837722783
decision_type=2 2 2 2 2 2
left_child=-1 2 3 -2 -4 -3
right_child=1 5 4 -5 -6 -7
leaf_value=-0.024543245771696431 0.0086450734050031158 -0.024814346499842752 -0.025025801062728486 0.028887890339111062 0.0058179930503905559 -0.0046390137525376069
leaf_weight=3.337556267157197 1.5936319753527639 0.78917086496949174 0.48016219958662976 3.6912598833441734 0.50202582031488419 0.40948934480547905
leaf_count=57 29 12 9 122 7 7
internal_value=0.000732856 0.0120325 0.0177617 0.0227838 -0.00926061 -0.017922
internal_weight=10.8033 7.46574 6.26708 5.28489 0.982188 1.19866
internal_count=243 186 167 151 16 19
is_linear=0
shrinkage=0.03


Tree=312
num_leaves=7
num_cat=0
split_feature=115 70 58 113 89 39
split_gain=3.29962 1.09438 0.76113 0.956696 0.293314 0.000113826
threshold=-8.9243469238281232 23.04548263549805 43.699926376342781 8.7578983306884783 1.3483381271362307 26.607234954833988
decision_type=2 2 2 2 2 2
left_child=1 -1 3 -2 -3 -4
right_child=2 4 5 -5 -6 -7
leaf_value=-0.00023470453499836933 -0.024836021282672895 0.028925670860433034 -0.025019573590293668 0.029361507330342138 0.013434430587141166 -0.024521459558913255
leaf_weight=3.2732502929866314 0.57060962682589866 2.6623333618044853 0.47007640032097731 0.60278526227921247 1.8745602518320081 3.3935157812666148
leaf_count=15 18 15 18 3 12 162
internal_value=0.000776603 0.0129863 -0.0181553 0.00300582 0.022525 -0.0245821
internal_weight=12.8471 7.81014 5.03699 1.17339 4.53689 3.86359
internal_count=243 42 201 21 27 180
is_linear=0
shrinkage=0.03


Tree=313
num_leaves=7
num_cat=0
split_feature=71 106 11 56 105 90
split_gain=2.89872 1.05336 1.04213 1.07682 0.573566 0.504219
threshold=5.1587979793548593 0.23903508484363559 2.895560741424561 7.4948322772979745 26.046052932739261 13.81957530975342
decision_type=2 2 2 2 2 2
left_child=5 -2 4 -4 -3 -1
right_child=1 2 3 -5 -6 -7
leaf_value=-0.024706389593352585 -0.024640627349185911 0.026692944295987595 -0.026511868776265872 0.013471191165536901 0.0039275663462027917 0.015579742588178158
leaf_weight=3.4230821984820081 0.71264673210680296 3.98495814204216 1.0044076833873989 1.5291979759931562 1.3279627794399855 0.30447921808809031
leaf_count=153 11 21 24 10 17 7
internal_value=0.00066486 0.010281 0.0134527 -0.00237946 0.0210027 -0.0214157
internal_weight=12.2867 8.55917 7.84653 2.53361 5.31292 3.72756
internal_count=243 83 72 34 38 160
is_linear=0
shrinkage=0.03


Tree=314
num_leaves=7
num_cat=0
split_feature=38 6 79 25 48 106
split_gain=4.66444 0.285598 0.877263 0.000113291 6.13217e-05 7.7156e-05
threshold=1006.3922729492189 39.013589859008796 -0.85992479324340809 24.325177192687992 22.891697883605961 2.7017543315887456
decision_type=2 2 2 2 2 2
left_child=4 -2 -3 -4 5 -1
right_child=1 2 3 -5 -6 -7
leaf_value=-0.02525160913414572 0.02557422205125395 0.023579464693354098 -0.025532056838916489 -0.024557960056683915 -0.024535232214942831 -0.024621815822641838
leaf_weight=0.25882213748991478 2.6244857311248779 1.1657570507377384 0.16547885816544283 0.30646798806264997 3.6028420741204172 0.54104114882647991
leaf_count=6 6 5 8 20 152 46
internal_value=-0.00293111 0.0194397 0.00960899 -0.0248995 -0.024588 -0.0248256
internal_weight=8.66489 4.26219 1.6377 0.471947 4.40271 0.799863
internal_count=243 39 33 28 204 52
is_linear=0
shrinkage=0.03


Tree=315
num_leaves=7
num_cat=0
split_feature=41 71 5 53 61 29
split_gain=2.05143 1.65051 1.52324 1.66448 0.57628 0.0114546
threshold=1.1215213537216189 3.6286034584045415 1.4816185235977175 1007.2527770996095 1006.1481018066407 2.0709226131439213
decision_type=2 2 2 2 2 2
left_child=1 -1 4 -4 -3 -2
right_child=5 2 3 -5 -6 -7
leaf_value=-0.024736298692849358 -0.034704884311698284 0.00078942359580898812 0.024101960530374267 -0.025941151724492784 0.02414766359028795 -0.024611121189888733
leaf_weight=1.3562985085882235 0.10590117936954024 1.1934874868020395 0.92806421965360675 1.6828615805134175 4.6709031839855015 2.2721682800911367
leaf_count=27 4 5 4 25 24 154
internal_value=-5.72772e-05 0.00599053 0.0109077 -0.00815312 0.0193939 -0.0250606
internal_weight=12.2097 9.83161 8.47532 2.61093 5.86439 2.37807
internal_count=243 85 58 29 29 158
is_linear=0
shrinkage=0.03


Tree=316
num_leaves=7
num_cat=0
split_feature=105 59 115 114 105 53
split_gain=3.28546 1.38923 1.14497 0.57983 0.37129 0.0901345
threshold=25.35526275634766 7.9545319080352792 -10.538574218749998 24.140396118164066 24.971490859985355 1008.1051025390626
decision_type=2 2 2 2 2 2
left_child=4 2 -2 -4 -1 -3
right_child=1 5 3 -5 -6 -7
leaf_value=-0.024522272493917564 -0.024849750948173179 -0.02480782050522785 0.028977937641917067 -0.0071073448843620747 -0.0043300736414099185 -0.0070038238338288481
leaf_weight=3.2062570434063673 0.44387095421552558 0.57525055482983567 4.238014256581665 0.44261365383863438 1.1010111309587953 0.46101009473204613
leaf_count=57 9 8 143 6 12 8
internal_value=0.000739519 0.0147926 0.0211988 0.0255656 -0.0193608 -0.0168872
internal_weight=10.468 6.16076 5.1245 4.68063 4.30727 1.03626
internal_count=243 174 158 149 69 16
is_linear=0
shrinkage=0.03


Tree=317
num_leaves=7
num_cat=0
split_feature=115 30 47 16 45 49
split_gain=3.14829 0.937125 1.29468 1.5589 0.693257 0.00930443
threshold=-8.3700561523437482 15.219958782196047 27.260042190551761 1003.6690063476564 0.94426462054252636 6.221529722213746
decision_type=2 2 2 2 2 2
left_child=1 2 3 -1 -2 -3
right_child=4 5 -4 -5 -6 -7
leaf_value=-0.025066723593560547 0.020829884268242258 0.022836513703785647 0.023943178716855477 0.014163018532391013 -0.024536045970545942 0.026533068079518603
leaf_weight=1.9115813076496109 0.32990424241870719 0.8985569812357429 1.944338417612016 1.7428297996520994 3.7401995121035725 1.9272078573703764
leaf_count=11 4 8 13 6 188 13
internal_value=0.000806515 0.0112736 0.00416527 -0.00635762 -0.0208589 0.0253576
internal_weight=12.4946 8.42451 5.59875 3.65441 4.0701 2.82576
internal_count=243 51 30 17 192 21
is_linear=0
shrinkage=0.03


Tree=318
num_leaves=7
num_cat=0
split_feature=71 106 108 97 90 71
split_gain=2.77069 1.00537 0.995061 1.73308 0.482881 0.429297
threshold=5.1587979793548593 0.23903508484363559 10.529693603515627 2.7977254390716557 13.81957530975342 5.7033178806304941
decision_type=2 2 2 2 2 2
left_child=4 -2 5 -4 -1 -3
right_child=1 2 3 -5 -6 -7
leaf_value=-0.024683302595498308 -0.024616293985215264 0.0056904197985354803 -0.027012752525045144 0.01916412682711905 0.015158226792147012 0.027104882780246017
leaf_weight=3.2893980070948614 0.68635067716240694 1.106344264000654 1.2578533012419941 1.748081747908145 0.29864258691668499 3.5333111509680748
leaf_count=153 11 11 25 15 7 21
internal_value=0.00067334 0.0101648 0.0132871 -0.000158892 -0.0213672 0.0219985
internal_weight=11.92 8.33194 7.64559 3.00594 3.58804 4.63966
internal_count=243 83 72 40 160 32
is_linear=0
shrinkage=0.03


Tree=319
num_leaves=7
num_cat=0
split_feature=38 6 79 25 48 106
split_gain=4.45173 0.276302 0.836429 0.000100159 5.76891e-05 6.86313e-05
threshold=1006.3922729492189 39.013589859008796 -0.85992479324340809 24.325177192687992 22.891697883605961 2.7017543315887456
decision_type=2 2 2 2 2 2
left_child=4 -2 -3 -4 5 -1
right_child=1 2 3 -5 -6 -7
leaf_value=-0.025209474038011145 0.025497129180742394 0.023382808821722268 -0.025470191704394282 -0.024536688903774216 -0.024514914248725088 -0.024605759232648582
leaf_weight=0.2507591601461171 2.5110270977020264 1.1216076388955114 0.15925542451441277 0.29516818793490529 3.4636566962581128 0.52280932012945414
leaf_count=6 6 5 8 20 152 46
internal_value=-0.00302071 0.0193175 0.00947165 -0.0248638 -0.0245672 -0.0248015
internal_weight=8.32428 4.08706 1.57603 0.454424 4.23723 0.773568
internal_count=243 39 33 28 204 52
is_linear=0
shrinkage=0.03


Tree=320
num_leaves=7
num_cat=0
split_feature=41 71 72 50 41 29
split_gain=1.96122 1.56402 1.45201 1.64041 0.100597 0.0110035
threshold=1.1215213537216189 3.6286034584045415 -0.5592922270298003 1.2576818466186526 0.11759597808122636 2.0709226131439213
decision_type=2 2 2 2 2 2
left_child=1 -1 4 -4 -3 -2
right_child=5 2 3 -5 -6 -7
leaf_value=-0.024705825619241201 -0.03455847651051995 0.027530214175611644 -0.016053960551111211 0.022742034524681088 0.017883616657578122 -0.024589110980262459
leaf_weight=1.297203677240758 0.10441445838660124 2.3879373967647544 2.6349238171242169 1.5625940039753912 1.6418858356773851 2.1793617433868349
leaf_count=27 4 8 30 7 13 154
internal_value=-7.6774e-05 0.00591004 0.0107372 -0.00161152 0.0235999 -0.0250449
internal_weight=11.8083 9.52454 8.22734 4.19752 4.02982 2.28378
internal_count=243 85 58 37 21 158
is_linear=0
shrinkage=0.03


Tree=321
num_leaves=7
num_cat=0
split_feature=105 23 59 24 105 10
split_gain=3.13872 1.33062 0.927457 0.989934 0.36569 0.200121
threshold=25.35526275634766 1003.1507263183595 7.9545319080352792 27.417454719543461 24.971490859985355 19.72684478759766
decision_type=2 2 2 2 2 2
left_child=4 2 3 -2 -1 -3
right_child=1 5 -4 -5 -6 -7
leaf_value=-0.024501451491472075 -0.016716966953906953 0.026563663424929589 -0.024756200915435584 0.02697214216558359 -0.0042614009852514805 0.055417486896688295
leaf_weight=3.0759311132133007 0.71889434382319528 2.763322221115232 0.90908686071634282 1.3309182170778511 1.0874254405498502 0.23471073806285847
leaf_count=57 12 111 15 33 12 3
internal_value=0.00076942 0.0147367 0.000464512 0.0116498 -0.019215 0.0288226
internal_weight=10.1203 5.95693 2.9589 2.04981 4.16336 2.99803
internal_count=243 174 60 45 69 114
is_linear=0
shrinkage=0.03


Tree=322
num_leaves=7
num_cat=0
split_feature=115 30 117 70 45 105
split_gain=2.99752 1.02889 1.38849 0.716832 0.671105 0.000314687
threshold=-8.9243469238281232 14.487994194030763 287.07450866699224 23.787514686584476 0.94426462054252636 24.971490859985355
decision_type=2 2 2 2 2 2
left_child=1 2 -1 4 -2 -3
right_child=3 5 -4 -5 -6 -7
leaf_value=0.017259151147611188 0.020436909258699596 0.026586405229100375 -0.016890493287874675 0.024989185166430481 -0.024568382861449571 0.025964793791981255
leaf_weight=2.6645992398262024 0.32205652259290207 1.6619813144207003 1.7923281900584696 0.3244854426011442 4.0253560019191355 1.3112483024597166
leaf_count=11 4 11 9 6 191 11
internal_value=0.00080497 0.0126441 0.00352606 -0.0180239 -0.0212344 0.0263123
internal_weight=12.1021 7.43016 4.45693 4.6719 4.34741 2.97323
internal_count=243 42 20 201 195 22
is_linear=0
shrinkage=0.03


Tree=323
num_leaves=7
num_cat=0
split_feature=71 106 11 115 105 90
split_gain=2.64999 0.960569 0.949583 1.00664 0.553362 0.463162
threshold=5.1587979793548593 0.23903508484363559 2.895560741424561 -8.3700561523437482 26.046052932739261 13.81957530975342
decision_type=2 2 2 2 2 2
left_child=5 -2 4 -4 -3 -1
right_child=1 2 3 -5 -6 -7
leaf_value=-0.024662758789572099 -0.024590929290697585 0.026318931826881348 -0.025661588546718756 0.013900622067537626 0.0033811694216883252 0.01486954557349339
leaf_weight=3.1577568803913905 0.66024001315235903 3.7706260159611702 0.9847219800576571 1.4043166972696779 1.2638315316289661 0.29133819323033083
leaf_count=153 11 21 19 15 17 7
internal_value=0.000691988 0.0100854 0.0131695 -0.00240626 0.0205607 -0.0213235
internal_weight=11.5328 8.08374 7.4235 2.38904 5.03446 3.4491
internal_count=243 83 72 34 38 160
is_linear=0
shrinkage=0.03


Tree=324
num_leaves=7
num_cat=0
split_feature=38 6 79 25 48 50
split_gain=4.25039 0.264533 0.793934 8.89484e-05 5.65207e-05 6.651e-05
threshold=1006.3922729492189 39.013589859008796 -0.85992479324340809 24.325177192687992 22.891697883605961 -2.520283460617065
decision_type=2 2 2 2 2 2
left_child=4 -2 -3 -4 5 -1
right_child=1 2 3 -5 -6 -7
leaf_value=-0.025465792019650203 0.025423971697246341 0.023201408058288686 -0.02541013758474241 -0.024511184187422361 -0.024494308636351544 -0.024665765358068744
leaf_weight=0.10957153327763081 2.4020482897758488 1.078758401796222 0.15277448575943653 0.28176068188622594 3.3220724794082344 0.63855194766074408
leaf_count=9 6 5 8 20 152 43
internal_value=-0.00308089 0.0192346 0.00941021 -0.0248272 -0.0245474 -0.0247829
internal_weight=7.98554 3.91534 1.51329 0.434535 4.0702 0.748123
internal_count=243 39 33 28 204 52
is_linear=0
shrinkage=0.03


Tree=325
num_leaves=7
num_cat=0
split_feature=106 53 36 20 95 95
split_gain=1.88405 1.1244 0.757828 0.527816 0.304605 0.319523
threshold=0.6535087823867799 1007.9211730957032 55.649389266967781 2.3662081956863408 1.1475200057029726 1.2058612704277041
decision_type=2 2 2 2 2 2
left_child=2 -2 -1 -4 -3 -6
right_child=1 4 3 -5 5 -7
leaf_value=-0.0063901937570276851 0.010056210190002196 -0.02521113588182522 0.026099516802114288 0.0057239362422055271 0.024481706909553688 -0.024550041704211229
leaf_weight=1.6808546185493467 1.3347814250737426 3.303502866532654 2.5961624681949615 2.045895267277956 0.24351470265537489 0.23509723972529173
leaf_count=8 20 177 9 11 2 16
internal_value=-8.25219e-05 -0.0136161 0.0108697 0.0171194 -0.0219705 0.000396999
internal_weight=11.4398 5.1169 6.32291 4.64206 3.78211 0.478612
internal_count=243 215 28 20 195 18
is_linear=0
shrinkage=0.03


Tree=326
num_leaves=7
num_cat=0
split_feature=105 59 115 106 75 115
split_gain=3.00536 1.24811 0.880926 0.757832 0.118103 4.64174e-05
threshold=24.971490859985355 7.9545319080352792 -10.538574218749998 3.1732456684112553 3.5876284837722783 -7.0119018554687491
decision_type=2 2 2 2 2 2
left_child=5 2 -2 -4 -3 -1
right_child=1 4 3 -5 -6 -7
leaf_value=-0.024601075794176027 -0.02479238455482299 -0.024734319405887901 2.5445126009301874e-06 0.026814289939586171 -0.0041900572639062801 -0.024363198802292076
leaf_weight=1.4782750811427834 0.41456041112542052 0.71495477482676484 1.2345883250236518 4.0983749581500888 0.38878877833485603 1.4748332202434538
leaf_count=34 9 12 17 141 7 23
internal_value=0.000816823 0.0117215 0.0173327 0.0206073 -0.0174977 -0.0244823
internal_weight=9.80438 6.85127 5.74752 5.33296 1.10374 2.95311
internal_count=243 186 167 158 19 57
is_linear=0
shrinkage=0.03


Tree=327
num_leaves=7
num_cat=0
split_feature=115 35 91 45 39 90
split_gain=2.86517 0.870057 1.13743 0.636665 0.157787 5.35844e-05
threshold=-8.3700561523437482 1.4487491250038149 1009.681365966797 0.94426462054252636 26.905949592590336 5.9491918087005624
decision_type=2 2 2 2 2 2
left_child=1 2 4 -2 -1 -5
right_child=3 -3 -4 5 -6 -7
leaf_value=0.02679996661752658 0.020134553696980462 -0.0099244610256643585 -0.0047256034829707451 -0.024373668532005538 0.014585082612969274 -0.024610791934453528
leaf_weight=3.4083545878529549 0.31380776967853341 1.4614039701409636 1.7835748791694639 1.609414061997086 1.3205336742103098 1.8363017158117143
leaf_count=24 4 12 5 81 10 107
internal_value=0.00081562 0.0109949 0.0156892 -0.0207744 0.023389 -0.0245
internal_weight=11.7334 7.97387 6.51246 3.75952 4.72889 3.44572
internal_count=243 51 39 192 34 188
is_linear=0
shrinkage=0.03


Tree=328
num_leaves=7
num_cat=0
split_feature=117 106 105 16 11 116
split_gain=2.53061 0.848187 1.08609 1.2637 0.402005 6.66633e-05
threshold=282.14941406250006 0.23903508484363559 26.157895088195804 1001.2159118652345 2.4815289974212651 0.00013462694914778697
decision_type=2 2 2 2 2 2
left_child=5 -2 4 -4 -3 -1
right_child=1 2 3 -5 -6 -7
leaf_value=-0.02440385609807089 -0.024568199052177494 0.02691796045228264 0.019621374891724424 -0.020334003746318548 0.0093267957981935448 -0.024722173676494083
leaf_weight=1.8448897181078803 0.63506160303950121 3.0040048360824585 1.2545384010300042 1.6486363904550669 1.9142245985567568 0.87198072765022505
leaf_count=111 11 17 11 26 18 49
internal_value=0.000682487 0.00877498 0.0114823 -0.00306823 0.0200713 -0.024506
internal_weight=11.1733 8.45647 7.8214 2.90317 4.91823 2.71687
internal_count=243 83 72 37 35 160
is_linear=0
shrinkage=0.03


Tree=329
num_leaves=7
num_cat=0
split_feature=38 18 31 48 50 17
split_gain=4.05537 0.257535 0.591546 5.28531e-05 6.47192e-05 4.77869e-05
threshold=1006.3922729492189 22.917345046997074 1005.8462829589845 22.891697883605961 -2.520283460617065 27.532255172729496
decision_type=2 2 2 2 2 2
left_child=3 -2 -3 4 -1 -4
right_child=1 2 5 -5 -6 -7
leaf_value=-0.025442692445088611 0.023386732887079143 0.025820444805789156 -0.025223159348696476 -0.024476382937612222 -0.024642264438870919 -0.024487702137168672
leaf_weight=0.10673041548579931 2.8975313473492865 0.49764272570610035 0.11909431731328368 3.1939917700365186 0.61349583743140135 0.23924020631238818
leaf_count=9 14 1 8 152 43 16
internal_value=-0.00316391 0.0191157 0.00465781 -0.0245287 -0.0247609 -0.0247321
internal_weight=7.66773 3.75351 0.855977 3.91422 0.720226 0.358335
internal_count=243 39 25 204 52 24
is_linear=0
shrinkage=0.03


Tree=330
num_leaves=7
num_cat=0
split_feature=41 71 72 57 41 29
split_gain=1.80722 1.42633 1.35571 1.52063 0.0972588 0.0093298
threshold=1.1215213537216189 3.6286034584045415 -0.5592922270298003 1.2551833987236025 0.11759597808122636 2.0709226131439213
decision_type=2 2 2 2 2 2
left_child=1 -1 4 -4 -3 -2
right_child=5 2 3 -5 -6 -7
leaf_value=-0.024667161271425896 -0.033909285327755209 0.027311067636516678 -0.015844281242363766 0.022381020655658154 0.017542069316092725 -0.024554070920786753
leaf_weight=1.2018590252846459 0.1007148437201989 2.237287744879723 2.531690975651145 1.4866019114851949 1.5545162130147216 2.0243964428082108
leaf_count=27 4 8 30 7 13 154
internal_value=-0.000111142 0.0057573 0.0104392 -0.0017025 0.0233061 -0.0249974
internal_weight=11.1371 9.01196 7.8101 4.01829 3.7918 2.12511
internal_count=243 85 58 37 21 158
is_linear=0
shrinkage=0.03


Tree=331
num_leaves=7
num_cat=0
split_feature=105 59 115 106 75 115
split_gain=2.87774 1.19659 0.833143 0.734696 0.116988 4.32061e-05
threshold=24.971490859985355 7.9545319080352792 -10.538574218749998 3.1732456684112553 3.5876284837722783 -7.0119018554687491
decision_type=2 2 2 2 2 2
left_child=5 2 -2 -4 -3 -1
right_child=1 4 3 -5 -6 -7
leaf_value=-0.024581754717753781 -0.024755226800114594 -0.024711935678840252 -1.1968500454057226e-05 0.026643627787057707 -0.0040841245977261695 -0.024347785377834556
leaf_weight=1.4281052984297278 0.39598510041832824 0.69268022105097748 1.2157826889306314 3.9677094360813498 0.38496477156877518 1.4133515059947965
leaf_count=34 9 12 17 141 7 23
internal_value=0.000809584 0.0115977 0.0171874 0.0203916 -0.0173431 -0.0244654
internal_weight=9.49858 6.65712 5.57948 5.18349 1.07764 2.84146
internal_count=243 186 167 158 19 57
is_linear=0
shrinkage=0.03


Tree=332
num_leaves=7
num_cat=0
split_feature=115 70 58 113 89 39
split_gain=2.74846 0.98348 0.668407 0.810767 0.272243 8.83128e-05
threshold=-8.9243469238281232 23.04548263549805 43.699926376342781 8.7578983306884783 1.3483381271362307 26.607234954833988
decision_type=2 2 2 2 2 2
left_child=1 -1 3 -2 -3 -4
right_child=2 4 5 -5 -6 -7
leaf_value=-0.00067096674782705825 -0.024747360747201162 0.02847849656411074 -0.024920949615337706 0.028381667423232636 0.012764478885968992 -0.024452859549061085
leaf_weight=2.9961054921150208 0.4932344229891894 2.390711635351181 0.41475992789492044 0.5432097315788269 1.6963074058294294 2.8928038224112242
leaf_count=15 18 15 18 3 12 162
internal_value=0.000863163 0.0123852 -0.0179241 0.00309804 0.0219564 -0.0245116
internal_weight=11.4271 7.08312 4.34401 1.03644 4.08702 3.30756
internal_count=243 42 201 21 27 180
is_linear=0
shrinkage=0.03


Tree=333
num_leaves=7
num_cat=0
split_feature=71 106 108 97 90 71
split_gain=2.42846 0.875662 0.883018 1.54492 0.431164 0.410337
threshold=5.1587979793548593 0.23903508484363559 10.529693603515627 2.7977254390716557 13.81957530975342 5.7033178806304941
decision_type=2 2 2 2 2 2
left_child=4 -2 5 -4 -1 -3
right_child=1 2 3 -5 -6 -7
leaf_value=-0.024625363219805192 -0.024548530220667119 0.0051300386130850358 -0.026804199686768899 0.0185795755592238 0.01465351651038224 0.026759772532238494
leaf_weight=2.9260113574564461 0.61202579736709584 1.0464472537860272 1.1555799627676608 1.6234671594575045 0.27516966499388207 3.2131718844175339
leaf_count=153 11 11 25 15 7 21
internal_value=0.000690643 0.00987057 0.0128634 -0.00029185 -0.021249 0.0214461
internal_weight=10.8519 7.65069 7.03867 2.77905 3.20118 4.25962
internal_count=243 83 72 40 160 32
is_linear=0
shrinkage=0.03


Tree=334
num_leaves=7
num_cat=0
split_feature=38 92 31 42 48 50
split_gain=3.87657 0.379431 0.637515 5.71057e-05 5.05803e-05 6.36262e-05
threshold=1006.3922729492189 18.836357116699222 1005.8462829589845 0.88857376575469982 22.891697883605961 -2.520283460617065
decision_type=2 2 2 2 2 2
left_child=4 -2 -3 -4 5 -1
right_child=1 2 3 -5 -6 -7
leaf_value=-0.025425420745553168 0.024585237432670382 0.025749856680474366 -0.024489127584460209 -0.025206443617610593 -0.024459538605640745 -0.024622283405689858
leaf_weight=0.10442436067387462 2.7108593815937643 0.48097264766693104 0.26010688161477447 0.16215531062334776 3.0721269655041397 0.59244924201630089
leaf_count=9 9 1 19 10 152 43
internal_value=-0.00322498 0.0189743 0.00213436 -0.0247646 -0.0245119 -0.0247426
internal_weight=7.38309 3.61409 0.903235 0.422262 3.769 0.696874
internal_count=243 39 30 29 204 52
is_linear=0
shrinkage=0.03


Tree=335
num_leaves=7
num_cat=0
split_feature=41 58 93 63 115 107
split_gain=1.73522 1.35919 1.10611 0.970142 0.00845079 0.000387407
threshold=1.1215213537216189 46.096906661987312 13.344313621520998 22.748547554016117 -3.7455749511718746 1003.5470275878907
decision_type=2 2 2 2 2 2
left_child=1 5 -3 -4 -2 -1
right_child=4 2 3 -5 -6 -7
leaf_value=-0.025514699747562479 -0.024534119018917343 -0.029482304036614105 0.017861187878764426 -0.015382749007368815 -0.033274667773919492 -0.024394340360666802
leaf_weight=0.48088051378726759 1.9418345042504364 0.58157713315449644 6.1189357843250036 0.90717713814228762 0.10493469028733837 0.65767964720726013
leaf_count=11 154 11 45 12 4 6
internal_value=-0.000116344 0.00570269 0.0102778 0.0135689 -0.0249822 -0.0248675
internal_weight=10.793 8.74625 7.60769 7.02611 2.04677 1.13856
internal_count=243 85 68 57 158 17
is_linear=0
shrinkage=0.03


Tree=336
num_leaves=7
num_cat=0
split_feature=105 59 30 29 95 95
split_gain=2.7545 1.13208 0.814173 0.472783 0.370378 0.117146
threshold=24.971490859985355 7.9545319080352792 12.432939529418947 4.4728319644927987 1.5019812583923342 0.78741720318794262
decision_type=2 2 2 2 2 2
left_child=-1 2 4 -4 -2 -3
right_child=1 5 3 -5 -6 -7
leaf_value=-0.024447911594063336 0.02591340487429759 -0.024672335930249423 0.011374763910519232 -0.024912662853059549 -0.012301324939318693 -0.0037356344450266803
leaf_weight=2.7307146675884724 3.8428037660196424 0.66782826930284478 0.79959932900965192 0.54230049066245556 0.24267216585576523 0.37590493634343147
leaf_count=57 142 12 11 11 3 7
internal_value=0.000819256 0.0114816 0.0169843 -0.00329003 0.0236435 -0.0171319
internal_weight=9.20182 6.47111 5.42738 1.3419 4.08548 1.04373
internal_count=243 186 167 22 145 19
is_linear=0
shrinkage=0.03


Tree=337
num_leaves=7
num_cat=0
split_feature=115 30 47 113 45 49
split_gain=2.62432 0.832014 1.11678 1.58321 0.583415 0.00843178
threshold=-8.3700561523437482 15.219958782196047 27.260042190551761 7.6586439609527597 0.94426462054252636 6.221529722213746
decision_type=2 2 2 2 2 2
left_child=1 2 3 -1 -2 -3
right_child=4 5 -4 -5 -6 -7
leaf_value=0.025085937683856099 0.019611430992196342 0.022408098829609965 0.023306993463826562 -0.019589223716629599 -0.024468205536015013 0.026178210888494584
leaf_weight=1.0200643390417101 0.29532137606292996 0.77775743976235423 1.7515759309753773 2.3787532337009907 3.1814520838670433 1.7027356028556822
leaf_count=4 4 8 13 13 188 13
internal_value=0.000879141 0.0107219 0.00384734 -0.00618117 -0.020724 0.0249961
internal_weight=11.1077 7.63089 5.15039 3.39882 3.47677 2.48049
internal_count=243 51 30 17 192 21
is_linear=0
shrinkage=0.03


Tree=338
num_leaves=7
num_cat=0
split_feature=117 106 105 16 11 101
split_gain=2.32695 0.776838 1.00772 1.14941 0.388495 5.75439e-05
threshold=282.14941406250006 0.23903508484363559 26.157895088195804 1001.2159118652345 2.4815289974212651 -0.16818070411682126
decision_type=2 2 2 2 2 2
left_child=5 -2 4 -4 -3 -1
right_child=1 2 3 -5 -6 -7
leaf_value=-0.024580286790899981 -0.024528254569072643 0.026662889408408354 0.019206842680638752 -0.020066434473113161 0.0089430872903387953 -0.024279366035973575
leaf_weight=1.6330382244195791 0.58950038440525521 2.8423293828964233 1.175491249188781 1.5617902977392075 1.8308215290307996 0.88018037355504919
leaf_count=79 11 17 11 26 18 81
internal_value=0.000706319 0.00861712 0.0112538 -0.00320102 0.0197207 -0.0244749
internal_weight=10.5132 7.99993 7.41043 2.73728 4.67315 2.51322
internal_count=243 83 72 37 35 160
is_linear=0
shrinkage=0.03


Tree=339
num_leaves=7
num_cat=0
split_feature=38 92 31 42 48 50
split_gain=3.69905 0.364586 0.609645 5.04952e-05 4.83712e-05 6.30465e-05
threshold=1006.3922729492189 18.836357116699222 1005.8462829589845 0.88857376575469982 22.891697883605961 -2.520283460617065
decision_type=2 2 2 2 2 2
left_child=4 -2 -3 -4 5 -1
right_child=1 2 3 -5 -6 -7
leaf_value=-0.025409732144299955 0.024486403756315767 0.025664027419569947 -0.024472730286703277 -0.025160408441828042 -0.024441985927912666 -0.024600977886487584
leaf_weight=0.10225240094587207 2.5960139147937302 0.46044549345970143 0.25126020424067974 0.15561955701559782 2.9505900349467993 0.57220301078632507
leaf_count=9 9 1 19 10 152 43
internal_value=-0.00331158 0.0188603 0.00202048 -0.0247357 -0.0244944 -0.0247236
internal_weight=7.08838 3.46334 0.867325 0.40688 3.62505 0.674455
internal_count=243 39 30 29 204 52
is_linear=0
shrinkage=0.03


Tree=340
num_leaves=7
num_cat=0
split_feature=106 53 36 20 95 17
split_gain=1.6643 1.00505 0.702977 0.467312 0.269976 0.280157
threshold=0.6535087823867799 1007.9211730957032 55.649389266967781 2.3662081956863408 1.1475200057029726 26.391155242919925
decision_type=2 2 2 2 2 2
left_child=2 -2 -1 -4 -3 -6
right_child=1 4 3 -5 5 -7
leaf_value=-0.0066224642687950693 0.0096684262680145922 -0.025146731964635655 0.025714631853223684 0.005740498890126183 0.024259707385782935 -0.024489149199595116
leaf_weight=1.5757415294647215 1.2308697137050328 2.9823943511582915 2.3684074133634567 1.8997565917670725 0.21696995245292772 0.207635089289397
leaf_count=8 20 177 9 11 2 16
internal_value=-0.000147408 -0.0135662 0.010502 0.0168242 -0.0219603 0.000421146
internal_weight=10.4818 4.63787 5.84391 4.26816 3.407 0.424605
internal_count=243 215 28 20 195 18
is_linear=0
shrinkage=0.03


Tree=341
num_leaves=7
num_cat=0
split_feature=106 59 115 105 108 114
split_gain=2.63612 1.13478 0.905508 0.430253 0.895544 0.261258
threshold=3.1732456684112553 7.9545319080352792 -10.538574218749998 24.971490859985355 6.8024902343750009 24.140396118164066
decision_type=2 2 2 2 2 2
left_child=3 2 -2 -1 -5 -4
right_child=1 -3 5 4 -6 -7
leaf_value=-0.024430187013806132 -0.024748592394203354 -0.015658628235839439 0.028635993357790254 0.031503020815059048 -0.020488866759880289 -0.0022792453609270379
leaf_weight=2.6219938853755598 0.33949366770684708 0.86697352305054654 3.4539254708215599 0.44109101593494393 0.92019185610115528 0.26488493382930745
leaf_count=57 8 15 137 8 14 4
internal_value=0.000820723 0.0154966 0.0221523 -0.0173259 -0.00364214 0.026434
internal_weight=8.90855 4.92528 4.0583 3.98328 1.36128 3.71881
internal_count=243 164 149 79 22 141
is_linear=0
shrinkage=0.03


Tree=342
num_leaves=7
num_cat=0
split_feature=115 30 117 58 113 105
split_gain=2.52392 0.919367 1.22054 0.615689 0.743863 0.000227553
threshold=-8.9243469238281232 14.487994194030763 287.07450866699224 43.699926376342781 8.7578983306884783 24.971490859985355
decision_type=2 2 2 2 2 2
left_child=1 2 -1 4 -2 -3
right_child=3 5 -4 -5 -6 -7
leaf_value=0.016585148143403131 -0.02471693839291084 0.026249077155584648 -0.016711037746788868 -0.02448066843451167 0.027853300810146624 0.025685597653159638
leaf_weight=2.4826475232839584 0.4606245751492678 1.4813553020358088 1.6489475332200525 3.0609930795617402 0.51096498500555754 1.1424679085612295
leaf_count=11 18 11 9 180 3 11
internal_value=0.000904737 0.012116 0.00329642 -0.0178765 0.00293008 0.0260037
internal_weight=10.788 6.75542 4.1316 4.03258 0.97159 2.62382
internal_count=243 42 20 201 21 22
is_linear=0
shrinkage=0.03


Tree=343
num_leaves=7
num_cat=0
split_feature=71 115 17 37 107 24
split_gain=2.23105 0.797169 1.06023 0.854635 0.752941 0.418159
threshold=5.1587979793548593 -9.1766662597656232 25.555277824401859 3.9024465084075932 994.92337036132824 28.020015716552738
decision_type=2 2 2 2 2 2
left_child=-1 2 -2 5 -5 -3
right_child=1 3 -4 4 -6 -7
leaf_value=-0.021166986195726677 0.033196512442054689 0.025900173112732107 -0.02495009424434478 0.020414466891381398 -0.02883067607406711 0.0053322456107165591
leaf_weight=2.9696594087872654 0.38022944331169117 3.4054396077990532 1.09494630433619 0.47798257786780574 0.67269574385136366 1.2041923743672667
leaf_count=160 1 23 23 7 12 17
internal_value=0.000728118 0.00971452 -0.00996269 0.0147537 -0.00837464 0.0205271
internal_weight=10.2051 7.23549 1.47518 5.76031 1.15068 4.60963
internal_count=243 83 24 59 19 40
is_linear=0
shrinkage=0.03


Tree=344
num_leaves=7
num_cat=0
split_feature=38 92 31 48 50 42
split_gain=3.53837 0.347337 0.581136 4.43586e-05 5.99549e-05 4.40774e-05
threshold=1006.3922729492189 18.836357116699222 1005.8462829589845 22.891697883605961 -2.520283460617065 0.88857376575469982
decision_type=2 2 2 2 2 2
left_child=3 -2 -3 4 -1 -4
right_child=1 2 5 -5 -6 -7
leaf_value=-0.025378728994171911 0.024385297060807679 0.025582673186348538 -0.024452247078629849 -0.024425694916385042 -0.024578017705094074 -0.025108792777092426
leaf_weight=0.099370084004476666 2.4918057294562463 0.44072410464286793 0.24078762135468423 2.8383982127998024 0.54990918072871897 0.14896483439952135
leaf_count=9 9 1 19 152 43 10
internal_value=-0.00337112 0.0187853 0.00198293 -0.0244769 -0.0247006 -0.0247032
internal_weight=6.80996 3.32228 0.830477 3.48768 0.649279 0.389752
internal_count=243 39 30 204 52 29
is_linear=0
shrinkage=0.03


Tree=345
num_leaves=7
num_cat=0
split_feature=41 71 72 57 41 45
split_gain=1.59839 1.25473 1.21759 1.35595 0.0947495 0.00868511
threshold=1.1215213537216189 3.6286034584045415 -0.5592922270298003 1.2551833987236025 0.11759597808122636 35.724126815795906
decision_type=2 2 2 2 2 2
left_child=1 -1 4 -4 -3 -2
right_child=5 2 3 -5 -6 -7
leaf_value=-0.024632738714482912 -0.02449635758973211 0.027007362711533239 -0.015572882560790948 0.021859566811470579 0.016940844924702936 -0.033803285359088574
leaf_weight=1.0783331440761665 1.8035699322354055 2.0409400016069417 2.3676537908613686 1.3777411915361879 1.4319161293096838 0.09499432798475016
leaf_count=27 156 8 30 7 13 2
internal_value=-0.000130494 0.00555188 0.0100611 -0.00180338 0.0228568 -0.024962
internal_weight=10.1951 8.29658 7.21825 3.74539 3.47286 1.89856
internal_count=243 85 58 37 21 158
is_linear=0
shrinkage=0.03


Tree=346
num_leaves=7
num_cat=0
split_feature=105 23 59 24 105 10
split_gain=2.5231 1.12642 0.778455 0.801209 0.318758 0.154443
threshold=25.35526275634766 1003.1507263183595 7.9545319080352792 27.417454719543461 24.971490859985355 19.72684478759766
decision_type=2 2 2 2 2 2
left_child=4 2 3 -2 -1 -3
right_child=1 5 -4 -5 -6 -7
leaf_value=-0.02441431701608714 -0.015969749287030544 0.026201607279399738 -0.024645418064532697 0.025974395561901443 -0.0043224662306540571 0.051760236748319408
leaf_weight=2.5202867276966576 0.63200849667191539 2.2817638739943509 0.78058539144694794 1.1661212556064127 0.98974769376218308 0.23466521501541127
leaf_count=57 12 111 15 33 12 3
internal_value=0.000822923 0.0143059 0.000371667 0.0112318 -0.0187489 0.028585
internal_weight=8.60518 5.09514 2.57872 1.79813 3.51003 2.51643
internal_count=243 174 60 45 69 114
is_linear=0
shrinkage=0.03


Tree=347
num_leaves=7
num_cat=0
split_feature=115 70 58 113 89 39
split_gain=2.40936 0.89145 0.590932 0.706021 0.255313 7.03796e-05
threshold=-8.9243469238281232 23.04548263549805 43.699926376342781 8.7578983306884783 1.3483381271362307 26.607234954833988
decision_type=2 2 2 2 2 2
left_child=1 -1 3 -2 -3 -4
right_child=2 4 5 -5 -6 -7
leaf_value=-0.00084810558344682876 -0.024683923405889732 0.028075095146810888 -0.024845130603398127 0.027552614432682521 0.012253970281993662 -0.024406689719917666
leaf_weight=2.8062958121299744 0.44062829203903708 2.2009744942188267 0.37813700549304519 0.49388144724071026 1.5748400017619131 2.5623101817909628
leaf_count=15 18 15 18 3 12 162
internal_value=0.000909384 0.0119583 -0.0178585 0.0029227 0.0214763 -0.0244631
internal_weight=10.4571 6.58211 3.87496 0.93451 3.77581 2.94045
internal_count=243 42 201 21 27 180
is_linear=0
shrinkage=0.03


Tree=348
num_leaves=7
num_cat=0
split_feature=117 106 105 16 11 101
split_gain=2.1279 0.718577 0.933658 1.04827 0.356245 4.66119e-05
threshold=282.14941406250006 0.23903508484363559 26.157895088195804 1001.2159118652345 2.4815289974212651 -0.16818070411682126
decision_type=2 2 2 2 2 2
left_child=5 -2 4 -4 -3 -1
right_child=1 2 3 -5 -6 -7
leaf_value=-0.024537581066344696 -0.024494986874342255 0.026283463101761738 0.018804387671946948 -0.019770367398252046 0.0088530357138960989 -0.024254931882964414
leaf_weight=1.5129708368331196 0.55325026251375664 2.6740226224064827 1.1074596773833039 1.4831409812904892 1.7432822771370409 0.80421951436437655
leaf_count=79 11 17 11 26 18 81
internal_value=0.000712263 0.00842026 0.0110188 -0.00327999 0.0194046 -0.0244395
internal_weight=9.87835 7.56116 7.00791 2.5906 4.4173 2.31719
internal_count=243 83 72 37 35 160
is_linear=0
shrinkage=0.03


Tree=349
num_leaves=7
num_cat=0
split_feature=38 92 31 48 50 42
split_gain=3.38603 0.331179 0.558649 4.00985e-05 5.5558e-05 3.75649e-05
threshold=1006.3922729492189 18.836357116699222 1005.8462829589845 22.891697883605961 -2.520283460617065 0.88857376575469982
decision_type=2 2 2 2 2 2
left_child=3 -2 -3 4 -1 -4
right_child=1 2 5 -5 -6 -7
leaf_value=-0.025340019910902553 0.02429747029592759 0.025522975435011364 -0.024437282166377614 -0.024410155473130597 -0.024555971112066446 -0.025055958639117061
leaf_weight=0.096123473718762398 2.3916368288919334 0.42608666419982899 0.23315477417781949 2.7283316995017231 0.52886773925274644 0.14219749253243208
leaf_count=9 9 1 19 152 43 10
internal_value=-0.00340591 0.0187046 0.00201442 -0.0244598 -0.0246766 -0.0246717
internal_weight=6.5464 3.19308 0.801439 3.35332 0.624991 0.375352
internal_count=243 39 30 204 52 29
is_linear=0
shrinkage=0.03


Tree=350
num_leaves=7
num_cat=0
split_feature=41 71 5 53 18 72
split_gain=1.53425 1.19535 1.1691 1.32014 0.507841 0.00831052
threshold=1.1215213537216189 3.6286034584045415 1.4816185235977175 1007.2527770996095 23.131412506103519 -3.5520242452621456
decision_type=2 2 2 2 2 2
left_child=1 -1 4 -4 -3 -2
right_child=5 2 3 -5 -6 -7
leaf_value=-0.024616851735940051 -0.034141534517177767 0.0024947380274702095 0.023448983331475538 -0.025542701953570435 0.024159893288727294 -0.024481421033841488
leaf_weight=1.0334973116405288 0.084007523953913643 1.3490033228881655 0.76273567229509387 1.4102777203079311 3.5005155503749847 1.7457319370005295
leaf_count=27 1 13 4 25 16 157
internal_value=-0.000126144 0.00550632 0.00993951 -0.00834644 0.0181332 -0.0249249
internal_weight=9.88577 8.05603 7.02253 2.17301 4.84952 1.82974
internal_count=243 85 58 29 29 158
is_linear=0
shrinkage=0.03


Tree=351
num_leaves=7
num_cat=0
split_feature=106 59 115 105 108 114
split_gain=2.40944 1.04384 0.844032 0.403688 0.836826 0.247453
threshold=3.1732456684112553 7.9545319080352792 -10.538574218749998 24.971490859985355 6.8024902343750009 24.140396118164066
decision_type=2 2 2 2 2 2
left_child=3 2 -2 -1 -5 -4
right_child=1 -3 5 4 -6 -7
leaf_value=-0.02439851194868391 -0.024704310993538921 -0.015361775231358128 0.028485936826988644 0.031018545278364854 -0.020399585079397424 -0.0022068878894105884
leaf_weight=2.4204178908839826 0.31976380944252047 0.82166809961199749 3.2171925986185674 0.42239869199693181 0.87492569535970688 0.25515738502144802
leaf_count=57 8 15 137 8 14 4
internal_value=0.000811291 0.0152933 0.0219355 -0.0171611 -0.00365824 0.0262305
internal_weight=8.33152 4.61378 3.79211 3.71774 1.29732 3.47235
internal_count=243 164 149 79 22 141
is_linear=0
shrinkage=0.03


Tree=352
num_leaves=7
num_cat=0
split_feature=115 30 117 58 113 105
split_gain=2.30632 0.878715 1.12841 0.568386 0.671149 0.000197042
threshold=-8.9243469238281232 14.487994194030763 287.07450866699224 43.699926376342781 8.7578983306884783 24.971490859985355
decision_type=2 2 2 2 2 2
left_child=1 2 -1 4 -2 -3
right_child=3 5 -4 -5 -6 -7
leaf_value=0.016105432961123513 -0.02465331813086433 0.026103864955695999 -0.016521141169743656 -0.024447972160749995 0.027275156052464982 0.025562895143912131
leaf_weight=2.3909161016345029 0.4216662319377068 1.4015437215566637 1.5874832123517988 2.8262162392493337 0.47784746997058392 1.0675433278083799
leaf_count=11 18 11 9 180 3 11
internal_value=0.000953243 0.0118116 0.00308659 -0.0178374 0.00293258 0.02587
internal_weight=10.1732 6.44749 3.9784 3.72573 0.899514 2.46909
internal_count=243 42 20 201 21 22
is_linear=0
shrinkage=0.03


Tree=353
num_leaves=7
num_cat=0
split_feature=117 96 115 76 37 40
split_gain=2.03435 0.691096 0.551553 0.580296 0.495463 0.373856
threshold=282.14941406250006 44.144395828247077 -9.1766662597656232 1001.8816833496095 3.9024465084075932 24.544115066528324
decision_type=2 2 2 2 2 2
left_child=-1 2 3 -2 -4 -3
right_child=1 5 4 -5 -6 -7
leaf_value=-0.024425430675182418 0.018022640117402757 -0.026538280349294584 0.020427788674597599 -0.025081970011412928 -0.0041558156476817452 0.012429288479838008
leaf_weight=2.225491174031049 0.48873646557330974 0.71293375920504309 4.2869295179843911 0.66159751266241074 0.89123413432389487 0.32151320762932301
leaf_count=160 3 19 34 13 11 3
internal_value=0.00070923 0.00830632 0.0120223 -0.00676834 0.0161966 -0.0144269
internal_weight=9.58844 7.36294 6.3285 1.15033 5.17816 1.03445
internal_count=243 83 61 16 45 22
is_linear=0
shrinkage=0.03


Tree=354
num_leaves=7
num_cat=0
split_feature=38 92 31 48 50 42
split_gain=3.23248 0.318149 0.534296 3.75559e-05 5.33475e-05 3.34587e-05
threshold=1006.3922729492189 18.836357116699222 1005.8462829589845 22.891697883605961 -2.520283460617065 0.88857376575469982
decision_type=2 2 2 2 2 2
left_child=3 -2 -3 4 -1 -4
right_child=1 2 5 -5 -6 -7
leaf_value=-0.025316221973101679 0.024202600156648862 0.025448638446252 -0.024422805648679904 -0.02439542799262075 -0.02453704932386323 -0.025018112648814265
leaf_weight=0.093600084772333503 2.2898570867255335 0.40766063332557667 0.22500905231572688 2.6239358251914382 0.50994119420647654 0.1365280682221055
leaf_count=9 9 1 19 152 43 10
internal_value=-0.00350117 0.0185952 0.00190248 -0.0244445 -0.0246579 -0.0246476
internal_weight=6.28653 3.05905 0.769198 3.22748 0.603541 0.361537
internal_count=243 39 30 204 52 29
is_linear=0
shrinkage=0.03


Tree=355
num_leaves=7
num_cat=0
split_feature=41 93 63 58 72 105
split_gain=1.4775 1.15651 1.09521 0.992984 0.00801469 3.6101e-05
threshold=1.1215213537216189 13.344313621520998 22.782123565673832 46.096906661987312 -3.5520242452621456 25.282895088195804
decision_type=2 2 2 2 2 2
left_child=1 -1 3 -3 -2 -6
right_child=4 2 -4 -5 5 -7
leaf_value=-0.027197837230146651 -0.033987284580449424 -0.025026580787789261 -0.025877975473667596 0.017284899417154696 -0.02466166775477991 -0.024365739670632616
leaf_weight=0.86556366435252119 0.083482421934604534 0.54713754821568716 0.70464213169179846 5.6966818352229893 0.5538723962381481 1.1237859292887149
leaf_count=15 1 11 11 48 17 140
internal_value=-9.20312e-05 0.0055026 0.00957606 0.0135772 -0.0249149 -0.0244634
internal_weight=9.57517 7.81403 6.94846 6.24382 1.76114 1.67766
internal_count=243 85 70 59 158 157
is_linear=0
shrinkage=0.03


Tree=356
num_leaves=7
num_cat=0
split_feature=105 59 115 106 67 115
split_gain=2.30471 0.950165 0.690438 0.643296 0.121178 2.58792e-05
threshold=24.971490859985355 7.9545319080352792 -10.538574218749998 3.1732456684112553 7.2375280857086191 -7.0119018554687491
decision_type=2 2 2 2 2 2
left_child=5 2 -2 -4 -3 -1
right_child=1 4 3 -5 -6 -7
leaf_value=-0.024481327987157037 -0.024662119618801642 -0.0020926912338244401 -0.00039985683508334175 0.026136030165483645 -0.024568107158561094 -0.024280988283207999
leaf_weight=1.1842488106340172 0.34109055437147606 0.33616195991635311 1.0893601896241305 3.3528312547132373 0.60348594188690186 1.137915004044771
leaf_count=34 9 4 17 141 15 23
internal_value=0.000824157 0.0110524 0.0164703 0.0196286 -0.0165275 -0.0243832
internal_weight=8.04509 5.72293 4.78328 4.44219 0.939648 2.32216
internal_count=243 186 167 158 19 57
is_linear=0
shrinkage=0.03


Tree=357
num_leaves=7
num_cat=0
split_feature=115 30 40 58 113 105
split_gain=2.18981 0.849334 1.09929 0.54976 0.640553 0.000170141
threshold=-8.9243469238281232 14.487994194030763 24.109668731689457 43.699926376342781 8.7578983306884783 24.971490859985355
decision_type=2 2 2 2 2 2
left_child=1 2 -1 4 -2 -3
right_child=3 5 -4 -5 -6 -7
leaf_value=0.016926957957604832 -0.024625157946842165 0.026006496640598845 -0.01523559820371583 -0.024432150872831692 0.027046636333600708 0.025493494220879011
leaf_weight=2.2108599729835992 0.40385610517114434 1.3467018604278567 1.6856520026922224 2.7121336229611188 0.46398469898849726 1.0244907587766645
leaf_count=13 18 11 7 180 3 11
internal_value=0.000936567 0.0116282 0.00301326 -0.017782 0.00300079 0.0257849
internal_weight=9.84768 6.2677 3.89651 3.57997 0.867841 2.37119
internal_count=243 42 20 201 21 22
is_linear=0
shrinkage=0.03


Tree=358
num_leaves=7
num_cat=0
split_feature=71 115 94 37 107 24
split_gain=1.95098 0.705501 0.955921 0.76375 0.672911 0.385843
threshold=5.1587979793548593 -9.1766662597656232 -2.4397450685501094 3.9024465084075932 994.92337036132824 28.020015716552738
decision_type=2 2 2 2 2 2
left_child=-1 2 -2 5 -5 -3
right_child=1 3 -4 4 -6 -7
leaf_value=-0.020991624553262922 0.03214833153591376 0.02556989207215566 -0.024890200711153738 0.020026863552714005 -0.028509489692989151 0.0050125571766545659
leaf_weight=2.6619045855477452 0.35921904444694508 3.0935590043663979 1.0022525880485771 0.43912327056750633 0.62011764477938414 1.118920642416924
leaf_count=160 1 23 23 7 12 17
internal_value=0.000704669 0.00941141 -0.0098408 0.0143835 -0.00838806 0.0201094
internal_weight=9.2951 6.63319 1.36147 5.27172 1.05924 4.21248
internal_count=243 83 24 59 19 40
is_linear=0
shrinkage=0.03


Tree=359
num_leaves=7
num_cat=0
split_feature=38 92 31 48 50 42
split_gain=3.08918 0.301296 0.508288 3.37625e-05 4.9821e-05 2.88422e-05
threshold=1006.3922729492189 18.836357116699222 1005.8462829589845 22.891697883605961 -2.520283460617065 0.88857376575469982
decision_type=2 2 2 2 2 2
left_child=3 -2 -3 4 -1 -4
right_child=1 2 5 -5 -6 -7
leaf_value=-0.025281165203595569 0.02411071487937351 0.025378066327227337 -0.024402793662716474 -0.024381182127892538 -0.024515387973530648 -0.024968696702170952
leaf_weight=0.090618429938331246 2.1920942235738043 0.38996079564094532 0.21466623432934284 2.5220552175305784 0.48948147729970548 0.13023047614842653
leaf_count=9 9 1 19 152 43 10
internal_value=-0.00356971 0.0185378 0.00191372 -0.0244286 -0.024635 -0.0246165
internal_weight=6.02911 2.92695 0.734858 3.10216 0.5801 0.344897
internal_count=243 39 30 204 52 29
is_linear=0
shrinkage=0.03


Tree=360
num_leaves=7
num_cat=0
split_feature=106 45 36 20 95 35
split_gain=1.4202 0.889031 0.641726 0.392036 0.192941 0.277111
threshold=0.6535087823867799 19.103755950927738 55.649389266967781 2.3662081956863408 1.1475200057029726 0.027416908182203773
decision_type=2 2 2 2 2 2
left_child=2 4 -1 -4 -2 -6
right_child=1 -3 3 -5 5 -7
leaf_value=-0.0069256031488750154 -0.024620734341551855 0.010433371040540079 0.025356846232687892 0.005960573482665146 0.025350648966288282 -0.024421008677649417
leaf_weight=1.4241002574563024 2.6191885576117788 1.0475537027232347 2.0992546156048779 1.6951696611940859 0.18024912476539601 0.22805856238119304
leaf_count=8 184 10 9 11 1 20
internal_value=-0.000116738 -0.013388 0.0102466 0.0166915 -0.0216305 -0.0024491
internal_weight=9.29357 4.07505 5.21852 3.79442 3.0275 0.408308
internal_count=243 215 28 20 205 21
is_linear=0
shrinkage=0.03


Tree=361
num_leaves=7
num_cat=0
split_feature=105 59 30 29 89 64
split_gain=2.20948 0.904575 0.674343 0.39543 0.317948 0.118683
threshold=24.971490859985355 7.9545319080352792 12.432939529418947 4.4728319644927987 2.199477076530457 7.1256220340728769
decision_type=2 2 2 2 2 2
left_child=-1 2 4 -4 -2 -3
right_child=1 5 3 -5 -6 -7
leaf_value=-0.024368845802698356 0.026385485441668691 -0.0020748021419984722 0.010629369596787555 -0.024787446718085943 -0.0017634307603016084 -0.024544370171469893
leaf_weight=2.2309263441711664 3.0454887691885237 0.33326867222785939 0.73227012343704678 0.46318524330854416 0.40972595382481802 0.5793398879468441
leaf_count=57 137 4 11 11 8 15
internal_value=0.000854541 0.0109694 0.0163281 -0.00309306 0.0230475 -0.0163389
internal_weight=7.7942 5.56328 4.65067 1.19546 3.45521 0.912609
internal_count=243 186 167 22 145 19
is_linear=0
shrinkage=0.03


Tree=362
num_leaves=7
num_cat=0
split_feature=115 30 101 45 80 34
split_gain=2.08813 0.71462 1.19675 0.469159 0.0377824 0.000104462
threshold=-8.3700561523437482 14.487994194030763 -1.1636809110641477 0.94426462054252636 0.42233689129352575 2.2623758316040044
decision_type=2 2 2 2 2 2
left_child=1 2 -1 -2 -3 -6
right_child=3 4 -4 -5 5 -7
leaf_value=-0.0177625087204797 0.018801718914166796 0.017590113282268973 0.014962885464409966 -0.02439224692689455 0.025906257015825229 0.025424632961375943
leaf_weight=1.6060846284963188 0.24793857615441117 0.7535396404564384 2.6904740259051323 2.5951340289320797 0.93496309965848901 0.71546059846878052
leaf_count=12 4 8 15 188 8 8
internal_value=0.0009175 0.0100583 0.0027299 -0.0206254 0.0231562 0.0256975
internal_weight=9.54359 6.70052 4.29656 2.84307 2.40396 1.65042
internal_count=243 51 27 192 24 16
is_linear=0
shrinkage=0.03


Tree=363
num_leaves=7
num_cat=0
split_feature=117 106 105 16 115 28
split_gain=1.86517 0.642523 0.847836 0.926684 0.325971 3.57851e-05
threshold=282.14941406250006 0.23903508484363559 26.157895088195804 1001.2159118652345 -8.4939270019531232 57.97961616516114
decision_type=2 2 2 2 2 2
left_child=5 -2 4 -4 -3 -1
right_child=1 2 3 -5 -6 -7
leaf_value=-0.024272001578792599 -0.02444994710040839 0.0071317315704379622 0.018306944532476031 -0.019553246379063784 0.025095074609861486 -0.02452258983515216
leaf_weight=1.0377818141132595 0.50449464377015818 1.3723552748560903 1.0099517051130535 1.3726460905745623 2.6937793418765068 1.0140502548310903
leaf_count=100 11 14 11 26 21 60
internal_value=0.000738058 0.00815484 0.0107056 -0.00350481 0.0190323 -0.0243958
internal_weight=9.00506 6.95323 6.44873 2.3826 4.06613 2.05183
internal_count=243 83 72 37 35 160
is_linear=0
shrinkage=0.03


Tree=364
num_leaves=7
num_cat=0
split_feature=38 92 31 48 50 42
split_gain=2.95553 0.288089 0.485337 3.1762e-05 4.9153e-05 2.59161e-05
threshold=1006.3922729492189 18.836357116699222 1005.8462829589845 22.891697883605961 -2.520283460617065 0.88857376575469982
decision_type=2 2 2 2 2 2
left_child=3 -2 -3 4 -1 -4
right_child=1 2 5 -5 -6 -7
leaf_value=-0.025265934015477793 0.0240251933556948 0.025311820676426223 -0.02438604830234594 -0.024367397481170318 -0.024496056907118129 -0.024933675485422642
leaf_weight=0.088720666943117976 2.1041492726653819 0.3731604516506194 0.2059693078044802 2.4245157043915242 0.4701468022540215 0.12496186699718237
leaf_count=9 9 1 19 152 43 10
internal_value=-0.00362214 0.0184669 0.00185606 -0.0244144 -0.0246183 -0.0245928
internal_weight=5.79162 2.80824 0.704092 2.98338 0.558867 0.330931
internal_count=243 39 30 204 52 29
is_linear=0
shrinkage=0.03


Tree=365
num_leaves=7
num_cat=0
split_feature=41 93 63 117 72 105
split_gain=1.36531 1.06599 1.02517 0.925206 0.00791925 3.06719e-05
threshold=1.1215213537216189 13.344313621520998 22.782123565673832 191.28865051269534 -3.5520242452621456 25.282895088195804
decision_type=2 2 2 2 2 2
left_child=1 -1 3 -3 -2 -6
right_child=4 2 -4 -5 5 -7
leaf_value=-0.02710905707831281 -0.033929413393966754 -0.02483127260132547 -0.025794839622028172 0.017026185509664647 -0.024621971803482117 -0.024339016115311675
leaf_weight=0.80969481705687929 0.083282053470611461 0.52110178791917849 0.67047027451917518 5.4030165385920554 0.51725345291197289 1.0340345627628265
leaf_count=15 1 16 11 43 17 140
internal_value=-0.000101837 0.0053764 0.00936502 0.0133443 -0.0249172 -0.0244334
internal_weight=9.03885 7.40428 6.59459 5.92412 1.63457 1.55129
internal_count=243 85 70 59 158 157
is_linear=0
shrinkage=0.03


Tree=366
num_leaves=7
num_cat=0
split_feature=105 23 59 24 105 10
split_gain=2.12363 0.982863 0.682895 0.679243 0.281081 0.12469
threshold=25.35526275634766 1003.1507263183595 7.9545319080352792 27.417454719543461 24.971490859985355 19.72684478759766
decision_type=2 2 2 2 2 2
left_child=4 2 3 -2 -1 -3
right_child=1 5 -4 -5 -6 -7
leaf_value=-0.024356368843545948 -0.015346299414482989 0.025946716125245517 -0.024574615189597266 0.025368904559377067 -0.0044701018238048392 0.049194272931031569
leaf_weight=2.146258426830173 0.56935196183621917 1.949441325850785 0.69288381189107884 1.0467467550188301 0.9112955443561076 0.23239794373512257
leaf_count=57 12 111 15 33 12 3
internal_value=0.000855233 0.013985 0.000342151 0.0110249 -0.0184293 0.0284229
internal_weight=7.54838 4.49082 2.30898 1.6161 3.05755 2.18184
internal_count=243 174 60 45 69 114
is_linear=0
shrinkage=0.03


Tree=367
num_leaves=7
num_cat=0
split_feature=115 30 40 58 113 105
split_gain=2.00133 0.800633 1.02555 0.510343 0.585492 0.00013947
threshold=-8.9243469238281232 14.487994194030763 24.109668731689457 43.699926376342781 8.7578983306884783 24.971490859985355
decision_type=2 2 2 2 2 2
left_child=1 2 -1 4 -2 -3
right_child=3 5 -4 -5 -6 -7
leaf_value=0.016560586338959671 -0.024585169102684119 0.02585882833643767 -0.015041917550347752 -0.024405585496754513 0.026644291155570692 0.0253774862211039
leaf_weight=2.1394246593117718 0.37278949073515866 1.2609181925654414 1.6270027533173559 2.5107508280780166 0.43515086267143488 0.9499169886112212
leaf_count=13 18 11 7 180 3 11
internal_value=0.000949027 0.0113211 0.00290909 -0.017732 0.00300665 0.025652
internal_weight=9.29595 5.97726 3.76643 3.31869 0.80794 2.21084
internal_count=243 42 20 201 21 22
is_linear=0
shrinkage=0.03


Tree=368
num_leaves=7
num_cat=0
split_feature=71 106 11 56 71 90
split_gain=1.7855 0.664871 0.687289 0.773225 0.432299 0.369094
threshold=5.1587979793548593 0.23903508484363559 2.895560741424561 7.4948322772979745 5.8238549232482919 13.81957530975342
decision_type=2 2 2 2 2 2
left_child=5 -2 4 -4 -3 -1
right_child=1 2 3 -5 -6 -7
leaf_value=-0.024517836716834936 -0.024434794000208978 0.0035006491738635462 -0.026015139191592745 0.01319399061928272 0.025616328653095526 0.015464195860270324
leaf_weight=2.252219238551334 0.48631919361650933 1.1149439518339934 0.76583145931363095 1.1069485135376451 2.776191895827651 0.22892398433759797
leaf_count=153 11 15 24 10 23 7
internal_value=0.000703005 0.00925047 0.0120926 -0.00283971 0.0192794 -0.0208289
internal_weight=8.73138 6.25024 5.76392 1.87278 3.89114 2.48114
internal_count=243 83 72 34 38 160
is_linear=0
shrinkage=0.03


Tree=369
num_leaves=7
num_cat=0
split_feature=38 92 31 48 50 42
split_gain=2.82802 0.275393 0.467058 2.92293e-05 4.53095e-05 2.22387e-05
threshold=1006.3922729492189 18.836357116699222 1005.8462829589845 22.891697883605961 -2.520283460617065 0.88857376575469982
decision_type=2 2 2 2 2 2
left_child=3 -2 -3 4 -1 -4
right_child=1 2 5 -5 -6 -7
leaf_value=-0.025231401331541486 0.023938099144454709 0.025262169506929277 -0.024374384979514305 -0.024354623662101796 -0.024480010234195961 -0.024891817012434238
leaf_weight=0.085906024090945721 2.0180942630395298 0.36044883728027333 0.19973790412768722 2.3320688514504582 0.45359472860582206 0.11946977023035288
leaf_count=9 9 1 19 152 43 10
internal_value=-0.00368006 0.0183756 0.0018589 -0.0244007 -0.0245997 -0.024568
internal_weight=5.56932 2.69775 0.679657 2.87157 0.539501 0.319208
internal_count=243 39 30 204 52 29
is_linear=0
shrinkage=0.03


Tree=370
num_leaves=7
num_cat=0
split_feature=41 53 48 50 17 80
split_gain=1.30987 1.09367 0.650075 0.565924 0.590575 0.42623
threshold=-0.64263820648193348 1007.9211730957032 23.173184394836429 -3.073529720306396 26.688161849975589 0.35055959224700933
decision_type=2 2 2 2 2 2
left_child=-1 2 -2 4 -3 -4
right_child=1 3 5 -5 -6 -7
leaf_value=0.015000956221720482 0.026384335426957121 0.025175990258028427 0.019064508412286619 -0.024840180961695092 -0.026352816889677638 -0.024893864584353102
leaf_weight=3.2383226212114096 0.9879285395145414 0.47440345585346255 0.30844480916857719 2.8490474792197347 0.34630425646901131 0.55703572789207101
leaf_count=15 4 3 4 172 28 17
internal_value=-0.000147922 -0.00902996 0.00975468 -0.0185171 0.00343299 -0.00922773
internal_weight=8.76149 5.52316 1.85341 3.66976 0.820708 0.865481
internal_count=243 228 25 203 31 21
is_linear=0
shrinkage=0.03


Tree=371
num_leaves=7
num_cat=0
split_feature=105 23 59 24 105 10
split_gain=2.0337 0.935923 0.657534 0.64593 0.277144 0.108362
threshold=25.35526275634766 1003.1507263183595 7.9545319080352792 27.417454719543461 24.971490859985355 19.72684478759766
decision_type=2 2 2 2 2 2
left_child=4 2 3 -2 -1 -3
right_child=1 5 -4 -5 -6 -7
leaf_value=-0.024343071478863419 -0.015098489651791546 0.025906552612480024 -0.024551844236522131 0.025154744353712993 -0.0043898357454587268 0.047663570470030101
leaf_weight=2.0623172540217642 0.55305919982492957 1.877012603916228 0.66560783982276905 1.0213355002924798 0.89986656419932831 0.23142778500914563
leaf_count=57 12 111 15 33 12 3
internal_value=0.000889578 0.0139491 0.00044606 0.0110144 -0.0182816 0.0282947
internal_weight=7.31063 4.34844 2.24 1.57439 2.96218 2.10844
internal_count=243 174 60 45 69 114
is_linear=0
shrinkage=0.03


Tree=372
num_leaves=7
num_cat=0
split_feature=115 35 40 113 45 104
split_gain=1.9073 0.681547 0.890462 1.33088 0.429327 0.0366427
threshold=-8.3700561523437482 1.4487491250038149 24.120613098144535 8.2303152084350604 0.94426462054252636 1.7355576753616335
decision_type=2 2 2 2 2 2
left_child=1 2 5 -4 -2 -1
right_child=4 -3 3 -5 -6 -7
leaf_value=0.028467767014575415 0.018367304222633597 -0.010754282148551415 -0.019041938203557433 0.025039815883106151 -0.024366297480844946 0.020777893575757
leaf_weight=1.9514782503247263 0.23212417867034707 1.1841655327007172 1.3268634751439097 1.1511883474886415 2.3916281978599727 0.78083136258646835
leaf_count=12 4 12 7 10 188 10
internal_value=0.000952651 0.00979008 0.0144592 0.00143641 -0.0205856 0.0262702
internal_weight=9.01828 6.39453 5.21036 2.47805 2.62375 2.73231
internal_count=243 51 39 17 192 22
is_linear=0
shrinkage=0.03


Tree=373
num_leaves=7
num_cat=0
split_feature=117 96 105 33 40 99
split_gain=1.70931 0.604481 0.465718 0.491033 0.317168 0.0018771
threshold=282.14941406250006 44.144395828247077 23.00657939910889 22.225569725036625 24.544115066528324 20.729145050048832
decision_type=2 2 2 2 2 2
left_child=-1 2 -2 -4 5 -3
right_child=1 4 3 -5 -6 -7
leaf_value=-0.024370068712340227 -0.011610607703219597 -0.027912832671727797 0.0036449626537996527 0.022787695070066259 0.011587490685809504 -0.024653362558992451
leaf_weight=1.8932355262804774 0.68066164292395104 0.32680410984903563 2.0603714399039745 2.9083123989403248 0.28861510381102562 0.30971027165651321
leaf_count=160 13 8 24 24 3 11
internal_value=0.000747479 0.00798052 0.0116617 0.0148498 -0.0144986 -0.0263269
internal_weight=8.46771 6.57447 5.64935 4.96868 0.925129 0.636514
internal_count=243 83 61 48 22 19
is_linear=0
shrinkage=0.03


Tree=374
num_leaves=7
num_cat=0
split_feature=38 92 31 48 50 42
split_gain=2.69989 0.262789 0.44572 2.70291e-05 4.34052e-05 2.0048e-05
threshold=1006.3922729492189 18.836357116699222 1005.8462829589845 22.891697883605961 -2.520283460617065 0.88857376575469982
decision_type=2 2 2 2 2 2
left_child=3 -2 -3 4 -1 -4
right_child=1 2 5 -5 -6 -7
leaf_value=-0.025208215473037112 0.023845392084864775 0.025200805967159661 -0.024358501747171302 -0.024342094184471925 -0.02446210335064973 -0.024860151366763502
leaf_weight=0.083649637876078486 1.930825903080404 0.34459692239761341 0.19142557960003614 2.2420571483671665 0.43560210615396533 0.11463615763932467
leaf_count=9 9 1 19 152 43 10
internal_value=-0.00376733 0.018289 0.00180034 -0.0243873 -0.0245823 -0.0245464
internal_weight=5.34279 2.58148 0.650659 2.76131 0.519252 0.306062
internal_count=243 39 30 204 52 29
is_linear=0
shrinkage=0.03


Tree=375
num_leaves=7
num_cat=0
split_feature=108 71 5 53 57 19
split_gain=1.25541 1.30685 0.906573 0.732866 0.672576 0.508295
threshold=7.9256286621093759 3.6286034584045415 1.4816185235977175 1007.2527770996095 3.8782405853271489 0.86948677897453319
decision_type=2 2 2 2 2 2
left_child=1 -1 5 -4 -2 -3
right_child=4 2 3 -5 -6 -7
leaf_value=-0.024527858737618775 -0.025534105833124168 0.026225253151096129 0.025410902287725176 -0.025585125601465943 0.026034620832926635 0.0027154291734872668
leaf_weight=1.0121315487194804 1.9646211829967799 2.890151284635067 0.36349782347679116 0.83909493056125939 0.25744816660881031 1.159819785505533
leaf_count=62 125 12 2 18 1 23
internal_value=-0.000185569 0.00668626 0.012701 -0.010171 -0.0195594 0.0194926
internal_weight=8.48676 6.2647 5.25256 1.20259 2.22207 4.04997
internal_count=243 117 55 20 126 35
is_linear=0
shrinkage=0.03


Tree=376
num_leaves=7
num_cat=0
split_feature=106 59 115 105 11 114
split_gain=1.9483 0.839825 0.703468 0.344494 0.611036 0.218351
threshold=3.1732456684112553 7.9545319080352792 -10.538574218749998 24.971490859985355 2.1009660959243779 24.140396118164066
decision_type=2 2 2 2 2 2
left_child=3 2 -2 -1 -5 -4
right_child=1 -3 5 4 -6 -7
leaf_value=-0.024330569321432616 -0.024609180955468934 -0.014517183677286825 0.028128968071123063 0.025749635139115119 -0.019869781580054868 -0.002051269172342037
leaf_weight=1.9821182703599336 0.27295002900064069 0.71277378126978863 2.7156964885070924 0.40903585217893101 0.74650865793228149 0.23437024652957905
leaf_count=57 8 15 137 11 11 4
internal_value=0.000893189 0.0149511 0.0214681 -0.0167406 -0.00372157 0.0257313
internal_weight=7.07345 3.93579 3.22302 3.13766 1.15554 2.95007
internal_count=243 164 149 79 22 141
is_linear=0
shrinkage=0.03


Tree=377
num_leaves=7
num_cat=0
split_feature=115 30 120 116 45 49
split_gain=1.82775 0.655041 0.904888 0.697893 0.411477 0.00692451
threshold=-8.3700561523437482 15.219958782196047 44.013889312744148 0.00016360673907911408 0.94426462054252636 6.221529722213746
decision_type=2 2 2 2 2 2
left_child=1 2 3 -1 -2 -3
right_child=4 5 -4 -5 -6 -7
leaf_value=0.029380141780198904 0.018119780380794419 0.021679257466755076 -0.014325258477704744 -0.0010679761906189622 -0.024353880097604357 0.025631751211205037
leaf_weight=1.3353035775944593 0.22544635366648469 0.57120446860790242 1.6353621329180894 1.3752926131710408 2.2950358618982136 1.3226401582360265
leaf_count=7 4 8 14 9 188 13
internal_value=0.00100596 0.00971513 0.00329862 0.0139315 -0.0205548 0.0244396
internal_weight=8.76029 6.2398 4.34596 2.7106 2.52048 1.89384
internal_count=243 51 30 16 192 21
is_linear=0
shrinkage=0.03


Tree=378
num_leaves=7
num_cat=0
split_feature=71 106 11 56 106 90
split_gain=1.63653 0.615435 0.64002 0.717985 0.420826 0.344314
threshold=5.1587979793548593 0.23903508484363559 2.895560741424561 7.4948322772979745 3.5592105388641362 13.81957530975342
decision_type=2 2 2 2 2 2
left_child=5 -2 4 -4 -3 -1
right_child=1 2 3 -5 -6 -7
leaf_value=-0.024486948403091596 -0.024407392208303524 0.024834943608102067 -0.025954228721123965 0.01289422571359876 0.0014318941206012102 0.01529589091801851
leaf_weight=2.0823412437457596 0.45588930882513512 2.7691646628081803 0.722707591485232 1.0505667570978401 0.92167016537860025 0.21611810103058804
leaf_count=153 11 21 24 10 17 7
internal_value=0.000738481 0.00908001 0.011874 -0.00293867 0.0189908 -0.0207463
internal_weight=8.21846 5.92 5.46411 1.77327 3.69083 2.29846
internal_count=243 83 72 34 38 160
is_linear=0
shrinkage=0.03


Tree=379
num_leaves=7
num_cat=0
split_feature=38 92 31 48 50 42
split_gain=2.58169 0.248449 0.428635 2.55259e-05 4.12244e-05 1.82161e-05
threshold=1006.3922729492189 18.836357116699222 1005.8462829589845 22.891697883605961 -2.520283460617065 0.88857376575469982
decision_type=2 2 2 2 2 2
left_child=3 -2 -3 4 -1 -4
right_child=1 2 5 -5 -6 -7
leaf_value=-0.025184497414548087 0.023753617718689814 0.025159741598686024 -0.024343698440367864 -0.024328958730617471 -0.02444683265414048 -0.024831756400754669
leaf_weight=0.081411201972514391 1.8478050949051978 0.33389964699745167 0.18363725184462965 2.15399538888596 0.41963821905665133 0.11008623265661299
leaf_count=9 9 1 19 152 43 10
internal_value=-0.00382513 0.0182146 0.00190685 -0.0243738 -0.0245667 -0.0245266
internal_weight=5.13047 2.47543 0.627623 2.65504 0.501049 0.293723
internal_count=243 39 30 204 52 29
is_linear=0
shrinkage=0.03


Tree=380
num_leaves=7
num_cat=0
split_feature=108 71 5 57 46 19
split_gain=1.20128 1.24465 0.858711 0.642203 0.553464 0.498675
threshold=7.9256286621093759 3.6286034584045415 1.4816185235977175 3.8782405853271489 1007.5490112304689 0.86948677897453319
decision_type=2 2 2 2 2 2
left_child=1 -1 5 -2 -4 -3
right_child=3 2 4 -5 -6 -7
leaf_value=-0.024514476223344607 -0.025472399090196746 0.026093223532862298 0.017886599765218572 0.02594002043374637 -0.025567979701433159 0.00254197358093127
leaf_weight=0.96936390479095269 1.8900894061662259 2.7892397716641431 0.40841810405254342 0.24727162718772877 0.74493374722078443 1.1398152161855248
leaf_count=62 125 12 3 1 17 23
internal_value=-0.000190244 0.00663821 0.0125799 -0.0195245 -0.0101801 0.019261
internal_weight=8.18913 6.05177 5.08241 2.13736 1.15335 3.92905
internal_count=243 117 55 126 20 35
is_linear=0
shrinkage=0.03


Tree=381
num_leaves=7
num_cat=0
split_feature=105 59 115 106 64 115
split_gain=1.86035 0.751888 0.574881 0.552703 0.114054 1.60295e-05
threshold=24.971490859985355 7.9545319080352792 -10.538574218749998 3.1732456684112553 7.1256220340728769 -7.0119018554687491
decision_type=2 2 2 2 2 2
left_child=5 2 -2 -4 -3 -1
right_child=1 4 3 -5 -6 -7
leaf_value=-0.024401923666496284 -0.024583308790481598 -0.0013242112994112467 -0.00055255763203159055 0.02559023886702701 -0.024477091162770789 -0.024227531439575001
leaf_weight=0.98257303144782782 0.29437226615846102 0.30785708501934994 0.97705848235637027 2.8533387035131454 0.5065951906144619 0.91712126787751891
leaf_count=34 9 4 17 141 15 23
internal_value=0.000912015 0.0106157 0.0158169 0.0189217 -0.0157255 -0.0243177
internal_weight=6.83892 4.93922 4.12477 3.8304 0.814452 1.89969
internal_count=243 186 167 158 19 57
is_linear=0
shrinkage=0.03


Tree=382
num_leaves=7
num_cat=0
split_feature=115 35 40 113 45 104
split_gain=1.74358 0.632991 0.83189 1.23322 0.393654 0.0352366
threshold=-8.3700561523437482 1.4487491250038149 24.120613098144535 8.2303152084350604 0.94426462054252636 1.7355576753616335
decision_type=2 2 2 2 2 2
left_child=1 2 5 -4 -2 -1
right_child=4 -3 3 -5 -6 -7
leaf_value=0.028174980005340466 0.017818727931779788 -0.010639857203890381 -0.018747096849599312 0.024840377240088713 -0.02434111718615032 0.020405423498045191
leaf_weight=1.8532679975032809 0.21917387098073993 1.132098041474819 1.2690577581524851 1.0825210735201833 2.2008203996811062 0.73317752592265595
leaf_count=12 4 12 7 10 188 10
internal_value=0.00100885 0.00959294 0.0142315 0.00131787 -0.0205228 0.0259726
internal_weight=8.49012 6.07012 4.93802 2.35158 2.41999 2.58645
internal_count=243 51 39 17 192 22
is_linear=0
shrinkage=0.03


Tree=383
num_leaves=7
num_cat=0
split_feature=71 106 11 56 71 90
split_gain=1.56324 0.584173 0.61054 0.68485 0.40908 0.329792
threshold=5.1587979793548593 0.23903508484363559 2.895560741424561 7.4948322772979745 5.8238549232482919 13.81957530975342
decision_type=2 2 2 2 2 2
left_child=5 -2 4 -4 -3 -1
right_child=1 2 3 -5 -6 -7
leaf_value=-0.024472042348079908 -0.024389093423651607 0.003042940077057253 -0.025872032828137444 0.01266265114561946 0.025303850968345126 0.015030131110584445
leaf_weight=1.9975225660018625 0.43605429399758566 1.0508256093598904 0.69777409080415953 1.0245569236576555 2.5359073057770729 0.21023229463025916
leaf_count=153 11 15 24 10 23 7
internal_value=0.000745389 0.00899052 0.0117321 -0.00294904 0.0187819 -0.0207105
internal_weight=7.95287 5.74512 5.30906 1.72233 3.58673 2.20775
internal_count=243 83 72 34 38 160
is_linear=0
shrinkage=0.03


Tree=384
num_leaves=7
num_cat=0
split_feature=38 92 31 48 50 42
split_gain=2.46785 0.235046 0.407772 2.346e-05 3.76955e-05 1.57729e-05
threshold=1006.3922729492189 18.836357116699222 1005.8462829589845 22.891697883605961 -2.520283460617065 0.88857376575469982
decision_type=2 2 2 2 2 2
left_child=3 -2 -3 4 -1 -4
right_child=1 2 5 -5 -6 -7
leaf_value=-0.02514977430466854 0.023664692341145689 0.025103617769876001 -0.024327152317732626 -0.024316870486138131 -0.024432032055619706 -0.024792276497940659
leaf_weight=0.078715458745136857 1.7685557045042517 0.31916379928588856 0.17499327706173062 2.0705190179869533 0.40311707789078388 0.10498206270858645
leaf_count=9 9 1 19 152 43 10
internal_value=-0.00389682 0.0181631 0.00192332 -0.0243607 -0.0245493 -0.0245016
internal_weight=4.92005 2.36769 0.599139 2.55235 0.481833 0.279975
internal_count=243 39 30 204 52 29
is_linear=0
shrinkage=0.03


Tree=385
num_leaves=7
num_cat=0
split_feature=41 93 63 58 72 108
split_gain=1.1552 0.892938 0.86428 0.789996 0.00649473 2.46506e-05
threshold=1.1215213537216189 13.344313621520998 22.782123565673832 46.096906661987312 -3.5520242452621456 6.7449951171875009
decision_type=2 2 2 2 2 2
left_child=1 -1 3 -3 -2 -6
right_child=4 2 -4 -5 5 -7
leaf_value=-0.026818189381084094 -0.033159819469798686 -0.024915480713728011 -0.025555682871401125 0.016474016562697785 -0.024749321244149913 -0.024335052107481027
leaf_weight=0.70338751282542933 0.080434650182723888 0.4547248554881661 0.58635459095239628 4.7553215159568936 0.14516029390506435 1.1810861986596135
leaf_count=15 1 11 11 48 23 134
internal_value=-0.000232762 0.0051019 0.00897537 0.0128616 -0.0248824 -0.0243804
internal_weight=7.90647 6.49979 5.7964 5.21005 1.40668 1.32625
internal_count=243 85 70 59 158 157
is_linear=0
shrinkage=0.03


Tree=386
num_leaves=7
num_cat=0
split_feature=105 23 59 114 35 89
split_gain=1.78462 0.725053 0.566454 0.657095 0.467932 0.337898
threshold=24.971490859985355 1003.1507263183595 7.9545319080352792 22.617747306823734 -0.92277827858924855 2.2641656398773198
decision_type=2 2 2 2 2 2
left_child=-1 2 3 -2 -3 -6
right_child=1 4 -4 -5 5 -7
leaf_value=-0.024305861042254948 0.01967784542422496 -0.023321169162002709 -0.024490989548433699 -0.024784001959282563 0.028576444175513527 -0.012601085813625731
leaf_weight=1.8240460539236663 1.1539714913815262 0.19384568836540017 0.69053591229021538 0.40384763851761807 2.1650913814082746 0.19555161334574211
leaf_count=57 38 2 18 9 115 4
internal_value=0.000956336 0.0105505 -0.0018739 0.0081516 0.021486 0.0251654
internal_weight=6.62689 4.80284 2.24836 1.55782 2.55449 2.36064
internal_count=243 186 65 47 121 119
is_linear=0
shrinkage=0.03


Tree=387
num_leaves=7
num_cat=0
split_feature=115 30 120 116 45 49
split_gain=1.66706 0.610765 0.830492 0.643495 0.376498 0.00694491
threshold=-8.3700561523437482 15.219958782196047 44.013889312744148 0.00016360673907911408 0.94426462054252636 6.221529722213746
decision_type=2 2 2 2 2 2
left_child=1 2 3 -1 -2 -3
right_child=4 5 -4 -5 -6 -7
leaf_value=0.028886340698085343 0.017504611774619993 0.021406254023573591 -0.014112438469024907 -0.0011148832155991836 -0.024330459460112346 0.025510030109222377
leaf_weight=1.2667278214357796 0.21314435452222857 0.53092632442712773 1.5563500882126389 1.3076949305832384 2.1123625797918066 1.2332377955317495
leaf_count=7 4 8 14 9 188 13
internal_value=0.00101341 0.00949873 0.0031881 0.013647 -0.0204961 0.024275
internal_weight=8.22044 5.89494 4.13077 2.57442 2.32551 1.76416
internal_count=243 51 30 16 192 21
is_linear=0
shrinkage=0.03


Tree=388
num_leaves=7
num_cat=0
split_feature=117 96 103 33 54 70
split_gain=1.49867 0.537194 0.408911 0.31488 0.276861 0.00153966
threshold=282.14941406250006 44.144395828247077 39.701814651489265 22.225569725036625 26.472165107727054 23.331576347351078
decision_type=2 2 2 2 2 2
left_child=-1 2 -2 -4 -3 -6
right_child=1 4 3 -5 5 -7
leaf_value=-0.024334890416326239 -0.017080565108843111 0.011004333425954313 0.0050844192441678853 0.020630236635764181 -0.024911615393659818 -0.028081519349496629
leaf_weight=1.6747471860144285 0.41858021263033141 0.26246745511889447 2.0808050762861967 2.686722606420517 0.34715123241767287 0.22878895048052073
leaf_count=160 9 3 24 28 12 7
internal_value=0.000768706 0.00774722 0.0113491 0.0138452 -0.014533 -0.0261708
internal_weight=7.69926 6.02452 5.18611 4.76753 0.838408 0.57594
internal_count=243 83 61 52 22 19
is_linear=0
shrinkage=0.03


Tree=389
num_leaves=7
num_cat=0
split_feature=38 92 31 55 42 48
split_gain=2.35732 0.223523 0.388757 2.67016e-05 1.42408e-05 1.02652e-05
threshold=1006.3922729492189 18.836357116699222 1005.8462829589845 23.268441200256351 0.88857376575469982 22.891697883605961
decision_type=2 2 2 2 2 2
left_child=3 -2 -3 -1 -4 -5
right_child=1 2 4 5 -6 -7
leaf_value=-0.024969376310419275 0.023573324029876965 0.025050305614669272 -0.024312103498135049 -0.024470500436718251 -0.024763754316880385 -0.02430476386478575
leaf_weight=0.060811960138380861 1.6927970452234151 0.30503982305526722 0.16713616298511624 0.40483534988015923 0.10067783459089696 1.9877159476745871
leaf_count=10 9 1 19 42 10 152
internal_value=-0.00397251 0.0180918 0.00189359 -0.0243486 -0.0244819 -0.0243328
internal_weight=4.71901 2.26565 0.572854 2.45336 0.267814 2.39255
internal_count=243 39 30 204 29 194
is_linear=0
shrinkage=0.03


Tree=390
num_leaves=7
num_cat=0
split_feature=41 53 48 50 17 80
split_gain=1.12109 0.954883 0.557671 0.483498 0.507444 0.363251
threshold=-0.64263820648193348 1007.9211730957032 23.173184394836429 -3.073529720306396 26.688161849975589 0.35055959224700933
decision_type=2 2 2 2 2 2
left_child=-1 2 -2 4 -3 -4
right_child=1 3 5 -5 -6 -7
leaf_value=0.014648237361557312 0.026071032339935112 0.025000282072333548 0.018794075336336879 -0.024768253746491681 -0.026433796654798562 -0.024776363909693132
leaf_weight=2.8667214317247272 0.86961973458528496 0.40967684984207142 0.26776410546153784 2.4904755009338264 0.29836259130388498 0.48259181855246425
leaf_count=15 4 3 4 172 28 17
internal_value=-0.000206857 -0.00904477 0.00972076 -0.0185491 0.00332634 -0.00922828
internal_weight=7.68521 4.81849 1.61998 3.19851 0.708039 0.750356
internal_count=243 228 25 203 31 21
is_linear=0
shrinkage=0.03


Tree=391
num_leaves=7
num_cat=0
split_feature=105 23 59 114 35 89
split_gain=1.70663 0.697275 0.541376 0.619466 0.443712 0.328962
threshold=24.971490859985355 1003.1507263183595 7.9545319080352792 22.617747306823734 -0.92277827858924855 2.2641656398773198
decision_type=2 2 2 2 2 2
left_child=-1 2 3 -2 -3 -6
right_child=1 4 -4 -5 5 -7
leaf_value=-0.024294874161694832 0.019148075481543674 -0.023048540831852701 -0.024472647287562578 -0.024751796164384641 0.028460162654344257 -0.012404942855008316
leaf_weight=1.753353666514158 1.1351578747853639 0.18721434846520457 0.66556906700134266 0.38822797313332547 2.0894753234460954 0.19372718408703793
leaf_count=57 38 2 18 9 115 4
internal_value=0.000934021 0.0104278 -0.00190113 0.00796039 0.0213521 0.0249928
internal_weight=6.41273 4.65937 2.18895 1.52339 2.47042 2.2832
internal_count=243 186 65 47 121 119
is_linear=0
shrinkage=0.03


Tree=392
num_leaves=7
num_cat=0
split_feature=115 70 70 45 89 115
split_gain=1.59283 0.695046 0.446867 0.364118 0.2092 3.69093e-05
threshold=-8.9243469238281232 23.04548263549805 23.787514686584476 0.94426462054252636 1.3483381271362307 -7.8139343261718741
decision_type=2 2 2 2 2 2
left_child=1 -1 3 -2 -3 -5
right_child=2 4 -4 5 -6 -7
leaf_value=-0.0018825561881761089 0.017069219175212473 0.027040230596105507 0.023570223638569279 -0.024589334637832014 0.010984307471435787 -0.02430023892398402
leaf_weight=2.2422530129551888 0.20790825411677438 1.718081206083298 0.22026495519094158 0.50809875898994583 1.2704003751277921 1.8253232180140906
leaf_count=15 4 15 6 20 12 171
internal_value=0.00101116 0.0107424 -0.0174208 -0.0209736 0.0202149 -0.0243632
internal_weight=7.99233 5.23073 2.7616 2.54133 2.98848 2.33342
internal_count=243 42 201 195 27 191
is_linear=0
shrinkage=0.03


Tree=393
num_leaves=7
num_cat=0
split_feature=117 96 105 33 40 99
split_gain=1.43093 0.512449 0.400563 0.433604 0.264714 0.00125724
threshold=282.14941406250006 44.144395828247077 23.00657939910889 22.225569725036625 24.544115066528324 20.729145050048832
decision_type=2 2 2 2 2 2
left_child=-1 2 -2 -4 5 -3
right_child=1 4 3 -5 -6 -7
leaf_value=-0.024321738342421094 -0.011690876018577595 -0.027402251612691504 0.0033651131262122363 0.022290247536111488 0.010842149184705028 -0.02455182243795934
leaf_weight=1.6057482040487228 0.60697409603744734 0.2923087254166602 1.8884921343997119 2.5755640156567097 0.25511143542826176 0.26599123049527407
leaf_count=160 13 8 24 24 3 11
internal_value=0.000779656 0.00762933 0.011175 0.0142841 -0.0144755 -0.0260442
internal_weight=7.49019 5.88444 5.07103 4.46406 0.813411 0.5583
internal_count=243 83 61 48 22 19
is_linear=0
shrinkage=0.03


Tree=394
num_leaves=7
num_cat=0
split_feature=38 92 31 48 50 42
split_gain=2.25656 0.213018 0.370696 1.99845e-05 3.2472e-05 1.22377e-05
threshold=1006.3922729492189 18.836357116699222 1005.8462829589845 22.891697883605961 -2.520283460617065 0.88857376575469982
decision_type=2 2 2 2 2 2
left_child=3 -2 -3 4 -1 -4
right_child=1 2 5 -5 -6 -7
leaf_value=-0.025090452762355383 0.023490899333476572 0.024999480050823038 -0.024299964144074447 -0.02429376602642672 -0.024402702509848537 -0.024728261633253486
leaf_weight=0.074022876797243953 1.6236557504162195 0.29146081209182728 0.16033243946731091 1.9141195472329853 0.37375389481894705 0.095986372092738748
leaf_count=9 9 1 19 152 43 10
internal_value=-0.00404144 0.0180332 0.00185608 -0.024336 -0.0245164 -0.0244604
internal_weight=4.53333 2.17144 0.54778 2.3619 0.447777 0.256319
internal_count=243 39 30 204 52 29
is_linear=0
shrinkage=0.03


Tree=395
num_leaves=7
num_cat=0
split_feature=41 53 48 50 17 87
split_gain=1.07399 0.916164 0.537217 0.460607 0.484293 0.373755
threshold=-0.64263820648193348 1007.9211730957032 23.173184394836429 -3.073529720306396 26.688161849975589 -0.29630964994430536
decision_type=2 2 2 2 2 2
left_child=-1 2 -2 4 -3 -4
right_child=1 3 5 -5 -6 -7
leaf_value=0.014438687614008999 0.025984528512746539 0.024952180235849976 0.020646816357224734 -0.024743587156257341 -0.026385188435148151 -0.024750566018845892
leaf_weight=2.808942667208612 0.83846273273229577 0.39147369563579548 0.24772669188678265 2.3980946685187523 0.28635071846656501 0.47845443547703326
leaf_count=15 4 3 2 172 28 19
internal_value=-0.000202363 -0.00906462 0.00962507 -0.0185716 0.00326442 -0.00926387
internal_weight=7.44951 4.64056 1.56464 3.07592 0.677824 0.726181
internal_count=243 228 25 203 31 21
is_linear=0
shrinkage=0.03


Tree=396
num_leaves=7
num_cat=0
split_feature=105 23 59 114 70 7
split_gain=1.63435 0.660471 0.52114 0.586596 0.438356 0.353047
threshold=24.971490859985355 1003.1507263183595 7.9545319080352792 22.617747306823734 22.842972755432132 3.9021229743957524
decision_type=2 2 2 2 2 2
left_child=-1 2 3 -2 5 -3
right_child=1 4 -4 -5 -6 -7
leaf_value=-0.024284013628359816 0.018797906553535092 0.026572927268502331 -0.024453735220602027 -0.024717043788145859 0.028597236468841204 -0.02017668126435963
leaf_weight=1.6850857082754371 1.1151511492207649 0.24637799803167615 0.64029365405440319 0.37175253964960564 1.7899328731000421 0.35467391088604927
leaf_count=57 38 13 18 9 103 5
internal_value=0.000930742 0.0103348 -0.00182573 0.00791839 0.0211536 -0.00101349
internal_weight=6.20327 4.51818 2.1272 1.4869 2.39098 0.601052
internal_count=243 186 65 47 121 18
is_linear=0
shrinkage=0.03


Tree=397
num_leaves=7
num_cat=0
split_feature=115 30 47 16 58 49
split_gain=1.52177 0.579909 0.810953 1.01549 0.344287 0.00660897
threshold=-8.3700561523437482 15.219958782196047 27.260042190551761 1003.6690063476564 41.711336135864265 6.221529722213746
decision_type=2 2 2 2 2 2
left_child=1 2 3 -1 -2 -3
right_child=4 5 -4 -5 -6 -7
leaf_value=-0.02426910911736696 0.016772547198644128 0.021279477153064837 0.022257640401476011 0.012811542987389452 -0.024315866278703545 0.025405391750358029
leaf_weight=1.3868567969184376 0.20266004721634123 0.50099630653858174 1.3203039499931035 1.2764911726117132 1.9450752543052656 1.1548149734735487
leaf_count=11 7 8 13 6 185 13
internal_value=0.00105112 0.00923534 0.00303312 -0.00649707 -0.0204388 0.024157
internal_weight=7.7872 5.63946 3.98365 2.66335 2.14774 1.65581
internal_count=243 51 30 17 192 21
is_linear=0
shrinkage=0.03


Tree=398
num_leaves=7
num_cat=0
split_feature=71 106 11 115 105 90
split_gain=1.36617 0.53092 0.555717 0.619855 0.392865 0.301204
threshold=5.1587979793548593 0.23903508484363559 2.895560741424561 -8.3700561523437482 26.046052932739261 13.81957530975342
decision_type=2 2 2 2 2 2
left_child=5 -2 4 -4 -3 -1
right_child=1 2 3 -5 -6 -7
leaf_value=-0.024433401211330977 -0.024360356015426365 0.024391372395441369 -0.025144279977947877 0.012800037961857691 0.00052093751136026334 0.015081693569664731
leaf_weight=1.7790870291646568 0.40443567279726256 2.4777720160782342 0.66913576517254114 0.9204922425560651 0.8278643307276069 0.1923845219425856
leaf_count=153 11 21 19 15 17 7
internal_value=0.000743355 0.00867459 0.0114039 -0.00317219 0.0184133 -0.0205774
internal_weight=7.27117 5.2997 4.89526 1.58963 3.30564 1.97147
internal_count=243 83 72 34 38 160
is_linear=0
shrinkage=0.03


Tree=399
num_leaves=7
num_cat=0
split_feature=38 92 31 48 50 42
split_gain=2.15927 0.200717 0.356162 1.79608e-05 2.90141e-05 1.04963e-05
threshold=1006.3922729492189 18.836357116699222 1005.8462829589845 22.891697883605961 -2.520283460617065 0.88857376575469982
decision_type=2 2 2 2 2 2
left_child=3 -2 -3 4 -1 -4
right_child=1 2 5 -5 -6 -7
leaf_value=-0.025050943617411815 0.023402041575399719 0.024965738450453571 -0.024288747705273197 -0.024282580195957304 -0.024388250782972135 -0.0246944342818507
leaf_weight=0.071214586962014437 1.5536796329542997 0.28238293528556813 0.15396923269145191 1.8406763913808388 0.36024348693899844 0.091513661202043295
leaf_count=9 9 1 19 152 43 10
internal_value=-0.00410147 0.017972 0.00198971 -0.0243234 -0.0244976 -0.02444
internal_weight=4.35368 2.08155 0.527866 2.27213 0.431458 0.245483
internal_count=243 39 30 204 52 29
is_linear=0
shrinkage=0.03


Tree=400
num_leaves=7
num_cat=0
split_feature=108 71 5 53 57 19
split_gain=1.04053 1.04796 0.747267 0.604581 0.548122 0.45153
threshold=7.9256286621093759 3.6286034584045415 1.4816185235977175 1007.2527770996095 3.8782405853271489 0.86948677897453319
decision_type=2 2 2 2 2 2
left_child=1 -1 5 -4 -2 -3
right_child=4 2 3 -5 -6 -7
leaf_value=-0.024468348213871321 -0.025380079078953493 0.025759969019984695 0.025157238956756315 -0.025327784285340375 0.025641287942007339 0.0020100718303833714
leaf_weight=0.82966844202019263 1.6495490346569566 2.4697628356516366 0.30368188023567178 0.71880459692329168 0.21409860253334034 1.0171705526299772
leaf_count=62 125 12 2 18 1 23
internal_value=-0.000218926 0.00651779 0.0122188 -0.0103336 -0.0195187 0.0188319
internal_weight=7.20274 5.33909 4.50942 1.02249 1.86365 3.48693
internal_count=243 117 55 20 126 35
is_linear=0
shrinkage=0.03


Tree=401
num_leaves=7
num_cat=0
split_feature=106 59 115 94 105 108
split_gain=1.56883 0.660256 0.641949 0.287254 0.284824 0.600006
threshold=3.1732456684112553 7.9545319080352792 -10.538574218749998 -2.0469391345977779 24.971490859985355 6.8024902343750009
decision_type=2 2 2 2 2 2
left_child=4 2 -2 -4 -1 -6
right_child=1 -3 3 -5 5 -7
leaf_value=-0.024273121966322354 -0.024596006068490429 -0.013608557806655389 -0.024736889182242462 0.027360574297202529 0.028933610038783149 -0.020415743677354631
leaf_weight=1.616714019328356 0.25561479479074556 0.61745561286807049 0.099164750427008452 2.4142559668980534 0.33355119358748186 0.66144764982163906
leaf_count=57 8 15 2 139 8 14
internal_value=0.00096976 0.0144435 0.0206987 0.0253051 -0.016501 -0.00387247
internal_weight=5.9982 3.38649 2.76904 2.51342 2.61171 0.994999
internal_count=243 164 149 141 79 22
is_linear=0
shrinkage=0.03


Tree=402
num_leaves=7
num_cat=0
split_feature=115 70 70 45 60 115
split_gain=1.45661 0.665733 0.415924 0.334586 0.202303 3.44244e-05
threshold=-8.9243469238281232 23.04548263549805 23.787514686584476 0.94426462054252636 11.092309951782228 -8.4939270019531232
decision_type=2 2 2 2 2 2
left_child=1 -1 3 -2 -3 -5
right_child=2 4 -4 5 -6 -7
leaf_value=-0.0020860561227967196 0.016584051578634466 0.011101308065165068 0.023281945885729839 -0.024697951594681602 0.02721289284697908 -0.024299933054421897
leaf_weight=2.1506561189889908 0.19615927711129266 1.2641826346516611 0.20850494923070062 0.21751454193145114 1.575580548495054 1.938517217873595
leaf_count=15 4 14 6 6 13 185
internal_value=0.00106651 0.0105049 -0.0173275 -0.0209272 0.0200405 -0.0243401
internal_weight=7.55112 4.99042 2.5607 2.35219 2.83976 2.15603
internal_count=243 42 201 195 27 191
is_linear=0
shrinkage=0.03


Tree=403
num_leaves=7
num_cat=0
split_feature=117 96 115 18 37 54
split_gain=1.3002 0.469351 0.382955 0.450861 0.380309 0.244436
threshold=282.14941406250006 44.144395828247077 -9.1766662597656232 23.080403327941898 3.9024465084075932 26.472165107727054
decision_type=2 2 2 2 2 2
left_child=-1 2 3 -2 -4 -3
right_child=1 5 4 -5 -6 -7
leaf_value=-0.024297747167097327 0.018027500943389566 0.010574517528769154 0.019343088741415465 -0.024754193500328776 -0.0052118474516624821 -0.026015990184723999
leaf_weight=1.4771183300763366 0.38399462774395932 0.23980998061597336 3.1851872662082319 0.52455898746848106 0.69079243065789331 0.52192525519058108
leaf_count=160 3 3 34 13 11 19
internal_value=0.000714087 0.0073754 0.0108576 -0.00667277 0.0149668 -0.0144965
internal_weight=7.02339 5.54627 4.78453 0.908554 3.87598 0.761735
internal_count=243 83 61 16 45 22
is_linear=0
shrinkage=0.03


Tree=404
num_leaves=7
num_cat=0
split_feature=38 100 31 55 48 50
split_gain=2.06505 0.190048 0.344271 5.29624e-05 1.60534e-05 2.59561e-05
threshold=1006.3922729492189 15.841142654418947 1005.8462829589845 23.243864059448246 22.891697883605961 -2.520283460617065
decision_type=2 2 2 2 2 2
left_child=4 -2 -3 -4 5 -1
right_child=1 2 3 -5 -6 -7
leaf_value=-0.025012623658050515 0.02332821385673637 0.024933405178985991 -0.025335177958104454 -0.024326157606507776 -0.024271735018533667 -0.024373529559433785
leaf_weight=0.068518783431500196 1.4871102252509443 0.27363657951354969 0.064641885459423065 0.1697916672565043 1.7677561750169841 0.3460495253093544
leaf_count=9 13 1 4 21 152 43
internal_value=-0.00414328 0.0179163 0.0020757 -0.0246044 -0.0243111 -0.0244792
internal_weight=4.1775 1.99518 0.50807 0.234434 2.18232 0.414568
internal_count=243 39 26 25 204 52
is_linear=0
shrinkage=0.03


Tree=405
num_leaves=7
num_cat=0
split_feature=108 71 5 53 57 19
split_gain=1.0004 1.00189 0.706075 0.582105 0.524515 0.441316
threshold=7.9256286621093759 3.6286034584045415 1.4816185235977175 1007.2527770996095 3.8782405853271489 0.86948677897453319
decision_type=2 2 2 2 2 2
left_child=1 -1 5 -4 -2 -3
right_child=4 2 3 -5 -6 -7
leaf_value=-0.024457891007603358 -0.025323601274704812 0.025653306896714304 0.025117571127844789 -0.025271876281279228 0.025569419084550987 0.0019544963742305454
leaf_weight=0.79557585110887874 1.5886526451213283 2.3872094061225657 0.29421336203813542 0.69075753353536129 0.20587603747844685 1.0048860476817933
leaf_count=62 125 12 2 18 1 23
internal_value=-0.000184772 0.00651097 0.0121399 -0.0102204 -0.0194849 0.0186327
internal_weight=6.96717 5.17264 4.37707 0.984971 1.79453 3.3921
internal_count=243 117 55 20 126 35
is_linear=0
shrinkage=0.03


Tree=406
num_leaves=7
num_cat=0
split_feature=106 59 115 94 105 108
split_gain=1.5047 0.632883 0.61988 0.2746 0.274413 0.573037
threshold=3.1732456684112553 7.9545319080352792 -10.538574218749998 -2.0469391345977779 24.971490859985355 6.8024902343750009
decision_type=2 2 2 2 2 2
left_child=4 2 -2 -4 -1 -6
right_child=1 -3 3 -5 5 -7
leaf_value=-0.024262548132731557 -0.024576108175498455 -0.013346019442156905 -0.024704077654835031 0.027288162866161751 0.028718751466224737 -0.020244648197951548
leaf_weight=1.5514692584984007 0.24759974889457304 0.60433159582316864 0.095151949673891845 2.3343756417743857 0.32287197746336449 0.64460033923387527
leaf_count=57 8 15 2 139 8 14
internal_value=0.000996465 0.0143838 0.0206434 0.0252519 -0.0164433 -0.00390422
internal_weight=5.8004 3.28146 2.67713 2.42953 2.51894 0.967472
internal_count=243 164 149 141 79 22
is_linear=0
shrinkage=0.03


Tree=407
num_leaves=7
num_cat=0
split_feature=115 30 101 58 80 34
split_gain=1.38143 0.550147 0.901532 0.317206 0.0308199 4.36169e-05
threshold=-8.3700561523437482 14.487994194030763 -1.1636809110641477 41.711336135864265 0.42233689129352575 2.2623758316040044
decision_type=2 2 2 2 2 2
left_child=1 2 -1 -2 -3 -6
right_child=3 4 -4 -5 5 -7
leaf_value=-0.017593156109651346 0.016417397490707811 0.016753598207047072 0.013704913057815966 -0.024292891785391624 0.025377071314828505 0.025014639810273697
leaf_weight=1.3140740012750027 0.19060244667343784 0.56609610468149174 2.2406605943106119 1.7896499439375473 0.69895724207162835 0.52205123752355576
leaf_count=12 7 8 15 185 8 8
internal_value=0.00102748 0.00896132 0.002135 -0.0203745 0.0225396 0.0252221
internal_weight=7.32209 5.34184 3.55473 1.98025 1.7871 1.22101
internal_count=243 51 27 192 24 16
is_linear=0
shrinkage=0.03


Tree=408
num_leaves=7
num_cat=0
split_feature=71 106 11 56 105 90
split_gain=1.25235 0.491192 0.509057 0.577664 0.372097 0.277867
threshold=5.1587979793548593 0.23903508484363559 2.895560741424561 7.4948322772979745 26.046052932739261 13.81957530975342
decision_type=2 2 2 2 2 2
left_child=5 -2 4 -4 -3 -1
right_child=1 2 3 -5 -6 -7
leaf_value=-0.02440989000976573 -0.024336967905852807 0.02417129041833908 -0.025636356087519664 0.012304255402971849 0.00032245729651369907 0.014871127871193286
leaf_weight=1.6453968314453957 0.37870526406913985 2.3212286531925206 0.61017419723793842 0.88501797430217266 0.78890561684966076 0.17978290189057577
leaf_count=153 11 21 24 10 17 7
internal_value=0.00071982 0.00850552 0.0112062 -0.00317896 0.0181219 -0.0205407
internal_weight=6.80921 4.98403 4.60533 1.49519 3.11013 1.82518
internal_count=243 83 72 34 38 160
is_linear=0
shrinkage=0.03


Tree=409
num_leaves=7
num_cat=0
split_feature=38 92 31 48 50 25
split_gain=1.97457 0.181565 0.326906 1.4616e-05 2.36572e-05 8.28455e-06
threshold=1006.3922729492189 18.836357116699222 1005.8462829589845 22.891697883605961 -2.520283460617065 24.400039672851566
decision_type=2 2 2 2 2 2
left_child=3 -2 -3 4 -1 -4
right_child=1 2 5 -5 -6 -7
leaf_value=-0.024981390537586561 0.02328152607927601 0.024888508395287594 -0.024648652592457826 -0.024261436987095229 -0.024360310135416587 -0.02426892939732651
leaf_weight=0.066132694249972701 1.4212917331606147 0.26141545176506031 0.08028392493724823 1.6992221954278646 0.33377092587761614 0.14529143925756216
leaf_count=9 9 1 9 152 43 20
internal_value=-0.00422151 0.0178648 0.00205606 -0.0242998 -0.024463 -0.0244041
internal_weight=4.00741 1.90828 0.486991 2.09913 0.399904 0.225575
internal_count=243 39 30 204 52 29
is_linear=0
shrinkage=0.03


Tree=410
num_leaves=7
num_cat=0
split_feature=41 93 63 71 47 108
split_gain=0.960404 0.742411 0.71586 0.647199 0.00517457 1.40909e-05
threshold=1.1215213537216189 13.344313621520998 22.782123565673832 3.6286034584045415 26.244923591613773 6.7449951171875009
decision_type=2 2 2 2 2 2
left_child=1 -1 3 -3 -2 -6
right_child=4 2 -4 -5 5 -7
leaf_value=-0.026612775679800214 -0.032359885421603743 -0.024651978152950987 -0.025313821216525582 0.016134429004539264 -0.024627774216108234 -0.024281193269624149
leaf_weight=0.5960443248040973 0.077084481716155895 0.38304456695914257 0.49736140633467574 4.0768628669902682 0.11834985786117591 0.978295270469971
leaf_count=15 1 17 11 42 23 134
internal_value=-0.000190393 0.00502088 0.0088244 0.0126314 -0.0248467 -0.0243186
internal_weight=6.72704 5.55331 4.95727 4.45991 1.17373 1.09665
internal_count=243 85 70 59 158 157
is_linear=0
shrinkage=0.03


Tree=411
num_leaves=7
num_cat=0
split_feature=105 23 59 24 105 10
split_gain=1.44256 0.722613 0.49013 0.507239 0.210278 0.0607344
threshold=25.35526275634766 1003.1507263183595 7.9545319080352792 27.417454719543461 24.971490859985355 19.72684478759766
decision_type=2 2 2 2 2 2
left_child=4 2 3 -2 -1 -3
right_child=1 5 -4 -5 -6 -7
leaf_value=-0.024253105031784888 -0.015031861664408607 0.025617444754205194 -0.02442485330269549 0.024382773278309306 -0.0045582111886176844 0.042386069772311567
leaf_weight=1.4884664937853815 0.45858400873839877 1.372985334601253 0.51587140187621106 0.81809162627905607 0.72580946795642365 0.22645656205713738
leaf_count=57 12 111 15 33 12 3
internal_value=0.00103751 0.0133328 0.000253208 0.010225 -0.0177974 0.0279916
internal_weight=5.60626 3.39199 1.79255 1.27668 2.21428 1.59944
internal_count=243 174 60 45 69 114
is_linear=0
shrinkage=0.03


Tree=412
num_leaves=7
num_cat=0
split_feature=115 30 101 45 47 115
split_gain=1.31773 0.524787 0.849497 0.303786 0.0362516 2.60023e-05
threshold=-8.3700561523437482 14.487994194030763 -1.1636809110641477 0.94426462054252636 27.252311706542972 -10.229980468749998
decision_type=2 2 2 2 2 2
left_child=1 2 -1 -2 5 -3
right_child=3 4 -4 -5 -6 -7
leaf_value=-0.017322827856827122 0.016250159119866187 0.025067647338671034 0.01344364844937289 -0.024272583654915691 0.015636639717120517 0.025345180982650348
leaf_weight=1.2770157244522122 0.18437562789767969 0.61230624839663494 2.1977468379773204 1.7173024164512751 0.50415200367569912 0.60306210815906514
leaf_count=12 4 9 15 188 8 7
internal_value=0.00102227 0.00884458 0.00213661 -0.0203437 0.0223999 0.0252054
internal_weight=7.09596 5.19428 3.47476 1.90168 1.71952 1.21537
internal_count=243 51 27 192 24 16
is_linear=0
shrinkage=0.03


Tree=413
num_leaves=7
num_cat=0
split_feature=71 106 11 115 71 90
split_gain=1.19844 0.466148 0.484285 0.556597 0.362891 0.266122
threshold=5.1587979793548593 0.23903508484363559 2.895560741424561 -8.3700561523437482 5.8238549232482919 13.81957530975342
decision_type=2 2 2 2 2 2
left_child=5 -2 4 -4 -3 -1
right_child=1 2 3 -5 -6 -7
leaf_value=-0.024398035950095775 -0.024321575402385359 0.0021375222792961628 -0.025068899960678379 0.012601073217958385 0.024774125518249167 0.014615250062237212
leaf_weight=1.5806682487018404 0.36186635773628939 0.91403911169618401 0.60720174759626389 0.84327964903786756 2.1057766918092966 0.17475965945050109
leaf_count=153 11 15 19 15 23 7
internal_value=0.000715694 0.00842806 0.0110791 -0.00316836 0.0179225 -0.0205141
internal_weight=6.58759 4.83216 4.4703 1.45048 3.01982 1.75543
internal_count=243 83 72 34 38 160
is_linear=0
shrinkage=0.03


Tree=414
num_leaves=7
num_cat=0
split_feature=38 100 31 55 48 50
split_gain=1.8876 0.17319 0.313228 4.46218e-05 1.33516e-05 2.15407e-05
threshold=1006.3922729492189 15.841142654418947 1005.8462829589845 23.243864059448246 22.891697883605961 -2.520283460617065
decision_type=2 2 2 2 2 2
left_child=4 -2 -3 -4 5 -1
right_child=1 2 3 -5 -6 -7
leaf_value=-0.024951546248784363 0.02321532802663066 0.02484579687042918 -0.025255994626476298 -0.024295315195495742 -0.024251808762230594 -0.024348187133599555
leaf_weight=0.063829195220023394 1.3604144614655522 0.24970534443855275 0.060631809290498495 0.15413230657577515 1.6327220544917507 0.32141884858720082
leaf_count=9 13 1 4 21 152 43
internal_value=-0.00429485 0.0178152 0.00199823 -0.0245665 -0.0242893 -0.0244482
internal_weight=3.84285 1.82488 0.464469 0.214764 2.01797 0.385248
internal_count=243 39 26 25 204 52
is_linear=0
shrinkage=0.03


Tree=415
num_leaves=7
num_cat=0
split_feature=108 71 5 57 19 46
split_gain=0.922554 0.906706 0.650112 0.490543 0.429387 0.414171
threshold=7.9256286621093759 3.6286034584045415 1.4816185235977175 3.8782405853271489 0.86948677897453319 1007.5490112304689
decision_type=2 2 2 2 2 2
left_child=1 -1 4 -2 -3 -4
right_child=3 2 5 -5 -6 -7
leaf_value=-0.024428098977942524 -0.025250786953450465 0.025461320117356825 0.016955070778851611 0.025467816672800916 0.001512695513773575 -0.025219648671239756
leaf_weight=0.7283308645710348 1.4830824256641788 2.2406383156776433 0.32347049936652172 0.19408723711967457 0.96355607034638513 0.59512189740780741
leaf_count=62 125 12 3 1 23 17
internal_value=-0.000201413 0.00642968 0.011881 -0.0193815 0.0182596 -0.0103684
internal_weight=6.52829 4.85112 4.12279 1.67717 3.20419 0.918592
internal_count=243 117 55 126 35 20
is_linear=0
shrinkage=0.03


Tree=416
num_leaves=7
num_cat=0
split_feature=105 23 59 24 105 10
split_gain=1.38715 0.689929 0.473316 0.48162 0.206877 0.054403
threshold=25.35526275634766 1003.1507263183595 7.9545319080352792 27.417454719543461 24.971490859985355 19.72684478759766
decision_type=2 2 2 2 2 2
left_child=4 2 3 -2 -1 -3
right_child=1 5 -4 -5 -6 -7
leaf_value=-0.024244748915034007 -0.014669101263279546 0.025588632069282382 -0.024408319944571051 0.02418488556470906 -0.0045021703597724373 0.041559643349094871
leaf_weight=1.4315479984506967 0.44785485137254022 1.3241307851858435 0.49578324891626824 0.80006529949605465 0.71691690478473891 0.22450057975947846
leaf_count=57 12 111 15 33 12 3
internal_value=0.00109474 0.0133314 0.000389185 0.0102409 -0.0176569 0.0279039
internal_weight=5.4408 3.29233 1.7437 1.24792 2.14846 1.54863
internal_count=243 174 60 45 69 114
is_linear=0
shrinkage=0.03


Tree=417
num_leaves=7
num_cat=0
split_feature=115 30 47 6 58 49
split_gain=1.25495 0.508063 0.722731 0.981018 0.292455 0.00670716
threshold=-8.3700561523437482 15.219958782196047 27.260042190551761 44.15100288391114 41.711336135864265 6.221529722213746
decision_type=2 2 2 2 2 2
left_child=1 2 3 -1 -2 -3
right_child=4 5 -4 -5 -6 -7
leaf_value=0.010092456273349534 0.016090403379899549 0.020731467739657831 0.021973537626071085 -0.028203649906749659 -0.024273429026431412 0.025191679873506703
leaf_weight=1.3828773722052581 0.17911099409684528 0.43681360036134698 1.1833680681884287 1.0661575945559887 1.6481146028963847 0.99377771839499474
leaf_count=7 7 8 13 10 185 13
internal_value=0.000995203 0.00868668 0.00272268 -0.00657929 -0.0203168 0.0238298
internal_weight=6.89022 5.06299 3.6324 2.44903 1.82723 1.43059
internal_count=243 51 30 17 192 21
is_linear=0
shrinkage=0.03


Tree=418
num_leaves=7
num_cat=0
split_feature=71 106 11 56 105 90
split_gain=1.14634 0.445527 0.465305 0.533825 0.35581 0.258992
threshold=5.1587979793548593 0.23903508484363559 2.895560741424561 7.4948322772979745 26.046052932739261 13.81957530975342
decision_type=2 2 2 2 2 2
left_child=5 -2 4 -4 -3 -1
right_child=1 2 3 -5 -6 -7
leaf_value=-0.024385668733125147 -0.024309240846476579 0.023885043947582583 -0.025595399281391405 0.012026873696163533 -1.5945197000900985e-05 0.014488269226382557
leaf_weight=1.5199523128103463 0.34788006730377663 2.1880787014961247 0.57035648403689243 0.83834992162883282 0.75364793092012394 0.1716656289063393
leaf_count=153 11 21 24 10 17 7
internal_value=0.000735524 0.00835999 0.0109724 -0.00320562 0.0177618 -0.0204407
internal_weight=6.38993 4.69831 4.35043 1.40871 2.94173 1.69162
internal_count=243 83 72 34 38 160
is_linear=0
shrinkage=0.03


Tree=419
num_leaves=7
num_cat=0
split_feature=38 92 31 48 50 25
split_gain=1.80294 0.166827 0.298424 1.25747e-05 2.02031e-05 6.85282e-06
threshold=1006.3922729492189 18.836357116699222 1005.8462829589845 22.891697883605961 -2.520283460617065 24.400039672851566
decision_type=2 2 2 2 2 2
left_child=3 -2 -3 4 -1 -4
right_child=1 2 5 -5 -6 -7
leaf_value=-0.024930831049610903 0.023163760942271506 0.024805117794490194 -0.024604066013202641 -0.02424297894348023 -0.024337994011745721 -0.024245383620004297
leaf_weight=0.062103332835249603 1.2997305588796733 0.23847590386867512 0.075025348458439112 1.5701304990798233 0.30989691393915597 0.13278648664709181
leaf_count=9 9 1 9 152 43 20
internal_value=-0.00439204 0.0177299 0.00190468 -0.0242801 -0.024437 -0.0243749
internal_weight=3.68815 1.74602 0.446288 1.94213 0.372 0.207812
internal_count=243 39 30 204 52 29
is_linear=0
shrinkage=0.03


Tree=420
num_leaves=7
num_cat=0
split_feature=108 71 5 57 19 46
split_gain=0.883816 0.860917 0.619177 0.467335 0.417742 0.393525
threshold=7.9256286621093759 3.6286034584045415 1.4816185235977175 3.8782405853271489 0.86948677897453319 1007.5490112304689
decision_type=2 2 2 2 2 2
left_child=1 -1 4 -2 -3 -4
right_child=3 2 5 -5 -6 -7
leaf_value=-0.024411773891247379 -0.025221659259349161 0.025331616553141978 0.016632354561134911 0.02539497190410378 0.0014163211501855009 -0.02517252278597577
leaf_weight=0.69683518854435522 1.4265862237662075 2.1576771028339872 0.31359388306736935 0.18551473319530476 0.94536712986882765 0.57286345225293189
leaf_count=62 125 12 3 1 23 17
internal_value=-0.000236397 0.00635481 0.0117287 -0.0193969 0.0180456 -0.0103836
internal_weight=6.29844 4.68634 3.9895 1.6121 3.10304 0.886457
internal_count=243 117 55 126 35 20
is_linear=0
shrinkage=0.03


Tree=421
num_leaves=7
num_cat=0
split_feature=105 21 42 14 56 54
split_gain=1.32448 0.537253 0.372531 0.341026 0.324019 0.167458
threshold=24.971490859985355 60.510320663452156 -0.69878575205802906 3.9352105855941777 8.4671955108642596 27.359973907470707
decision_type=2 2 2 2 2 2
left_child=-1 2 -2 -3 -4 -5
right_child=1 3 4 5 -6 -7
leaf_value=-0.024235053650283327 -0.023317056717779585 0.026849426413187022 0.023116191993920763 -0.022029409037130725 -0.02446913925631574 0.0055398573095027754
leaf_weight=1.3717553950846193 0.18741290178149972 0.22299733618274309 2.3710792362689981 0.70331571763381362 0.13618218339979637 0.27614189218729734
leaf_count=57 3 10 140 23 3 7
internal_value=0.00111733 0.0100411 0.0174819 -0.00663351 0.0205316 -0.0142567
internal_weight=5.26888 3.89713 2.69467 1.20245 2.50726 0.979458
internal_count=243 186 146 40 143 30
is_linear=0
shrinkage=0.03


Tree=422
num_leaves=7
num_cat=0
split_feature=115 30 47 6 45 49
split_gain=1.2029 0.484985 0.687257 0.933235 0.280982 0.00683201
threshold=-8.3700561523437482 15.219958782196047 27.260042190551761 44.15100288391114 0.94426462054252636 6.221529722213746
decision_type=2 2 2 2 2 2
left_child=1 2 3 -1 -2 -3
right_child=4 5 -4 -5 -6 -7
leaf_value=0.0098811425340480825 0.016029030930633469 0.020556729101660686 0.021791752929106983 -0.028027842474272549 -0.024255722217995629 0.025140589356147873
leaf_weight=1.3575120642781264 0.17283294722437847 0.42183027043938615 1.1506371735595164 1.0263135419227181 1.5835857285419477 0.95548555999994278
leaf_count=7 4 8 13 10 188 13
internal_value=0.00101603 0.00863551 0.00275086 -0.00643989 -0.0202917 0.0237367
internal_weight=6.6682 4.91178 3.53446 2.38383 1.75642 1.37732
internal_count=243 51 30 17 192 21
is_linear=0
shrinkage=0.03


Tree=423
num_leaves=7
num_cat=0
split_feature=117 96 77 105 54 70
split_gain=1.09593 0.410655 0.47339 0.368105 0.206651 0.000925835
threshold=282.14941406250006 44.144395828247077 20.582427978515629 23.00657939910889 26.472165107727054 23.331576347351078
decision_type=2 2 2 2 2 2
left_child=-1 2 -2 -4 -3 -6
right_child=1 4 3 -5 5 -7
leaf_value=-0.024260622071882305 -0.025674778010853203 0.010218416196293878 -0.01123881842564973 0.0167203507515673 -0.024726097042486607 -0.027445766567709199
leaf_weight=1.2568051909329367 0.30164810456335533 0.2066240906715392 0.48263088334351811 3.4770437199622393 0.26853964221663773 0.19406356522813439
leaf_count=160 4 3 12 45 12 7
internal_value=0.000747133 0.00712165 0.0105527 0.0133125 -0.0147256 -0.025867
internal_weight=6.18736 4.93055 4.26132 3.95967 0.669227 0.462603
internal_count=243 83 61 57 22 19
is_linear=0
shrinkage=0.03


Tree=424
num_leaves=7
num_cat=0
split_feature=38 100 31 55 48 50
split_gain=1.7223 0.16005 0.286538 3.93588e-05 1.16254e-05 1.87386e-05
threshold=1006.3922729492189 15.841142654418947 1005.8462829589845 23.243864059448246 22.891697883605961 -2.520283460617065
decision_type=2 2 2 2 2 2
left_child=4 -2 -3 -4 5 -1
right_child=1 2 3 -5 -6 -7
leaf_value=-0.024906752555284552 0.023101008324029081 0.024766498038501773 -0.025198653443029979 -0.024268898403454305 -0.02423415608025252 -0.024326672150129128
leaf_weight=0.060263290535658598 1.2439300350379197 0.22774526476860035 0.057806645054370165 0.140756526729092 1.5084466454572973 0.29773638502229038
leaf_count=9 13 1 4 21 152 43
internal_value=-0.00446633 0.0176644 0.00180104 -0.0245396 -0.0242706 -0.0244243
internal_weight=3.53668 1.67024 0.426308 0.198563 1.86645 0.358
internal_count=243 39 26 25 204 52
is_linear=0
shrinkage=0.03


Tree=425
num_leaves=7
num_cat=0
split_feature=41 93 63 51 47 108
split_gain=0.849655 0.65407 0.621309 0.618455 0.00406888 1.28223e-05
threshold=1.1215213537216189 13.344313621520998 22.782123565673832 47.647039413452156 26.244923591613773 6.7449951171875009
decision_type=2 2 2 2 2 2
left_child=1 -1 3 -3 -2 -6
right_child=4 2 -4 -5 5 -7
leaf_value=-0.026433831081955319 -0.031608362301692595 -0.024747333512130994 -0.02517150484280074 0.015974708997969319 -0.024600103734928925 -0.024252230987784017
leaf_weight=0.53697807108983386 0.073530532419681327 0.36922575219068665 0.44227698340546329 3.6915229671867564 0.10711002489551902 0.86931729933712631
leaf_count=15 1 12 11 47 23 134
internal_value=-0.000252135 0.00486239 0.00859442 0.012272 -0.0248029 -0.0242904
internal_weight=6.08996 5.04 4.50303 4.06075 1.04996 0.976427
internal_count=243 85 70 59 158 157
is_linear=0
shrinkage=0.03


Tree=426
num_leaves=7
num_cat=0
split_feature=106 59 115 94 105 108
split_gain=1.27391 0.540658 0.538137 0.245372 0.240501 0.513687
threshold=3.1732456684112553 7.9545319080352792 -10.538574218749998 -2.0469391345977779 24.971490859985355 6.8024902343750009
decision_type=2 2 2 2 2 2
left_child=4 2 -2 -4 -1 -6
right_child=1 -3 3 -5 5 -7
leaf_value=-0.02422590362736092 -0.024504117753704778 -0.012820128035374271 -0.024636523142840955 0.026982957217948019 0.028259530199553656 -0.020291601522229558
leaf_weight=1.3158376724459233 0.21851077582687217 0.54374676942825306 0.086345940828324141 2.0636480329558249 0.29558509029448021 0.58290188759565353
leaf_count=57 8 15 2 139 8 14
internal_value=0.00115116 0.0141577 0.0203511 0.0249099 -0.0161108 -0.00395557
internal_weight=5.10658 2.91225 2.3685 2.14999 2.19432 0.878487
internal_count=243 164 149 141 79 22
is_linear=0
shrinkage=0.03


Tree=427
num_leaves=7
num_cat=0
split_feature=115 30 101 58 47 115
split_gain=1.14812 0.468164 0.732233 0.269353 0.0350289 2.00976e-05
threshold=-8.3700561523437482 14.487994194030763 -1.1636809110641477 41.711336135864265 27.252311706542972 -10.229980468749998
decision_type=2 2 2 2 2 2
left_child=1 2 -1 -2 5 -3
right_child=3 4 -4 -5 -6 -7
leaf_value=-0.016981280396495293 0.015736765491214343 0.024932773245350814 0.012792927874208639 -0.024254798473197167 0.015179568780831361 0.025191230420078533
leaf_weight=1.1649928626138715 0.16837027436122287 0.54234544187784184 2.0540992403402929 1.5195138714043421 0.45988737791776646 0.54075811803340901
leaf_count=12 7 9 15 185 8 7
internal_value=0.000994486 0.00852994 0.00201761 -0.0202655 0.0221164 0.0250618
internal_weight=6.44997 4.76208 3.21909 1.68788 1.54299 1.0831
internal_count=243 51 27 192 24 16
is_linear=0
shrinkage=0.03


Tree=428
num_leaves=7
num_cat=0
split_feature=71 115 17 37 107 24
split_gain=1.0515 0.408423 0.60059 0.523617 0.421964 0.265674
threshold=5.1587979793548593 -9.1766662597656232 25.555277824401859 3.9024465084075932 994.92337036132824 28.020015716552738
decision_type=2 2 2 2 2 2
left_child=-1 2 -2 5 -5 -3
right_child=1 3 -4 4 -6 -7
leaf_value=-0.020303613717892299 0.028811553205023724 0.024700513808148271 -0.024674488570786992 0.019239419144440141 -0.027412286276797568 0.0040171453212431776
leaf_weight=1.5729897196870295 0.2640945017337798 1.9945299774408347 0.6640219260007143 0.28296413109637786 0.45520592993125319 0.77652229461818922
leaf_count=160 1 23 23 7 12 17
internal_value=0.000771729 0.00824272 -0.00945509 0.0129234 -0.0095292 0.0189045
internal_weight=6.01033 4.43734 0.928116 3.50922 0.73817 2.77105
internal_count=243 83 24 59 19 40
is_linear=0
shrinkage=0.03


Tree=429
num_leaves=7
num_cat=0
split_feature=38 92 31 48 50 25
split_gain=1.64468 0.153498 0.272643 1.03575e-05 1.66099e-05 5.81228e-06
threshold=1006.3922729492189 18.836357116699222 1005.8462829589845 22.891697883605961 -2.520283460617065 24.400039672851566
decision_type=2 2 2 2 2 2
left_child=3 -2 -3 4 -1 -4
right_child=1 2 5 -5 -6 -7
leaf_value=-0.024871555894927087 0.023045004677041566 0.024729786339532007 -0.024565656812645751 -0.024225259489726494 -0.02431455672078003 -0.024223177213826316
leaf_weight=0.057941246079280972 1.18902968801558 0.21748143434524525 0.070633905939757824 1.4493656894192097 0.28611636476125601 0.12099490058608353
leaf_count=9 9 1 9 152 43 20
internal_value=-0.00453942 0.0175913 0.0017409 -0.0242604 -0.0244084 -0.0243494
internal_weight=3.39156 1.59814 0.40911 1.79342 0.344058 0.191629
internal_count=243 39 30 204 52 29
is_linear=0
shrinkage=0.03


Tree=430
num_leaves=7
num_cat=0
split_feature=41 53 48 50 17 87
split_gain=0.82341 0.714214 0.419495 0.353224 0.376546 0.28674
threshold=-0.64263820648193348 1007.9211730957032 23.173184394836429 -3.073529720306396 26.688161849975589 -0.29630964994430536
decision_type=2 2 2 2 2 2
left_child=-1 2 -2 4 -3 -4
right_child=1 3 5 -5 -6 -7
leaf_value=0.013984009966342702 0.025576287884326247 0.024731120341997825 0.020401201024640447 -0.024630501506102468 -0.026523692190572067 -0.024594608782968493
leaf_weight=2.2622791165485978 0.66916243731975578 0.30583816021680865 0.19221824407577515 1.8850568827474488 0.22310466622002423 0.3783648821990937
leaf_count=15 4 3 2 172 28 19
internal_value=-0.000239614 -0.00904642 0.00946197 -0.0185517 0.00311217 -0.0094364
internal_weight=5.91602 3.65375 1.23975 2.414 0.528943 0.570583
internal_count=243 228 25 203 31 21
is_linear=0
shrinkage=0.03


Tree=431
num_leaves=7
num_cat=0
split_feature=105 23 59 24 105 10
split_gain=1.22579 0.620074 0.430863 0.425206 0.185926 0.0416775
threshold=25.35526275634766 1003.1507263183595 7.9545319080352792 27.417454719543461 24.971490859985355 19.72684478759766
decision_type=2 2 2 2 2 2
left_child=4 2 3 -2 -1 -3
right_child=1 5 -4 -5 -6 -7
leaf_value=-0.024218675127925006 -0.014336971344357618 0.025495346114697674 -0.024371862056231156 0.023785602466580277 -0.0046484204368830292 0.039748292989767099
leaf_weight=1.2653965242207048 0.40942297689616702 1.1853790255263446 0.45305292308330525 0.7378689106553793 0.66731071192771185 0.2187121845781802
leaf_count=57 12 111 15 33 12 3
internal_value=0.00117597 0.0131652 0.000399306 0.0101812 -0.0174616 0.0277155
internal_weight=4.93714 3.00444 1.60034 1.14729 1.93271 1.40409
internal_count=243 174 60 45 69 114
is_linear=0
shrinkage=0.03


Tree=432
num_leaves=7
num_cat=0
split_feature=115 30 47 16 45 49
split_gain=1.09119 0.452071 0.63932 0.855293 0.259131 0.00717533
threshold=-8.3700561523437482 15.219958782196047 27.260042190551761 1003.6690063476564 0.94426462054252636 6.221529722213746
decision_type=2 2 2 2 2 2
left_child=1 2 3 -1 -2 -3
right_child=4 5 -4 -5 -6 -7
leaf_value=-0.024010482577725069 0.015693452444990888 0.020174909578239777 0.021541917908867808 0.012838889539684782 -0.024237160954923738 0.025051013563770302
leaf_weight=1.1901372002903379 0.16257158294320095 0.39181220158934571 1.0839305655099449 1.0825110971927641 1.4585092349443582 0.88529381155967712
leaf_count=11 4 8 13 6 188 13
internal_value=0.000952215 0.00836369 0.00258371 -0.00645834 -0.0202327 0.023555
internal_weight=6.25477 4.63368 3.35658 2.27265 1.62108 1.27711
internal_count=243 51 30 17 192 21
is_linear=0
shrinkage=0.03


Tree=433
num_leaves=7
num_cat=0
split_feature=117 105 16 115 32 72
split_gain=1.00957 0.389584 0.58336 0.538112 0.449319 0.140151
threshold=282.14941406250006 26.157895088195804 1001.2159118652345 -9.1766662597656232 24.927197456359867 -1.2458931803703306
decision_type=2 2 2 2 2 2
left_child=-1 3 -3 4 -2 -4
right_child=1 2 5 -5 -6 -7
leaf_value=-0.024242052032762328 0.022166638891373224 0.016892848525997983 -0.001184504303948947 0.020975066024375873 -0.02460776155457221 -0.026705885551110749
leaf_weight=1.1607516427757216 0.28948094695806492 0.66250836849212624 0.26772390212863684 2.227663548663259 0.51129642222076654 0.69997942983172834
leaf_count=160 2 11 6 28 16 20
internal_value=0.000790856 0.00702806 -0.00479633 0.0133931 -0.00769882 -0.0196452
internal_weight=5.8194 4.65865 1.63021 3.02844 0.800777 0.967703
internal_count=243 83 37 46 18 26
is_linear=0
shrinkage=0.03


Tree=434
num_leaves=7
num_cat=0
split_feature=38 100 31 55 48 50
split_gain=1.57529 0.147702 0.261983 3.35559e-05 9.56819e-06 1.52794e-05
threshold=1006.3922729492189 15.841142654418947 1005.8462829589845 23.243864059448246 22.891697883605961 -2.520283460617065
decision_type=2 2 2 2 2 2
left_child=4 -2 -3 -4 5 -1
right_child=1 2 3 -5 -6 -7
leaf_value=-0.024847866749502741 0.022996896429391719 0.024695319787273316 -0.025133928930708368 -0.024245770958573436 -0.02421702588385799 -0.024304513480745898
leaf_weight=0.056043226039037108 1.1414415095932779 0.2077888399362563 0.054476486286148429 0.12881294556427747 1.3932096529752014 0.27580359007697586
leaf_count=9 13 1 4 21 152 43
internal_value=-0.00458825 0.0175454 0.00163403 -0.0245097 -0.0242515 -0.0243963
internal_weight=3.25758 1.53252 0.391078 0.183289 1.72506 0.331847
internal_count=243 39 26 25 204 52
is_linear=0
shrinkage=0.03


end of trees

feature_importances:
synoptic__depression_mslp_anomaly_hpa=205
synoptic__trough_latitude_departure=150
synoptic__trough_mean_latitude=149
spatial__era5_msl_mean__central_india__area_weighted_mean=88
spatial__era5_wind_speed__arabian_sea_gateway__area_weighted_mean=82
spatial__era5_u10_mean__western_ghats__area_weighted_mean=82
synoptic__orographic_ghats_zonal_flux=78
spatial__gfs_tp_24h__central_india__area_weighted_mean=72
synoptic__trough_pressure_gradient_hpa=72
spatial__gfs_10v_mean__himalayan_foothills__area_weighted_mean=63
spatial__gfs_tp_24h__arabian_sea_gateway__area_weighted_mean=61
spatial__gfs_10v_mean__arabian_sea_gateway__area_weighted_mean=60
synoptic__depression_max_vorticity_s1=59
spatial__gfs_pwat_mean__domain__area_weighted_mean=53
spatial__gfs_10v_mean__central_india__area_weighted_mean=52
spatial__era5_u10_mean__domain__area_weighted_mean=46
spatial__era5_tcwv_mean__arabian_sea_gateway__area_weighted_mean=46
spatial__era5_d2m_mean__western_ghats__area_weighted_mean=42
spatial__era5_u10_mean__central_india__area_weighted_mean=40
spatial__gfs_tp_24h__himalayan_foothills__area_weighted_mean=39
spatial__era5_d2m_mean__depression_track__area_weighted_mean=36
spatial__gfs_2d_mean__arabian_sea_gateway__area_weighted_mean=36
spatial__gfs_10u_mean__northwest_india__area_weighted_mean=36
spatial__era5_v10_mean__western_ghats__area_weighted_mean=35
spatial__gfs_pwat_mean__himalayan_foothills__area_weighted_mean=35
spatial__gfs_2t_mean__arabian_sea_gateway__area_weighted_mean=32
spatial__gfs_10u_mean__central_india__area_weighted_mean=31
spatial__gfs_prmsl_mean__central_india__area_weighted_mean=28
spatial__era5_msl_mean__arabian_sea_gateway__area_weighted_mean=27
spatial__gfs_10v_mean__domain__area_weighted_mean=26
spatial__era5_d2m_mean__central_india__area_weighted_mean=26
spatial__gfs_10u_mean__arabian_sea_gateway__area_weighted_mean=26
spatial__era5_wind_speed__northwest_india__area_weighted_mean=25
spatial__era5_t2m_mean__central_india__area_weighted_mean=24
spatial__era5_t2m_mean__arabian_sea_gateway__area_weighted_mean=23
spatial__era5_t2m_mean__western_ghats__area_weighted_mean=23
spatial__gfs_10v_mean__northwest_india__area_weighted_mean=23
spatial__era5_u10_mean__himalayan_foothills__area_weighted_mean=23
spatial__gfs_prmsl_mean__depression_track__area_weighted_mean=21
spatial__era5_msl_mean__depression_track__area_weighted_mean=21
spatial__gfs_2t_mean__himalayan_foothills__area_weighted_mean=20
spatial__gfs_2d_mean__depression_track__area_weighted_mean=19
spatial__era5_v10_mean__central_india__area_weighted_mean=19
spatial__era5_t2m_mean__depression_track__area_weighted_mean=18
spatial__gfs_wind_speed__domain__area_weighted_mean=16
spatial__era5_u10_mean__northwest_india__area_weighted_mean=16
spatial__era5_v10_mean__arabian_sea_gateway__area_weighted_mean=15
spatial__era5_t2m_mean__himalayan_foothills__area_weighted_mean=15
synoptic__mfc_domain_mean_mm_day=15
spatial__gfs_pwat_mean__northwest_india__area_weighted_mean=14
synoptic__mfc_central_india_mean_mm_day=14
spatial__era5_u10_mean__arabian_sea_gateway__area_weighted_mean=13
spatial__gfs_prmsl_mean__western_ghats__area_weighted_mean=13
spatial__era5_d2m_mean__domain__area_weighted_mean=12
spatial__gfs_2t_mean__depression_track__area_weighted_mean=12
spatial__gfs_2d_mean__himalayan_foothills__area_weighted_mean=12
spatial__era5_v10_mean__himalayan_foothills__area_weighted_mean=12
spatial__era5_u10_mean__depression_track__area_weighted_mean=11
spatial__era5_tcwv_mean__depression_track__area_weighted_mean=11
spatial__era5_tcwv_mean__central_india__area_weighted_mean=11
spatial__gfs_tp_24h__depression_track__area_weighted_mean=10
spatial__gfs_10u_mean__depression_track__area_weighted_mean=10
spatial__era5_msl_mean__western_ghats__area_weighted_mean=10
spatial__gfs_prmsl_mean__northwest_india__area_weighted_mean=10
spatial__gfs_tp_24h__western_ghats__area_weighted_mean=9
spatial__gfs_10v_mean__depression_track__area_weighted_mean=8
spatial__era5_wind_speed__depression_track__area_weighted_mean=8
spatial__gfs_2d_mean__western_ghats__area_weighted_mean=8
spatial__gfs_10u_mean__himalayan_foothills__area_weighted_mean=8
spatial__gfs_2t_mean__central_india__area_weighted_mean=7
spatial__gfs_pwat_mean__central_india__area_weighted_mean=7
spatial__gfs_10v_mean__western_ghats__area_weighted_mean=7
spatial__gfs_wind_speed__western_ghats__area_weighted_mean=7
spatial__gfs_2t_mean__northwest_india__area_weighted_mean=7
spatial__gfs_prmsl_mean__arabian_sea_gateway__area_weighted_mean=6
spatial__gfs_prmsl_mean__himalayan_foothills__area_weighted_mean=6
synoptic__trough_min_pressure_hpa=6
spatial__gfs_wind_speed__central_india__area_weighted_mean=5
spatial__era5_d2m_mean__arabian_sea_gateway__area_weighted_mean=5
spatial__gfs_2t_mean__western_ghats__area_weighted_mean=5
spatial__era5_tcwv_mean__western_ghats__area_weighted_mean=5
spatial__era5_d2m_mean__northwest_india__area_weighted_mean=5
spatial__gfs_pwat_mean__depression_track__area_weighted_mean=4
spatial__era5_v10_mean__depression_track__area_weighted_mean=4
spatial__gfs_10u_mean__western_ghats__area_weighted_mean=4
spatial__gfs_2d_mean__northwest_india__area_weighted_mean=4
spatial__era5_v10_mean__northwest_india__area_weighted_mean=4
spatial__era5_d2m_mean__himalayan_foothills__area_weighted_mean=4
spatial__era5_tcwv_mean__himalayan_foothills__area_weighted_mean=4
synoptic__domain_mean_pwat_mm=4
spatial__gfs_2d_mean__domain__area_weighted_mean=3
spatial__era5_tcwv_mean__domain__area_weighted_mean=3
spatial__gfs_2d_mean__central_india__area_weighted_mean=3
spatial__gfs_pwat_mean__arabian_sea_gateway__area_weighted_mean=3
spatial__gfs_tp_24h__northwest_india__area_weighted_mean=3
spatial__gfs_wind_speed__himalayan_foothills__area_weighted_mean=3
spatial__era5_wind_speed__himalayan_foothills__area_weighted_mean=3
spatial__gfs_prmsl_mean__domain__area_weighted_mean=2
spatial__era5_wind_speed__domain__area_weighted_mean=2
synoptic__nw_india_min_mslp_hpa=2
spatial__gfs_tp_24h__domain__area_weighted_mean=1
spatial__gfs_wind_speed__depression_track__area_weighted_mean=1
spatial__era5_wind_speed__central_india__area_weighted_mean=1
spatial__era5_wind_speed__western_ghats__area_weighted_mean=1
synoptic__low_latitude_inflow_meridional_ms=1
synoptic__low_latitude_kinetic_energy=1

parameters:
[boosting: gbdt]
[objective: multiclass]
[metric: multi_logloss]
[tree_learner: serial]
[device_type: cpu]
[data_sample_strategy: bagging]
[data: ]
[valid: ]
[num_iterations: 300]
[learning_rate: 0.03]
[num_leaves: 7]
[num_threads: 1]
[seed: 42]
[deterministic: 1]
[force_col_wise: 1]
[force_row_wise: 0]
[histogram_pool_size: -1]
[max_depth: 4]
[min_data_in_leaf: 8]
[min_sum_hessian_in_leaf: 0.001]
[bagging_fraction: 1]
[pos_bagging_fraction: 1]
[neg_bagging_fraction: 1]
[bagging_freq: 0]
[bagging_seed: 400]
[bagging_by_query: 0]
[feature_fraction: 1]
[feature_fraction_bynode: 1]
[feature_fraction_seed: 30056]
[extra_trees: 0]
[extra_seed: 12879]
[early_stopping_round: 0]
[early_stopping_min_delta: 0]
[first_metric_only: 0]
[max_delta_step: 0]
[lambda_l1: 0]
[lambda_l2: 0]
[linear_lambda: 0]
[min_gain_to_split: 0]
[drop_rate: 0.1]
[max_drop: 50]
[skip_drop: 0.5]
[xgboost_dart_mode: 0]
[uniform_drop: 0]
[drop_seed: 17869]
[top_rate: 0.2]
[other_rate: 0.1]
[min_data_per_group: 100]
[max_cat_threshold: 32]
[cat_l2: 10]
[cat_smooth: 10]
[max_cat_to_onehot: 4]
[top_k: 20]
[monotone_constraints: ]
[monotone_constraints_method: basic]
[monotone_penalty: 0]
[feature_contri: ]
[forcedsplits_filename: ]
[refit_decay_rate: 0.9]
[cegb_tradeoff: 1]
[cegb_penalty_split: 0]
[cegb_penalty_feature_lazy: ]
[cegb_penalty_feature_coupled: ]
[path_smooth: 0]
[interaction_constraints: ]
[verbosity: -1]
[saved_feature_importance_type: 0]
[use_quantized_grad: 0]
[num_grad_quant_bins: 4]
[quant_train_renew_leaf: 0]
[stochastic_rounding: 1]
[linear_tree: 0]
[max_bin: 255]
[max_bin_by_feature: ]
[min_data_in_bin: 3]
[bin_construct_sample_cnt: 200000]
[data_random_seed: 175]
[is_enable_sparse: 1]
[enable_bundle: 1]
[use_missing: 1]
[zero_as_missing: 0]
[feature_pre_filter: 1]
[pre_partition: 0]
[two_round: 0]
[header: 0]
[label_column: ]
[weight_column: ]
[group_column: ]
[ignore_column: ]
[categorical_feature: ]
[forcedbins_filename: ]
[precise_float_parser: 0]
[parser_config_file: ]
[objective_seed: 16083]
[num_class: 5]
[is_unbalance: 0]
[scale_pos_weight: 1]
[sigmoid: 1]
[boost_from_average: 1]
[reg_sqrt: 0]
[alpha: 0.9]
[fair_c: 1]
[poisson_max_delta_step: 0.7]
[tweedie_variance_power: 1.5]
[lambdarank_truncation_level: 30]
[lambdarank_norm: 1]
[label_gain: ]
[lambdarank_position_bias_regularization: 0]
[eval_at: ]
[multi_error_top_k: 1]
[auc_mu_weights: ]
[num_machines: 1]
[local_listen_port: 12400]
[time_out: 120]
[machine_list_filename: ]
[machines: ]
[gpu_platform_id: -1]
[gpu_device_id: -1]
[gpu_device_id_list: ]
[gpu_use_dp: 0]
[num_gpu: 1]

end of parameters

pandas_categorical:null
